match_id,round_num,n_ticks,bomb_plant_tick,winning_side,ct_freeze_time_end_eq_val,t_freeze_time_end_eq_val,ct_flash_opp,t_flash_opp,ct_flashed,t_flashed,ct_avg_flash_duration,t_avg_flash_duration,ct_kills,t_kills,ct_first_kill,ct_hs_prob,t_hs_prob,ct_trade_prob,t_trade_prob,ct_flash_kill_prob,t_flash_kill_prob,ct_assist_prob,t_assist_prob,ct_kast_prob,t_kast_prob,ct_shot_fires,t_shot_fires,ct_shot_connected_prob,t_shot_connected_prob,ct_he_grenade,ct_decoy_grenade,ct_flashbang,ct_smoke_grenade,t_flashbang,t_smoke_grenade,t_he_grenade,t_decoy_grenade,ct_grenade_connected_prob,t_grenade_connected_prob,ct_fire_grenade,t_fire_grenade,round_end_reason_BombDefused,round_end_reason_CTWin,round_end_reason_TargetBombed,round_end_reason_TargetSaved,round_end_reason_TerroristsWin,freeze_time_end_eq_val_diff
bfa9bbbe-bd16-4713-bd99-745378db05cb,1,13026,9411,0,4300,4350,0,0,0,0,0.0,0.0,3,5,1,0.6666666666666666,1.0,0.3333333333333333,0.0,0.0,0.0,0.0,0.0,0.6,0.4,54,69,0.3333333333333333,0.2028985507246377,1,0,0,0,2,2,1,0,0.0,0.0,0,0,0,0,0,0,1,-50
bfa9bbbe-bd16-4713-bd99-745378db05cb,2,29455,24206,0,10600,18000,0,12,9,3,2.574380874633789,0.4615976810455322,1,3,1,0.0,1.0,0.0,0.3333333333333333,0.0,0.6666666666666666,1.0,0.3333333333333333,0.4,0.8,20,92,0.15,0.13043478260869565,2,0,0,3,7,4,2,0,0.0,0.0,0,4,0,0,1,0,0,-7400
bfa9bbbe-bd16-4713-bd99-745378db05cb,3,51519,46270,0,5300,22000,0,7,6,1,3.5552642345428467,0.6196361184120178,1,3,1,1.0,0.6666666666666666,0.0,0.3333333333333333,0.0,0.3333333333333333,0.0,1.0,0.2,0.8,36,101,0.19444444444444445,0.09900990099009901,0,0,0,0,5,4,2,0,0.0,0.0,0,4,0,0,1,0,0,-16700
bfa9bbbe-bd16-4713-bd99-745378db05cb,4,98753,-1,1,27450,27550,0,7,6,1,1.6666584014892578,0.9436952471733093,3,5,1,0.3333333333333333,0.2,0.3333333333333333,0.4,0.0,0.0,0.0,0.2,0.4,0.6,90,145,0.08888888888888889,0.09655172413793103,3,0,0,4,3,5,1,0,0.0,0.0,4,4,0,0,0,1,0,-100
bfa9bbbe-bd16-4713-bd99-745378db05cb,5,113164,-1,1,18350,26650,0,20,14,6,3.2477588653564453,3.1558258533477783,5,1,1,0.2,1.0,0.0,0.0,0.2,0.0,0.4,0.0,0.8,0.2,188,72,0.13297872340425532,0.1111111111111111,1,0,0,3,6,4,2,0,0.0,0.0,3,2,0,1,0,0,0,-8300
bfa9bbbe-bd16-4713-bd99-745378db05cb,6,130356,-1,1,30550,2150,1,0,0,1,0.0,3.684420347213745,5,2,0,0.2,0.5,0.0,0.5,0.0,0.0,0.4,0.0,0.8,0.4,84,24,0.14285714285714285,0.16666666666666666,4,0,1,3,0,0,0,0,0.0,0.0,5,0,0,1,0,0,0,28400
bfa9bbbe-bd16-4713-bd99-745378db05cb,7,144598,139350,0,30250,24150,4,15,8,11,2.287808895111084,1.5670489072799683,1,2,0,0.0,0.5,0.0,0.0,0.0,0.5,0.0,0.5,0.6,0.8,45,53,0.044444444444444446,0.09433962264150944,2,0,1,3,6,4,1,0,0.0,0.0,5,4,0,0,1,0,0,6100
bfa9bbbe-bd16-4713-bd99-745378db05cb,8,152706,-1,1,29850,25100,0,12,9,3,2.4255661964416504,0.5604953765869141,5,1,1,0.2,0.0,0.2,0.0,0.0,1.0,0.0,0.0,0.8,0.2,89,90,0.11235955056179775,0.08888888888888889,2,0,0,4,5,4,2,0,0.0,0.0,3,4,0,1,0,0,0,4750
bfa9bbbe-bd16-4713-bd99-745378db05cb,9,169822,165217,0,30450,11100,0,0,0,0,0.0,0.0,4,5,1,0.5,0.8,0.25,0.0,0.0,0.0,0.0,0.2,0.6,0.6,66,61,0.19696969696969696,0.14754098360655737,3,0,2,5,3,5,1,0,0.0,0.0,4,1,0,0,0,0,1,19350
bfa9bbbe-bd16-4713-bd99-745378db05cb,10,182440,178111,0,5250,25350,0,18,13,5,3.2184269428253174,0.923530101776123,0,5,0,0.0,0.6,0.0,0.0,0.0,0.4,0.0,0.4,0.0,1.0,22,204,0.09090909090909091,0.06862745098039216,2,0,0,2,7,5,1,0,0.0,0.0,0,5,0,0,0,0,1,-20100
bfa9bbbe-bd16-4713-bd99-745378db05cb,11,202811,199419,1,24700,25700,0,13,8,5,3.5868678092956543,2.149252414703369,5,4,1,0.6,0.5,0.0,0.25,0.0,0.25,0.2,0.25,0.8,0.6,116,123,0.15517241379310345,0.12195121951219512,0,0,0,4,5,5,2,0,0.0,0.0,4,5,1,0,0,0,0,-1000
bfa9bbbe-bd16-4713-bd99-745378db05cb,12,217692,216549,1,24650,24800,2,16,15,3,2.2539587020874023,2.566385507583618,5,1,1,0.4,1.0,0.2,0.0,0.2,0.0,0.0,0.0,0.8,0.2,101,35,0.09900990099009901,0.02857142857142857,0,0,1,2,6,2,1,0,0.0,0.0,2,3,1,0,0,0,0,-150
bfa9bbbe-bd16-4713-bd99-745378db05cb,13,233914,230492,1,30550,20850,2,12,7,7,2.6785664558410645,1.270647644996643,5,2,1,0.8,0.5,0.0,0.0,0.2,0.0,0.0,0.5,0.6,0.4,91,105,0.17582417582417584,0.09523809523809523,5,0,3,4,8,5,1,0,0.0,0.0,4,5,1,0,0,0,0,9700
bfa9bbbe-bd16-4713-bd99-745378db05cb,14,243249,-1,1,26200,10650,0,4,3,1,3.7912771701812744,0.9754087328910828,5,1,1,0.8,1.0,0.2,1.0,0.0,0.0,0.0,1.0,0.8,0.2,51,38,0.23529411764705882,0.07894736842105263,3,0,0,2,3,3,2,0,0.0,0.0,3,0,0,1,0,0,0,15550
bfa9bbbe-bd16-4713-bd99-745378db05cb,15,260786,-1,1,32750,23450,6,3,5,4,3.247576951980591,1.5659403800964355,4,1,1,0.25,1.0,0.0,0.0,0.25,0.0,0.0,0.0,0.8,0.2,137,68,0.043795620437956206,0.029411764705882353,4,0,3,5,3,5,1,0,0.0,0.0,5,3,0,0,0,1,0,9300
bfa9bbbe-bd16-4713-bd99-745378db05cb,16,301939,298084,0,4250,4750,0,0,0,0,0.0,0.0,4,5,0,1.0,0.8,0.0,0.0,0.0,0.0,0.0,0.2,0.6,0.4,71,128,0.18309859154929578,0.1171875,0,0,0,0,0,0,1,1,0.0,0.0,0,0,0,0,0,0,1,-500
bfa9bbbe-bd16-4713-bd99-745378db05cb,17,317039,-1,1,10100,19100,0,1,1,0,0.7697351574897766,0.0,5,1,0,0.4,1.0,0.0,0.0,0.0,0.0,0.2,0.0,0.8,0.2,30,136,0.3333333333333333,0.125,2,0,0,4,1,3,4,0,0.0,0.0,0,3,0,1,0,0,0,-9000
bfa9bbbe-bd16-4713-bd99-745378db05cb,18,339028,333781,0,25200,7750,1,2,1,2,0.9602153897285461,4.171917915344238,2,4,0,0.0,0.5,0.0,0.25,0.0,0.0,0.0,0.25,0.4,0.6,56,54,0.2857142857142857,0.14814814814814814,2,0,1,4,2,1,1,0,0.0,0.0,4,0,0,0,1,0,0,17450
bfa9bbbe-bd16-4713-bd99-745378db05cb,19,356948,-1,1,13750,24550,1,1,1,1,0.3203849196434021,1.0944851636886597,4,1,1,0.75,0.0,0.0,0.0,0.0,0.0,0.25,0.0,0.8,0.2,85,131,0.12941176470588237,0.07633587786259542,2,0,1,2,1,3,3,0,0.0,0.0,1,4,0,0,0,1,0,-10800
bfa9bbbe-bd16-4713-bd99-745378db05cb,20,374868,-1,1,24450,14250,8,1,5,4,2.1377995014190674,1.757331132888794,5,2,1,0.6,0.5,0.0,0.0,0.0,0.5,0.0,0.5,0.8,0.4,65,67,0.18461538461538463,0.08955223880597014,2,0,4,4,2,3,1,0,0.0,0.0,5,2,0,0,0,1,0,10200
bfa9bbbe-bd16-4713-bd99-745378db05cb,21,398657,-1,1,29700,1100,0,0,0,0,0.0,0.0,4,1,1,0.0,1.0,0.0,1.0,0.0,0.0,0.25,1.0,0.8,0.2,138,47,0.09420289855072464,0.1276595744680851,3,0,0,5,0,0,0,0,0.0,0.0,3,0,0,0,0,1,0,28600
bfa9bbbe-bd16-4713-bd99-745378db05cb,22,412470,410222,1,29900,23000,1,3,4,0,3.4641382694244385,0.0,4,0,1,0.25,0.0,0.0,0.0,0.0,0.0,0.25,0.0,1.0,0.2,150,72,0.06,0.027777777777777776,3,0,1,5,2,2,2,0,0.0,0.0,1,1,1,0,0,0,0,6900
bfa9bbbe-bd16-4713-bd99-745378db05cb,23,424834,-1,1,30500,21850,0,2,2,0,3.9776031970977783,0.0,5,1,1,0.4,1.0,0.0,1.0,0.0,0.0,0.2,0.0,0.8,0.2,125,63,0.12,0.06349206349206349,2,0,0,4,1,4,1,0,0.0,0.0,4,1,0,1,0,0,0,8650
bfa9bbbe-bd16-4713-bd99-745378db05cb,24,442754,-1,1,30850,12100,1,3,3,1,1.7757898569107056,3.1830692291259766,4,0,1,0.5,0.0,0.0,0.0,0.0,0.0,0.0,0.0,1.0,0.2,77,50,0.15584415584415584,0.02,3,0,1,4,4,3,1,0,0.0,0.0,3,0,0,0,0,1,0,18750
bfa9bbbe-bd16-4713-bd99-745378db05cb,25,457130,-1,1,31150,24900,4,0,1,3,1.3125663995742798,1.8582559823989868,5,0,1,0.4,0.0,0.0,0.0,0.0,0.0,0.0,0.0,1.0,0.0,97,81,0.1134020618556701,0.037037037037037035,2,0,1,5,1,4,2,0,0.0,0.0,5,4,0,1,0,0,0,6250
bfa9bbbe-bd16-4713-bd99-745378db05cb,26,469378,-1,1,30750,10150,5,0,1,4,0.9710692763328552,3.566786766052246,5,1,1,0.4,1.0,0.2,1.0,0.0,0.0,0.0,1.0,0.8,0.2,51,17,0.2549019607843137,0.17647058823529413,3,0,2,2,0,3,1,0,0.0,0.0,2,2,0,1,0,0,0,20600
bfa9bbbe-bd16-4713-bd99-745378db05cb,27,483827,-1,1,31950,26100,4,0,1,3,1.2977429628372192,2.891893148422241,5,1,1,0.6,0.0,0.2,0.0,0.0,0.0,0.2,0.0,0.8,0.2,105,125,0.1523809523809524,0.032,2,0,4,5,2,2,2,0,0.0,0.0,4,3,0,1,0,0,0,5850
bc33710d-1499-4a28-b981-ad5b0eb061a1,1,12010,6755,0,4350,4550,8,9,7,10,3.052990436553955,1.2147047519683838,2,2,0,1.0,1.0,0.0,0.0,0.0,1.0,0.0,0.0,0.6,0.6,40,66,0.05,0.045454545454545456,0,0,2,1,4,2,0,0,0.0,0.0,0,0,0,0,1,0,0,-200
bc33710d-1499-4a28-b981-ad5b0eb061a1,2,31093,25839,0,10500,19050,1,6,2,5,2.305642604827881,1.0588963031768799,1,3,0,0.0,0.3333333333333333,0.0,0.3333333333333333,0.0,0.0,0.0,0.3333333333333333,0.4,0.8,26,67,0.3076923076923077,0.16417910447761194,1,0,1,1,3,3,1,0,0.0,0.0,0,4,0,0,1,0,0,-8550
bc33710d-1499-4a28-b981-ad5b0eb061a1,3,44201,39874,0,6000,22200,1,1,2,0,2.2515835762023926,0.0,2,5,0,0.5,0.4,0.5,0.2,0.0,0.0,0.0,0.2,0.2,0.8,59,94,0.1864406779661017,0.1702127659574468,0,0,1,0,5,4,3,0,0.0,0.0,0,5,0,0,0,0,1,-16200
bc33710d-1499-4a28-b981-ad5b0eb061a1,4,61830,60059,0,28450,26200,10,7,11,6,2.9200971126556396,2.0326619148254395,3,5,0,0.0,0.6,0.3333333333333333,0.2,0.0,0.2,0.3333333333333333,0.2,0.6,0.6,71,73,0.09859154929577464,0.1643835616438356,4,0,4,3,5,3,2,0,0.0,0.0,4,4,0,0,0,0,1,2250
bc33710d-1499-4a28-b981-ad5b0eb061a1,5,76504,71250,0,5450,27200,0,6,4,2,1.408787488937378,0.7440369129180908,2,4,1,0.5,0.25,0.5,0.0,0.0,0.0,0.0,0.0,0.4,0.6,49,123,0.22448979591836735,0.056910569105691054,2,0,0,3,5,5,3,0,0.0,0.0,0,5,0,0,1,0,0,-21750
bc33710d-1499-4a28-b981-ad5b0eb061a1,6,95804,90825,1,28000,28150,9,14,5,18,1.9208219051361084,1.8671188354492188,5,2,0,0.4,0.5,0.0,0.5,0.0,0.0,0.4,0.5,0.6,0.4,140,182,0.14285714285714285,0.038461538461538464,2,0,3,4,9,6,1,0,0.0,0.0,3,5,1,0,0,0,0,-150
bc33710d-1499-4a28-b981-ad5b0eb061a1,7,119605,117464,0,30750,27150,8,19,19,8,1.45097017288208,1.223496913909912,3,5,1,0.0,0.6,0.0,0.2,0.3333333333333333,0.2,0.0,0.2,0.4,0.6,119,118,0.10084033613445378,0.09322033898305085,5,0,4,5,9,5,1,0,0.23529411764705882,0.0,3,5,0,0,0,0,1,3600
bc33710d-1499-4a28-b981-ad5b0eb061a1,8,133173,-1,1,21150,25300,0,9,6,3,1.3496356010437012,2.2991085052490234,5,1,1,0.0,1.0,0.2,0.0,0.4,1.0,0.2,0.0,0.8,0.2,27,41,0.4074074074074074,0.04878048780487805,2,0,0,3,4,2,0,0,0.0,0.0,0,2,0,1,0,0,0,-4150
bc33710d-1499-4a28-b981-ad5b0eb061a1,9,146074,-1,1,29050,3350,0,6,4,2,3.4903981685638428,1.156808614730835,5,2,1,0.2,0.5,0.2,0.5,0.0,0.0,0.6,0.5,0.6,0.4,66,25,0.10606060606060606,0.2,4,0,0,1,2,0,0,0,0.25,0.0,3,0,0,1,0,0,0,25700
bc33710d-1499-4a28-b981-ad5b0eb061a1,10,168233,162978,0,31150,23300,4,14,4,14,3.1726462841033936,1.114817500114441,1,2,1,0.0,0.5,0.0,0.0,1.0,1.0,0.0,0.0,0.6,0.8,57,80,0.07017543859649122,0.0625,1,0,2,4,4,5,2,0,0.0,0.0,5,3,0,0,1,0,0,7850
bc33710d-1499-4a28-b981-ad5b0eb061a1,11,183748,-1,1,30950,25200,0,8,3,5,1.3701494932174683,1.420840859413147,5,3,0,0.4,0.3333333333333333,0.2,0.3333333333333333,0.0,0.0,0.0,0.3333333333333333,0.4,0.4,95,97,0.18947368421052632,0.061855670103092786,5,0,1,5,8,4,2,0,0.07142857142857142,0.0,3,5,0,1,0,0,0,5750
bc33710d-1499-4a28-b981-ad5b0eb061a1,12,195623,192051,0,30250,18050,6,5,3,8,0.6357342600822449,2.4832406044006348,4,5,1,0.0,0.8,0.0,0.4,0.5,0.0,0.0,0.0,0.6,0.6,60,54,0.3,0.2222222222222222,2,0,3,2,3,3,0,0,0.0,0.0,2,2,0,0,0,0,1,12200
bc33710d-1499-4a28-b981-ad5b0eb061a1,13,214730,209475,0,15850,21400,5,4,7,2,1.8567352294921875,1.631279706954956,2,3,0,0.5,0.3333333333333333,0.0,0.0,0.0,0.0,0.0,0.3333333333333333,0.4,0.6,45,120,0.15555555555555556,0.08333333333333333,1,0,3,3,4,2,1,0,0.0,0.0,1,3,0,0,1,0,0,-5550
bc33710d-1499-4a28-b981-ad5b0eb061a1,14,234334,-1,1,10250,24500,3,12,9,6,2.471916913986206,1.2678570747375488,5,3,0,0.4,0.6666666666666666,0.2,0.6666666666666666,0.0,0.0,0.2,0.3333333333333333,0.8,0.4,52,85,0.23076923076923078,0.16470588235294117,1,0,1,0,6,4,2,0,0.0,0.0,0,5,0,1,0,0,0,-14250
bc33710d-1499-4a28-b981-ad5b0eb061a1,15,251215,-1,1,29500,16550,4,2,3,3,1.8352090120315552,2.1272311210632324,5,2,0,0.4,0.0,0.0,0.0,0.0,0.5,0.2,0.0,0.8,0.4,95,101,0.16842105263157894,0.1188118811881188,4,0,3,4,3,3,0,0,0.1875,0.0,5,2,0,1,0,0,0,12950
bc33710d-1499-4a28-b981-ad5b0eb061a1,16,291050,-1,1,4550,4950,3,2,0,5,0.0,3.1905150413513184,5,3,1,1.0,1.0,0.2,0.3333333333333333,0.2,0.0,0.4,0.0,0.6,0.4,59,46,0.22033898305084745,0.15217391304347827,0,0,1,1,2,2,0,0,0.0,0.0,0,1,0,1,0,0,0,-400
bc33710d-1499-4a28-b981-ad5b0eb061a1,17,303387,-1,1,19750,10500,5,17,20,2,2.5621566772460938,2.7566099166870117,5,0,1,0.8,0.0,0.0,0.0,0.2,0.0,0.2,0.0,1.0,0.0,111,33,0.16216216216216217,0.12121212121212122,3,0,5,4,8,2,0,0,0.0,0.0,2,1,0,1,0,0,0,9250
bc33710d-1499-4a28-b981-ad5b0eb061a1,18,317685,-1,1,23250,2600,2,2,2,2,3.9354238510131836,0.26744890213012695,5,1,0,0.2,1.0,0.0,0.0,0.0,0.0,0.2,0.0,0.8,0.2,184,23,0.09782608695652174,0.08695652173913043,4,0,3,3,1,0,1,0,0.0,0.0,5,0,0,1,0,0,0,20650
bc33710d-1499-4a28-b981-ad5b0eb061a1,19,339688,334435,0,27150,25100,1,2,0,3,0.0,1.6144585609436035,2,4,0,0.5,0.5,0.0,0.0,0.0,0.0,0.5,0.0,0.4,0.6,80,198,0.1375,0.09595959595959595,5,0,5,4,4,5,3,0,0.0,0.0,5,5,0,0,1,0,0,2050
bc33710d-1499-4a28-b981-ad5b0eb061a1,20,357036,-1,1,30300,22500,3,40,17,26,2.8284051418304443,1.536717176437378,5,1,1,0.2,1.0,0.2,0.0,0.2,1.0,0.2,0.0,0.8,0.2,73,56,0.2054794520547945,0.125,4,0,2,3,8,4,2,0,0.0,0.0,3,3,0,1,0,0,0,7800
bc33710d-1499-4a28-b981-ad5b0eb061a1,21,377041,374908,0,31300,19500,9,3,7,5,0.9207659959793091,1.6454861164093018,3,5,0,0.6666666666666666,0.0,0.0,0.4,0.0,0.2,0.3333333333333333,0.2,0.6,0.6,60,80,0.1,0.175,3,1,4,4,4,3,0,0,0.0,0.0,5,0,0,0,0,0,1,11800
bc33710d-1499-4a28-b981-ad5b0eb061a1,22,396408,391457,0,2000,23950,0,3,2,1,0.9191105365753174,0.4781494438648224,2,5,1,1.0,0.4,0.0,0.2,0.0,0.0,0.0,0.0,0.4,0.6,17,53,0.35294117647058826,0.2830188679245283,0,0,0,0,2,2,0,0,0.0,0.0,0,3,0,0,0,0,1,-21950
bc33710d-1499-4a28-b981-ad5b0eb061a1,23,415770,412930,1,25400,24950,7,16,8,15,2.570427894592285,2.1435751914978027,5,3,1,0.2,0.0,0.2,0.3333333333333333,0.2,0.0,0.6,0.3333333333333333,0.6,0.4,72,56,0.1388888888888889,0.17857142857142858,3,0,5,6,8,4,0,0,0.0,0.0,3,4,1,0,0,0,0,450
bc33710d-1499-4a28-b981-ad5b0eb061a1,24,428086,426528,0,27850,21900,2,13,5,10,1.7074146270751953,1.4648027420043945,2,5,0,1.0,0.6,0.5,0.2,0.0,0.2,0.5,0.4,0.4,0.6,39,52,0.07692307692307693,0.15384615384615385,4,0,3,3,7,2,4,0,0.0,0.25,3,3,0,0,0,0,1,5950
bc33710d-1499-4a28-b981-ad5b0eb061a1,25,443579,438324,0,8200,27750,0,21,9,12,1.538940191268921,0.9192066788673401,0,2,0,0.0,0.5,0.0,0.0,0.0,1.0,0.0,0.0,0.6,1.0,9,197,0.0,0.04568527918781726,4,0,0,2,8,4,2,0,0.0,0.0,0,5,0,0,1,0,0,-19550
bc33710d-1499-4a28-b981-ad5b0eb061a1,26,461501,456248,0,7500,28150,7,32,18,21,2.4244580268859863,1.4634872674942017,0,3,0,0.0,0.0,0.0,0.0,0.0,0.3333333333333333,0.0,0.0,0.4,1.0,21,233,0.09523809523809523,0.04721030042918455,0,0,2,2,9,4,1,0,0.0,0.0,0,5,0,0,1,0,0,-20650
bc33710d-1499-4a28-b981-ad5b0eb061a1,27,480550,477545,1,25050,28650,10,5,5,10,2.979102611541748,2.4615180492401123,5,2,1,0.6,0.5,0.0,0.0,0.0,0.5,0.0,0.0,0.8,0.4,120,60,0.09166666666666666,0.16666666666666666,3,1,6,3,7,6,1,0,0.0,0.0,2,4,1,0,0,0,0,-3600
bc33710d-1499-4a28-b981-ad5b0eb061a1,28,495386,490131,0,28200,27550,6,12,11,7,2.848694086074829,3.005225658416748,1,2,1,1.0,1.0,0.0,0.5,0.0,0.0,1.0,0.0,0.6,0.8,41,84,0.0975609756097561,0.05952380952380952,3,0,3,3,6,5,0,0,0.0,0.0,2,4,0,0,1,0,0,650
bc33710d-1499-4a28-b981-ad5b0eb061a1,29,516470,511215,0,28000,27750,4,7,4,7,3.5823757648468018,1.9008859395980835,2,3,1,0.5,0.3333333333333333,0.0,0.3333333333333333,0.0,0.3333333333333333,0.5,0.0,0.4,0.4,41,58,0.24390243902439024,0.15517241379310345,4,1,1,2,4,5,1,0,0.0,0.0,3,3,0,0,1,0,0,250
bc33710d-1499-4a28-b981-ad5b0eb061a1,30,535621,531947,0,17700,28850,7,10,7,10,2.768277645111084,3.2316765785217285,4,5,1,0.5,0.4,0.0,0.4,0.25,0.0,0.25,0.4,0.6,0.4,87,97,0.14942528735632185,0.13402061855670103,2,1,3,4,7,5,3,0,0.0,0.0,2,5,0,0,0,0,1,-11150
bc33710d-1499-4a28-b981-ad5b0eb061a1,31,580129,-1,1,28850,25100,12,7,8,11,2.17745041847229,2.3745334148406982,5,3,1,0.2,0.6666666666666666,0.0,0.3333333333333333,0.2,0.0,0.0,0.3333333333333333,0.6,0.4,108,116,0.1388888888888889,0.10344827586206896,4,0,5,5,7,3,1,0,0.0,0.21428571428571427,4,3,0,1,0,0,0,3750
bc33710d-1499-4a28-b981-ad5b0eb061a1,32,593823,-1,1,30550,25100,6,18,14,10,2.286905527114868,1.773973822593689,5,1,1,0.0,1.0,0.0,1.0,0.4,1.0,0.0,0.0,0.8,0.2,111,48,0.12612612612612611,0.020833333333333332,4,0,3,5,8,4,1,0,0.0,0.0,5,3,0,1,0,0,0,5450
bc33710d-1499-4a28-b981-ad5b0eb061a1,33,605823,-1,1,32550,22400,3,0,1,2,2.135575771331787,1.5325835943222046,5,2,1,0.6,0.0,0.0,0.5,0.0,0.0,0.0,0.0,0.6,0.2,87,59,0.1724137931034483,0.15254237288135594,2,0,3,3,1,1,0,0,0.0,0.0,4,3,0,1,0,0,0,10150
bc33710d-1499-4a28-b981-ad5b0eb061a1,34,625533,621641,1,30200,27350,13,1,6,8,1.971095085144043,2.182164192199707,5,3,1,0.4,0.6666666666666666,0.2,0.0,0.2,0.0,0.0,0.0,0.6,0.6,96,87,0.13541666666666666,0.09195402298850575,5,0,6,4,6,5,2,0,0.0,0.0,4,4,1,0,0,0,0,2850
bc33710d-1499-4a28-b981-ad5b0eb061a1,35,639371,638676,0,31500,27250,5,6,4,7,2.8797178268432617,2.764176607131958,3,5,1,0.3333333333333333,0.8,0.0,0.0,0.0,0.0,0.0,0.2,0.4,0.6,70,87,0.1,0.13793103448275862,4,0,3,1,8,4,1,0,0.0,0.0,3,4,0,0,0,0,1,4250
5173e846-4ae1-484f-b5c6-b2f0b51b12f8,1,11735,-1,1,4350,4550,0,0,0,0,0.0,0.0,5,3,1,0.6,0.6666666666666666,0.2,0.0,0.0,0.0,0.0,0.3333333333333333,0.8,0.4,81,84,0.2345679012345679,0.17857142857142858,0,0,0,1,0,1,1,0,0.0,0.0,0,0,0,1,0,0,0,-200
5173e846-4ae1-484f-b5c6-b2f0b51b12f8,2,22610,-1,1,19550,1500,0,0,0,0,0.0,0.0,5,1,1,0.8,0.0,0.2,0.0,0.0,0.0,0.4,0.0,0.8,0.2,62,37,0.1935483870967742,0.16216216216216217,4,1,0,4,0,0,0,0,0.0,0.0,3,0,0,1,0,0,0,18050
5173e846-4ae1-484f-b5c6-b2f0b51b12f8,3,39955,-1,1,23900,23200,4,1,5,0,2.232220411300659,0.0,5,3,0,0.4,0.3333333333333333,0.2,0.3333333333333333,0.0,0.0,0.2,0.3333333333333333,0.6,0.4,146,145,0.1506849315068493,0.08275862068965517,4,0,2,5,1,4,1,0,0.0,0.375,4,2,0,1,0,0,0,700
5173e846-4ae1-484f-b5c6-b2f0b51b12f8,4,52925,-1,1,26450,6100,2,7,7,2,0.9735435247421265,1.9025146961212158,5,1,1,0.2,0.0,0.2,0.0,0.0,0.0,0.2,1.0,0.8,0.2,180,41,0.12222222222222222,0.17073170731707318,4,0,2,4,3,2,2,0,0.0,0.0,2,1,0,1,0,0,0,20350
5173e846-4ae1-484f-b5c6-b2f0b51b12f8,5,75677,-1,1,30400,26050,6,9,4,11,0.9320719838142395,1.4991867542266846,4,1,0,0.25,0.0,0.0,0.0,0.0,0.0,0.0,1.0,0.8,0.2,100,124,0.11,0.08064516129032258,4,0,3,4,5,4,1,0,0.0,0.0,6,2,0,0,0,1,0,4350
5173e846-4ae1-484f-b5c6-b2f0b51b12f8,6,89436,-1,1,31750,11450,4,0,1,3,1.0038691759109497,3.768995523452759,5,0,1,0.2,0.0,0.0,0.0,0.0,0.0,0.4,0.0,1.0,0.0,93,18,0.12903225806451613,0.1111111111111111,3,0,3,5,0,3,1,0,0.0,0.0,5,0,0,1,0,0,0,20300
5173e846-4ae1-484f-b5c6-b2f0b51b12f8,7,106319,101546,1,32450,23600,5,5,6,4,1.2537176609039307,1.2555617094039917,5,2,1,0.4,0.5,0.2,0.0,0.2,0.0,0.0,0.0,0.6,0.2,84,78,0.11904761904761904,0.11538461538461539,3,0,2,3,2,4,3,0,0.0,0.0,4,3,1,0,0,0,0,8850
5173e846-4ae1-484f-b5c6-b2f0b51b12f8,8,117094,113560,1,32850,22700,0,2,2,0,0.9181891679763794,0.0,5,4,0,0.2,0.25,0.4,0.25,0.0,0.0,0.4,0.0,0.6,0.6,64,90,0.265625,0.16666666666666666,3,0,1,2,2,4,2,0,0.0,0.0,5,1,1,0,0,0,0,10150
5173e846-4ae1-484f-b5c6-b2f0b51b12f8,9,133454,-1,1,31000,23800,1,3,4,0,1.3455606698989868,0.0,5,4,1,0.2,0.5,0.2,0.0,0.0,0.0,0.2,0.25,0.6,0.4,108,43,0.17592592592592593,0.20930232558139536,4,0,1,3,3,3,1,0,0.0,0.0,6,0,0,1,0,0,0,7200
5173e846-4ae1-484f-b5c6-b2f0b51b12f8,10,150236,-1,1,31250,10450,2,2,4,0,2.4645118713378906,0.0,5,1,1,0.4,1.0,0.0,0.0,0.0,0.0,0.4,0.0,0.8,0.2,105,48,0.14285714285714285,0.08333333333333333,5,0,2,5,2,4,1,0,0.0,0.0,5,1,0,1,0,0,0,20800
5173e846-4ae1-484f-b5c6-b2f0b51b12f8,11,165780,164702,1,31750,24150,0,0,0,0,0.0,0.0,5,3,1,0.4,0.3333333333333333,0.2,0.3333333333333333,0.0,0.0,0.4,0.3333333333333333,0.6,0.6,90,43,0.13333333333333333,0.13953488372093023,6,0,1,4,0,2,2,0,0.0,0.0,5,1,1,0,0,0,0,7600
5173e846-4ae1-484f-b5c6-b2f0b51b12f8,12,181426,-1,1,31950,25250,1,3,3,1,1.3919988870620728,4.401000499725342,5,5,1,0.4,0.6,0.2,0.4,0.0,0.0,0.2,0.0,0.6,0.4,95,113,0.17894736842105263,0.10619469026548672,4,0,1,5,1,5,2,0,0.0,0.2,4,2,0,1,0,0,0,6700
5173e846-4ae1-484f-b5c6-b2f0b51b12f8,13,195162,192162,0,32650,11550,1,8,5,4,2.2125988006591797,2.4215893745422363,4,5,1,0.5,0.0,0.0,0.6,0.0,0.2,0.75,0.0,0.6,0.6,102,97,0.16666666666666666,0.21649484536082475,5,0,1,4,3,4,1,0,0.0,0.18181818181818182,5,3,0,0,0,0,1,21100
5173e846-4ae1-484f-b5c6-b2f0b51b12f8,14,210564,-1,1,27950,26850,0,10,5,5,1.5260437726974487,0.9911435842514038,5,4,1,0.6,0.5,0.0,0.75,0.0,0.25,0.2,0.0,0.8,0.6,71,60,0.28169014084507044,0.18333333333333332,2,0,0,2,3,5,2,0,0.0,0.0,3,2,0,1,0,0,0,1100
5173e846-4ae1-484f-b5c6-b2f0b51b12f8,15,219399,-1,1,22850,18550,0,6,4,2,1.7099213600158691,2.038769245147705,5,4,1,0.2,0.25,0.4,0.5,0.2,0.0,0.4,0.25,0.8,0.6,94,76,0.2127659574468085,0.21052631578947367,3,0,0,4,3,2,2,0,0.0,0.0,3,1,0,1,0,0,0,4300
5173e846-4ae1-484f-b5c6-b2f0b51b12f8,16,259177,255477,0,4400,4350,0,1,1,0,3.2035579681396484,0.0,4,5,0,0.75,0.8,0.25,0.2,0.0,0.0,0.0,0.2,0.6,0.8,54,93,0.2777777777777778,0.21505376344086022,1,0,0,1,1,1,0,0,0.0,0.0,0,1,0,0,0,0,1,50
5173e846-4ae1-484f-b5c6-b2f0b51b12f8,17,269965,269273,0,11500,19050,2,3,4,1,1.1244471073150635,5.025245189666748,2,5,1,0.5,0.2,0.5,0.2,0.0,0.0,0.5,0.4,0.4,0.8,33,123,0.30303030303030304,0.17886178861788618,2,0,1,3,2,2,1,0,0.0,0.0,0,1,0,0,0,0,1,-7550
b031cb9a-d528-4e70-975f-b9ffe678c732,1,12624,11388,0,4200,4200,0,1,1,0,3.6023950576782227,0.0,1,5,0,1.0,1.0,0.0,0.0,0.0,0.0,1.0,0.0,0.2,0.8,34,50,0.2647058823529412,0.22,0,0,0,0,1,1,0,0,0.0,0.0,0,0,0,0,0,0,1,0
b031cb9a-d528-4e70-975f-b9ffe678c732,2,23823,-1,0,9900,20500,0,12,10,2,3.2764320373535156,2.18335223197937,2,5,1,0.0,0.0,0.5,0.0,0.0,0.2,0.0,0.2,0.4,0.6,22,129,0.2727272727272727,0.20155038759689922,2,0,0,2,4,4,0,0,0.0,0.0,0,3,0,0,0,0,1,-10600
b031cb9a-d528-4e70-975f-b9ffe678c732,3,40862,41493,0,1900,19100,0,4,3,1,2.6708412170410156,3.613753080368042,4,5,1,0.5,0.0,0.0,0.4,0.0,0.0,0.25,0.2,0.8,0.6,62,87,0.25806451612903225,0.21839080459770116,0,0,0,0,1,4,1,0,0.0,0.0,0,3,0,0,0,0,1,-17200
b031cb9a-d528-4e70-975f-b9ffe678c732,4,62132,56879,0,28400,26950,4,1,1,4,0.16986025869846344,2.049776554107666,2,2,0,0.0,1.0,0.0,0.5,0.0,0.0,0.5,0.5,0.6,0.6,24,75,0.16666666666666666,0.08,3,0,2,5,2,4,2,0,0.0,0.0,2,4,0,0,1,0,0,1450
b031cb9a-d528-4e70-975f-b9ffe678c732,5,72103,71240,0,29600,27250,4,2,2,4,1.5805423259735107,2.9152541160583496,1,5,0,0.0,0.4,0.0,0.2,0.0,0.0,0.0,0.2,0.2,0.8,31,70,0.22580645161290322,0.21428571428571427,2,0,3,3,4,4,1,0,0.0,0.0,1,4,0,0,0,0,1,2350
b031cb9a-d528-4e70-975f-b9ffe678c732,6,86294,-1,0,5350,27250,0,21,10,11,2.64213228225708,1.2865126132965088,3,5,0,0.6666666666666666,0.8,0.0,0.0,0.0,0.2,0.3333333333333333,0.4,0.4,0.6,50,84,0.3,0.16666666666666666,2,0,1,2,4,5,1,0,0.0,0.0,0,4,0,0,0,0,1,-21900
b031cb9a-d528-4e70-975f-b9ffe678c732,7,97596,97353,0,30950,29400,1,4,5,0,1.6025619506835938,0.0,2,5,0,0.0,0.4,0.5,0.0,0.0,0.2,0.5,0.2,0.4,0.6,54,87,0.07407407407407407,0.11494252873563218,2,0,3,3,3,3,2,0,0.0,0.0,4,3,0,0,0,0,1,1550
b031cb9a-d528-4e70-975f-b9ffe678c732,8,112638,107386,0,6400,27850,1,6,3,4,2.4576542377471924,2.284492015838623,0,4,0,0.0,0.5,0.0,0.0,0.0,0.0,0.0,0.25,0.2,1.0,12,97,0.16666666666666666,0.061855670103092786,1,0,2,1,8,4,2,0,0.0,0.0,0,5,0,0,1,0,0,-21450
b031cb9a-d528-4e70-975f-b9ffe678c732,9,125999,-1,1,30600,28350,3,14,10,7,2.5823097229003906,2.6748831272125244,5,1,1,0.2,0.0,0.2,1.0,0.6,0.0,0.6,1.0,0.8,0.2,126,62,0.1349206349206349,0.04838709677419355,3,0,4,3,6,4,1,0,0.0,0.0,5,5,0,1,0,0,0,2250
b031cb9a-d528-4e70-975f-b9ffe678c732,10,140332,-1,1,26050,27550,6,23,18,11,1.981675624847412,2.1775033473968506,5,1,1,0.2,1.0,0.2,1.0,0.2,1.0,0.2,0.0,1.0,0.2,93,36,0.13978494623655913,0.19444444444444445,2,0,7,4,8,4,0,0,0.0,0.0,4,4,0,1,0,0,0,-1500
b031cb9a-d528-4e70-975f-b9ffe678c732,11,154257,-1,1,32700,25800,3,8,9,2,2.2162296772003174,0.4903707206249237,5,0,1,0.0,0.0,0.0,0.0,0.2,0.0,0.2,0.0,1.0,0.0,72,16,0.1527777777777778,0.0625,4,0,5,3,2,3,0,1,0.0,0.0,4,1,0,1,0,0,0,6900
b031cb9a-d528-4e70-975f-b9ffe678c732,12,172047,-1,1,33000,4500,2,0,0,2,0.0,2.797213554382324,5,3,1,0.8,0.6666666666666666,0.0,0.0,0.0,0.0,0.4,0.0,0.6,0.6,80,27,0.175,0.2962962962962963,4,0,4,5,0,0,0,0,0.0,0.0,5,0,0,1,0,0,0,28500
b031cb9a-d528-4e70-975f-b9ffe678c732,13,192750,188532,0,34100,24350,4,21,17,8,2.7138864994049072,2.0932464599609375,3,5,1,0.0,0.6,0.3333333333333333,0.2,0.6666666666666666,0.2,0.3333333333333333,0.2,0.6,0.6,55,44,0.16363636363636364,0.18181818181818182,2,0,3,1,6,3,1,1,0.0,0.0,4,1,0,0,0,0,1,9750
b031cb9a-d528-4e70-975f-b9ffe678c732,14,207326,203870,0,27600,26850,5,9,6,8,2.5369491577148438,2.39925217628479,3,5,0,0.0,0.4,0.0,0.2,0.0,0.2,0.0,0.4,0.4,0.6,77,97,0.09090909090909091,0.13402061855670103,3,0,3,4,4,5,1,0,0.0,0.0,4,4,0,0,0,0,1,750
b031cb9a-d528-4e70-975f-b9ffe678c732,15,225414,224973,0,11800,25050,1,13,9,5,1.446669340133667,1.576627492904663,3,5,1,0.6666666666666666,0.4,0.3333333333333333,0.0,0.0,0.0,0.0,0.2,0.6,0.6,45,88,0.17777777777777778,0.125,3,1,1,5,7,4,2,0,0.0,0.0,1,5,0,0,0,0,1,-13250
b031cb9a-d528-4e70-975f-b9ffe678c732,16,266832,261578,0,4200,4250,0,3,1,2,0.6820913553237915,1.002799391746521,3,4,1,0.6666666666666666,0.75,0.0,0.25,0.0,0.0,0.0,0.25,0.4,0.4,45,71,0.15555555555555556,0.23943661971830985,0,0,0,1,3,2,0,0,0.0,0.0,0,0,0,0,1,0,0,-50
b031cb9a-d528-4e70-975f-b9ffe678c732,17,276074,-1,1,11600,18950,3,8,6,5,2.1179568767547607,1.3125580549240112,5,2,0,0.4,0.5,0.0,0.5,0.0,0.0,0.4,0.5,0.6,0.4,22,40,0.5,0.175,0,0,1,2,5,1,0,0,0.0,0.0,0,1,0,1,0,0,0,-7350
b031cb9a-d528-4e70-975f-b9ffe678c732,18,286415,-1,1,25600,8550,2,0,1,1,1.2888994216918945,0.7609472274780273,5,1,1,0.4,0.0,0.0,1.0,0.0,0.0,0.2,1.0,0.8,0.2,148,13,0.08783783783783784,0.38461538461538464,3,0,1,3,0,0,0,0,0.0,0.0,4,0,0,1,0,0,0,17050
b031cb9a-d528-4e70-975f-b9ffe678c732,19,295954,-1,1,31100,1200,7,3,7,3,0.7570654153823853,1.3702373504638672,5,1,1,0.4,1.0,0.2,0.0,0.0,0.0,0.4,0.0,0.8,0.2,58,28,0.1896551724137931,0.35714285714285715,3,0,3,1,1,0,0,0,0.0,0.0,4,0,0,1,0,0,0,29900
b031cb9a-d528-4e70-975f-b9ffe678c732,20,305828,-1,1,32550,22200,9,12,15,6,2.0969631671905518,3.342195749282837,5,2,1,0.0,1.0,0.0,0.0,0.0,0.0,0.4,0.0,0.8,0.2,95,49,0.14736842105263157,0.16326530612244897,4,0,5,5,4,4,0,0,0.0,0.0,4,1,0,1,0,0,0,10350
b031cb9a-d528-4e70-975f-b9ffe678c732,21,317018,-1,1,32950,12200,6,10,8,8,2.008284091949463,2.122836112976074,5,0,1,0.4,0.0,0.0,0.0,0.4,0.0,0.2,0.0,1.0,0.0,75,46,0.24,0.08695652173913043,5,0,4,4,4,3,2,1,0.0,0.0,4,3,0,1,0,0,0,20750
68bb7414-29fc-44bb-b5ef-f0d079aa2b16,1,21202,15947,0,4200,3700,6,6,4,8,2.7147951126098633,2.6647567749023438,4,4,0,0.75,0.75,0.75,0.25,0.0,0.25,0.75,0.25,0.6,0.8,47,64,0.2127659574468085,0.171875,0,0,1,0,2,2,0,0,0.0,0.0,0,1,0,0,1,0,0,500
68bb7414-29fc-44bb-b5ef-f0d079aa2b16,2,32185,-1,0,10650,19300,0,2,1,1,3.6069889068603516,0.6007454991340637,3,5,1,0.6666666666666666,0.4,0.3333333333333333,0.0,0.0,0.0,0.3333333333333333,0.4,0.4,0.8,42,101,0.2619047619047619,0.16831683168316833,2,0,0,1,1,1,2,0,0.0,0.0,1,3,0,0,0,0,1,-8650
68bb7414-29fc-44bb-b5ef-f0d079aa2b16,3,38641,-1,0,2300,20950,2,0,1,1,1.1428070068359375,4.304518222808838,0,5,0,0.0,0.2,0.0,0.0,0.0,0.0,0.0,0.2,0.0,1.0,15,97,0.2,0.15463917525773196,2,0,1,0,1,1,1,0,0.0,0.0,0,2,0,0,0,0,1,-18650
68bb7414-29fc-44bb-b5ef-f0d079aa2b16,4,56561,-1,1,28200,22650,0,8,6,2,3.26301646232605,0.4192258417606354,4,1,0,0.5,0.0,0.0,0.0,0.0,0.0,0.5,0.0,0.8,0.2,89,115,0.10112359550561797,0.0782608695652174,3,0,2,4,5,5,1,0,0.0,0.0,4,5,0,0,0,1,0,5550
68bb7414-29fc-44bb-b5ef-f0d079aa2b16,5,78363,73937,1,30150,25950,6,17,8,15,3.191769599914551,2.273122549057007,5,4,0,0.2,0.25,0.0,0.0,0.0,0.5,0.2,0.0,0.6,0.4,45,58,0.2222222222222222,0.20689655172413793,3,0,4,4,4,3,0,0,0.0,0.0,4,2,1,0,0,0,0,4200
68bb7414-29fc-44bb-b5ef-f0d079aa2b16,6,89617,-1,1,28800,9200,10,5,9,6,1.907377004623413,2.9626142978668213,5,2,1,0.2,0.0,0.2,0.5,0.0,0.5,0.4,0.5,0.8,0.4,79,41,0.20253164556962025,0.1951219512195122,3,0,3,2,2,3,1,0,0.0,0.0,5,2,0,1,0,0,0,19600
68bb7414-29fc-44bb-b5ef-f0d079aa2b16,7,106920,-1,1,31350,9650,7,14,7,14,2.616321086883545,2.6933207511901855,5,0,1,0.6,0.0,0.0,0.0,0.0,0.0,0.0,0.0,1.0,0.0,101,14,0.12871287128712872,0.07142857142857142,2,0,2,2,3,3,0,0,0.0,0.0,5,1,0,1,0,0,0,21700
68bb7414-29fc-44bb-b5ef-f0d079aa2b16,8,122736,-1,1,31350,26850,6,5,7,4,2.2351388931274414,0.4718480706214905,5,2,0,0.4,1.0,0.0,0.0,0.0,0.5,0.2,0.0,0.6,0.4,100,161,0.12,0.031055900621118012,4,0,4,4,4,4,0,0,0.0,0.0,3,5,0,1,0,0,0,4500
68bb7414-29fc-44bb-b5ef-f0d079aa2b16,9,135325,-1,1,31350,8150,2,7,7,2,1.4524030685424805,0.6831080317497253,5,1,0,0.8,1.0,0.0,0.0,0.0,0.0,0.0,0.0,0.8,0.2,73,15,0.1232876712328767,0.4,3,0,3,3,2,1,0,0,0.0,0.0,4,0,0,1,0,0,0,23200
68bb7414-29fc-44bb-b5ef-f0d079aa2b16,10,152296,147041,0,31950,24900,6,2,6,2,0.6799271106719971,3.245983839035034,3,4,0,0.3333333333333333,0.5,0.3333333333333333,0.25,0.3333333333333333,0.0,0.3333333333333333,0.0,0.6,0.8,63,103,0.09523809523809523,0.11650485436893204,3,0,3,2,3,5,1,0,0.0,0.0,3,4,0,0,1,0,0,7050
68bb7414-29fc-44bb-b5ef-f0d079aa2b16,11,169655,164402,0,30500,24900,4,5,6,3,2.2702701091766357,1.794732689857483,2,5,0,1.0,0.8,0.0,0.0,0.0,0.2,0.5,0.0,0.2,0.6,48,147,0.125,0.10204081632653061,2,0,2,4,5,4,3,0,0.0,0.0,5,3,0,0,1,0,0,5600
68bb7414-29fc-44bb-b5ef-f0d079aa2b16,12,181898,-1,1,23550,27150,0,8,3,5,2.5897624492645264,0.3226219117641449,5,1,1,0.4,0.0,0.0,1.0,0.0,0.0,0.2,1.0,0.8,0.2,127,121,0.10236220472440945,0.049586776859504134,1,0,1,3,2,3,0,0,0.0,0.0,3,4,0,1,0,0,0,-3600
68bb7414-29fc-44bb-b5ef-f0d079aa2b16,13,198568,-1,1,29600,23200,10,13,15,8,1.5381969213485718,1.7194768190383911,5,2,1,0.4,1.0,0.2,0.5,0.0,0.5,0.4,0.5,0.6,0.4,65,70,0.2,0.12857142857142856,3,0,5,5,6,3,0,0,0.0,0.0,5,2,0,1,0,0,0,6400
68bb7414-29fc-44bb-b5ef-f0d079aa2b16,14,208228,-1,1,30650,10650,1,2,2,1,2.456305980682373,1.0375694036483765,5,1,1,0.4,1.0,0.2,0.0,0.0,0.0,0.4,0.0,0.8,0.2,132,19,0.09090909090909091,0.15789473684210525,3,0,2,1,1,2,0,0,0.0,0.0,5,0,0,1,0,0,0,20000
68bb7414-29fc-44bb-b5ef-f0d079aa2b16,15,221795,218058,0,32450,23800,5,16,7,14,2.104137897491455,1.6270383596420288,1,5,0,0.0,0.6,0.0,0.0,0.0,0.2,0.0,0.0,0.2,0.8,39,76,0.1794871794871795,0.17105263157894737,3,0,2,4,4,5,0,0,0.0,0.0,5,2,0,0,0,0,1,8650
68bb7414-29fc-44bb-b5ef-f0d079aa2b16,16,262852,258521,1,3450,4400,0,0,0,0,0.0,0.0,5,4,1,1.0,0.75,0.2,0.25,0.0,0.0,0.2,0.5,0.6,0.6,54,53,0.25925925925925924,0.18867924528301888,0,0,0,0,0,0,0,0,0.0,0.0,0,0,1,0,0,0,0,-950
68bb7414-29fc-44bb-b5ef-f0d079aa2b16,17,272398,-1,1,21800,15850,0,8,4,4,2.6130309104919434,0.8768188953399658,5,2,0,0.2,0.5,0.2,0.5,0.0,0.0,0.2,0.0,0.8,0.2,88,55,0.2159090909090909,0.23636363636363636,4,0,0,3,2,2,0,0,0.0,0.0,3,1,0,1,0,0,0,5950
68bb7414-29fc-44bb-b5ef-f0d079aa2b16,18,284637,-1,1,24650,3300,4,0,3,1,0.602220356464386,5.172741413116455,5,1,1,0.4,1.0,0.2,0.0,0.2,0.0,0.0,0.0,0.8,0.2,80,20,0.175,0.2,3,0,2,2,0,0,0,0,0.0,0.0,4,0,0,1,0,0,0,21350
68bb7414-29fc-44bb-b5ef-f0d079aa2b16,19,305838,300583,0,30300,24600,0,7,3,4,1.8496804237365723,1.1492946147918701,0,1,0,0.0,1.0,0.0,0.0,0.0,0.0,0.0,0.0,0.8,1.0,198,91,0.020202020202020204,0.02197802197802198,4,0,1,4,6,5,0,0,0.0,0.0,5,5,0,0,1,0,0,5700
68bb7414-29fc-44bb-b5ef-f0d079aa2b16,20,323453,322819,0,31750,25300,6,7,7,6,1.2993764877319336,2.4899330139160156,4,5,1,0.5,0.6,0.0,0.4,0.0,0.0,0.0,0.4,0.6,0.6,110,120,0.12727272727272726,0.11666666666666667,5,0,4,5,8,3,1,0,0.0,0.0,5,5,0,0,0,0,1,6450
68bb7414-29fc-44bb-b5ef-f0d079aa2b16,21,335793,-1,1,12750,25300,0,5,2,3,2.3471856117248535,2.065964937210083,5,2,1,0.0,1.0,0.2,0.5,0.0,0.0,0.0,0.5,0.6,0.4,61,74,0.29508196721311475,0.12162162162162163,1,0,1,1,7,4,0,0,0.0,0.0,0,3,0,1,0,0,0,-12550
68bb7414-29fc-44bb-b5ef-f0d079aa2b16,22,347900,343945,0,28400,21500,13,14,7,20,2.9992172718048096,1.9946496486663818,3,5,1,0.6666666666666666,0.2,0.0,0.2,0.3333333333333333,0.2,0.6666666666666666,0.2,0.4,0.6,111,91,0.13513513513513514,0.18681318681318682,3,0,3,4,6,4,0,0,0.0,0.0,5,3,0,0,0,0,1,6900
68bb7414-29fc-44bb-b5ef-f0d079aa2b16,23,368091,362838,0,12050,26350,3,13,6,10,2.1544759273529053,1.4689960479736328,3,4,1,1.0,0.5,0.3333333333333333,0.25,0.3333333333333333,0.0,0.3333333333333333,0.5,0.6,0.4,62,98,0.1935483870967742,0.11224489795918367,2,0,2,2,6,4,0,0,0.0,0.0,0,4,0,0,1,0,0,-14300
68bb7414-29fc-44bb-b5ef-f0d079aa2b16,24,378357,-1,1,5450,27050,2,3,2,3,2.544792890548706,2.9454400539398193,5,1,1,0.4,0.0,0.0,0.0,0.0,0.0,0.2,0.0,0.8,0.2,40,29,0.35,0.13793103448275862,0,0,1,1,4,3,0,0,0.0,0.0,0,2,0,1,0,0,0,-21600
68bb7414-29fc-44bb-b5ef-f0d079aa2b16,25,389878,-1,1,30850,1100,0,0,0,0,0.0,0.0,5,1,1,0.4,0.0,0.0,1.0,0.0,0.0,0.0,1.0,0.8,0.2,47,34,0.19148936170212766,0.29411764705882354,3,0,0,1,0,0,0,0,0.0,0.0,4,0,0,1,0,0,0,29750
68bb7414-29fc-44bb-b5ef-f0d079aa2b16,26,400994,-1,1,33400,24250,4,27,15,16,2.4375948905944824,2.296562671661377,5,3,1,0.0,0.3333333333333333,0.0,0.0,0.2,0.6666666666666666,0.4,0.3333333333333333,0.4,0.6,97,54,0.10309278350515463,0.14814814814814814,2,0,2,3,7,4,0,0,0.0,0.0,3,2,0,1,0,0,0,9150
68bb7414-29fc-44bb-b5ef-f0d079aa2b16,27,409283,-1,1,33200,2100,0,3,1,2,0.6925662159919739,0.9629899859428406,5,0,1,0.2,0.0,0.0,0.0,0.0,0.0,0.0,0.0,1.0,0.0,99,13,0.15151515151515152,0.0,4,0,0,2,1,0,0,0,0.0,0.0,4,0,0,1,0,0,0,31100
68bb7414-29fc-44bb-b5ef-f0d079aa2b16,28,431197,425942,0,33800,24900,1,12,7,6,2.390629529953003,0.856325089931488,3,3,1,0.3333333333333333,1.0,0.3333333333333333,0.3333333333333333,0.0,0.3333333333333333,0.3333333333333333,0.3333333333333333,0.6,0.6,38,42,0.18421052631578946,0.16666666666666666,3,0,2,4,7,4,1,0,0.0,0.0,5,4,0,0,1,0,0,8900
68bb7414-29fc-44bb-b5ef-f0d079aa2b16,29,445056,-1,1,33200,26150,8,16,12,12,2.803799867630005,1.549171805381775,5,3,1,0.4,0.3333333333333333,0.2,0.3333333333333333,0.0,0.3333333333333333,0.2,0.0,0.6,0.6,87,73,0.09195402298850575,0.0958904109589041,3,0,3,4,7,3,0,0,0.0,0.0,4,4,0,1,0,0,0,7050
68bb7414-29fc-44bb-b5ef-f0d079aa2b16,30,460548,-1,1,30250,18000,2,15,6,11,3.134685754776001,1.1765094995498657,5,4,1,0.2,0.75,0.4,0.25,0.0,0.0,0.4,0.0,0.6,0.4,62,77,0.22580645161290322,0.11688311688311688,4,0,1,2,6,4,1,0,0.0,0.0,5,1,0,1,0,0,0,12250
0839a031-0e2c-4c03-b4bc-b5ba05fe669a,1,13555,-1,1,3900,4250,0,7,4,3,3.484813690185547,0.6110366582870483,5,2,1,0.8,0.5,0.0,0.5,0.0,0.0,0.4,0.5,0.6,0.2,59,47,0.22033898305084745,0.2765957446808511,0,0,0,1,3,2,0,0,0.0,0.0,0,0,0,1,0,0,0,-350
0839a031-0e2c-4c03-b4bc-b5ba05fe669a,2,24985,-1,1,20500,1100,4,0,4,0,1.4238920211791992,0.0,5,0,1,0.0,0.0,0.0,0.0,0.0,0.0,0.0,0.0,1.0,0.0,102,11,0.1568627450980392,0.18181818181818182,0,0,2,1,0,0,0,0,0.0,0.0,1,0,0,1,0,0,0,19400
0839a031-0e2c-4c03-b4bc-b5ba05fe669a,3,38654,35446,1,24400,23100,1,4,1,4,4.80237340927124,0.6714932918548584,5,1,1,0.2,0.0,0.2,0.0,0.2,0.0,0.2,1.0,0.8,0.2,82,27,0.21951219512195122,0.25925925925925924,2,0,2,2,1,1,0,0,0.0,0.0,2,1,1,0,0,0,0,1300
0839a031-0e2c-4c03-b4bc-b5ba05fe669a,4,51164,-1,1,29800,8850,8,1,2,7,1.8240561485290527,3.5064187049865723,5,1,1,0.2,1.0,0.0,0.0,0.0,0.0,0.6,0.0,0.8,0.2,55,16,0.21818181818181817,0.125,3,0,4,3,1,3,1,0,0.0,0.0,4,0,0,1,0,0,0,20950
0839a031-0e2c-4c03-b4bc-b5ba05fe669a,5,70859,67117,1,32050,26350,6,3,2,7,0.21028205752372742,1.7096232175827026,5,3,1,0.4,0.3333333333333333,0.2,0.3333333333333333,0.0,0.0,0.2,0.0,0.8,0.4,59,57,0.13559322033898305,0.12280701754385964,4,0,6,4,6,5,1,0,0.0,0.0,5,4,1,0,0,0,0,5700
0839a031-0e2c-4c03-b4bc-b5ba05fe669a,6,99489,94706,1,30050,23950,10,12,13,9,2.681394100189209,1.2551236152648926,4,5,1,0.25,0.4,0.25,0.2,0.0,0.0,0.5,0.4,0.4,0.8,113,120,0.09734513274336283,0.14166666666666666,5,0,6,5,6,3,0,0,0.0,0.0,5,2,1,0,0,0,0,6100
0839a031-0e2c-4c03-b4bc-b5ba05fe669a,7,113828,-1,1,25400,26550,4,9,5,8,1.6297706365585327,1.4984989166259766,5,2,0,0.4,1.0,0.2,0.5,0.0,0.0,0.0,0.0,0.6,0.4,59,23,0.3559322033898305,0.08695652173913043,1,0,4,3,5,3,0,0,0.0,0.0,2,4,0,1,0,0,0,-1150
0839a031-0e2c-4c03-b4bc-b5ba05fe669a,8,123262,120557,0,31150,12550,13,16,7,22,1.787017583847046,1.6936450004577637,2,5,0,0.0,0.6,0.0,0.2,0.5,0.2,0.5,0.2,0.4,0.6,105,66,0.10476190476190476,0.15151515151515152,1,0,3,2,4,3,1,0,0.0,0.0,5,2,0,0,0,0,1,18600
0839a031-0e2c-4c03-b4bc-b5ba05fe669a,9,141429,-1,1,28050,28350,12,4,11,5,1.7164908647537231,2.8731067180633545,5,2,1,0.0,0.5,0.0,0.5,0.2,0.5,0.2,1.0,0.8,0.4,50,27,0.22,0.18518518518518517,0,0,4,2,2,3,1,0,0.0,0.0,1,1,0,1,0,0,0,-300
0839a031-0e2c-4c03-b4bc-b5ba05fe669a,10,151796,-1,1,27450,25100,17,12,19,10,2.048630475997925,3.8520267009735107,5,2,1,0.4,0.5,0.0,0.0,0.2,1.0,0.2,0.5,0.8,0.4,84,36,0.14285714285714285,0.19444444444444445,3,0,5,3,5,3,1,0,0.0,0.0,3,0,0,1,0,0,0,2350
0839a031-0e2c-4c03-b4bc-b5ba05fe669a,11,163441,158687,1,29750,11850,7,10,8,9,2.437077522277832,1.2711100578308105,5,3,1,0.2,0.3333333333333333,0.0,0.3333333333333333,0.0,0.6666666666666666,0.6,0.3333333333333333,0.4,0.4,101,40,0.0891089108910891,0.225,4,0,3,2,4,3,0,0,0.0,0.0,4,2,1,0,0,0,0,17900
0839a031-0e2c-4c03-b4bc-b5ba05fe669a,12,178476,-1,1,29050,27150,3,14,7,10,2.117072105407715,1.6296590566635132,5,2,0,0.2,0.5,0.0,0.0,0.2,0.0,0.2,0.0,0.8,0.2,71,44,0.15492957746478872,0.18181818181818182,3,0,2,2,7,5,0,0,0.0,0.0,3,4,0,1,0,0,0,1900
0839a031-0e2c-4c03-b4bc-b5ba05fe669a,13,194624,-1,1,30350,22400,6,10,6,10,1.4761914014816284,1.7402909994125366,5,3,1,0.2,1.0,0.2,0.0,0.4,0.0,0.0,0.0,0.8,0.4,128,66,0.1171875,0.13636363636363635,5,0,4,4,4,4,0,0,0.0,0.0,7,0,0,1,0,0,0,7950
0839a031-0e2c-4c03-b4bc-b5ba05fe669a,14,208299,206731,0,29950,20300,23,6,12,17,1.439523696899414,2.478307008743286,3,5,1,0.3333333333333333,0.4,0.0,0.4,0.6666666666666666,0.4,0.0,0.2,0.6,0.6,115,119,0.09565217391304348,0.15126050420168066,3,0,7,4,4,4,0,0,0.0,0.0,5,2,0,0,0,0,1,9650
0839a031-0e2c-4c03-b4bc-b5ba05fe669a,15,227030,-1,1,20150,26550,13,9,10,12,2.6296486854553223,2.268075942993164,5,3,1,0.2,0.6666666666666666,0.0,0.3333333333333333,0.2,0.3333333333333333,0.2,0.3333333333333333,0.6,0.4,63,53,0.23809523809523808,0.1509433962264151,4,0,5,5,5,2,0,0,0.0,0.0,3,2,0,1,0,0,0,-6400
0839a031-0e2c-4c03-b4bc-b5ba05fe669a,16,238275,233382,0,4250,4450,0,5,3,2,3.5935733318328857,1.3012514114379883,4,5,0,1.0,0.6,0.25,0.2,0.0,0.2,0.25,0.0,0.6,0.8,57,48,0.17543859649122806,0.2916666666666667,0,0,0,0,2,1,0,2,0.0,0.0,0,0,0,0,0,0,1,-200
0839a031-0e2c-4c03-b4bc-b5ba05fe669a,17,253396,248144,0,11650,18850,0,5,1,4,0.22398608922958374,1.61281418800354,3,4,0,0.3333333333333333,0.75,0.0,0.25,0.0,0.0,0.3333333333333333,0.0,0.6,0.8,36,153,0.4166666666666667,0.12418300653594772,2,0,0,2,4,4,0,0,0.0,0.0,0,3,0,0,1,0,0,-7200
0839a031-0e2c-4c03-b4bc-b5ba05fe669a,18,270738,-1,1,15950,23800,2,11,1,12,0.16214576363563538,0.7176089286804199,5,3,1,0.6,0.3333333333333333,0.0,0.0,0.0,0.0,0.2,0.3333333333333333,0.4,0.2,48,85,0.2708333333333333,0.1411764705882353,3,0,1,2,6,4,0,0,0.0,0.0,1,3,0,1,0,0,0,-7850
0839a031-0e2c-4c03-b4bc-b5ba05fe669a,19,286753,-1,1,26600,12150,2,7,5,4,2.5182063579559326,1.2782011032104492,5,2,0,0.0,1.0,0.4,0.5,0.2,0.0,0.4,0.5,0.6,0.4,102,54,0.20588235294117646,0.14814814814814814,3,0,1,1,4,2,0,0,0.0,0.0,3,0,0,1,0,0,0,14450
0839a031-0e2c-4c03-b4bc-b5ba05fe669a,20,301249,-1,1,29400,1000,1,0,1,0,1.623808741569519,0.0,5,0,1,0.6,0.0,0.0,0.0,0.0,0.0,0.2,0.0,1.0,0.0,58,21,0.1724137931034483,0.19047619047619047,0,0,1,2,0,0,0,0,0.0,0.0,3,0,0,1,0,0,0,28400
0839a031-0e2c-4c03-b4bc-b5ba05fe669a,21,315848,-1,1,29700,23400,5,14,14,5,3.058706521987915,2.3563804626464844,5,1,1,0.2,0.0,0.0,1.0,0.2,0.0,0.0,0.0,0.8,0.2,89,61,0.20224719101123595,0.06557377049180328,2,0,3,5,7,5,0,0,0.0,0.0,4,2,0,1,0,0,0,6300
0839a031-0e2c-4c03-b4bc-b5ba05fe669a,22,326176,-1,1,32050,4750,2,0,0,2,0.0,2.663724899291992,5,0,1,0.2,0.0,0.0,0.0,0.0,0.0,0.0,0.0,1.0,0.0,89,15,0.1797752808988764,0.2,3,0,2,1,0,0,0,1,0.0,0.0,3,0,0,1,0,0,0,27300
0839a031-0e2c-4c03-b4bc-b5ba05fe669a,23,342351,340189,0,32350,24100,0,18,8,10,2.4893109798431396,0.9168692827224731,3,5,1,0.3333333333333333,0.2,0.0,0.2,0.3333333333333333,0.0,0.6666666666666666,0.4,0.4,0.6,68,190,0.17647058823529413,0.09473684210526316,4,0,2,2,10,5,0,0,0.0,0.0,4,5,0,0,0,0,1,8250
0a075b4d-576e-46f2-b944-fe9542faee54,1,12649,13238,0,4250,4600,0,5,4,1,2.365492820739746,0.2403734028339386,2,5,1,1.0,0.8,0.0,0.4,0.0,0.0,0.0,0.2,0.4,0.6,64,102,0.109375,0.11764705882352941,0,0,0,0,2,2,2,0,0.0,0.5,0,0,0,0,0,0,1,-350
0a075b4d-576e-46f2-b944-fe9542faee54,2,27174,26421,0,9550,18950,0,2,1,1,1.0211395025253296,0.573521614074707,1,5,0,1.0,0.6,1.0,0.2,0.0,0.0,0.0,0.2,0.2,0.8,17,104,0.17647058823529413,0.15384615384615385,2,0,1,3,2,4,0,1,0.0,0.0,0,0,0,0,0,0,1,-9400
0a075b4d-576e-46f2-b944-fe9542faee54,3,35481,-1,0,1500,24200,0,3,1,2,2.868274450302124,1.264479637145996,1,5,0,1.0,0.6,0.0,0.2,0.0,0.0,0.0,0.0,0.2,0.8,34,121,0.20588235294117646,0.1652892561983471,0,0,0,0,2,1,1,0,0.0,0.0,0,2,0,0,0,0,1,-22700
0a075b4d-576e-46f2-b944-fe9542faee54,4,56524,51270,0,27800,25100,7,13,10,10,2.504925012588501,1.4124200344085693,1,4,0,0.0,0.5,0.0,0.0,0.0,0.0,0.0,0.25,0.2,0.8,93,220,0.12903225806451613,0.08636363636363636,2,0,4,4,10,5,0,0,0.0,0.0,4,5,0,0,1,0,0,2700
0a075b4d-576e-46f2-b944-fe9542faee54,5,79290,76686,0,9850,27650,4,10,10,4,2.2034497261047363,1.4599981307983398,2,5,1,0.0,0.4,0.0,0.2,0.0,0.2,0.0,0.0,0.2,0.6,11,64,0.36363636363636365,0.140625,0,0,2,3,10,5,1,0,0.0,0.0,0,5,0,0,0,0,1,-17800
0a075b4d-576e-46f2-b944-fe9542faee54,6,96736,92244,1,27200,28050,16,19,14,21,1.8315330743789673,1.9951022863388062,5,1,1,0.4,0.0,0.2,1.0,0.2,1.0,0.4,0.0,0.8,0.2,123,62,0.0975609756097561,0.06451612903225806,4,0,6,3,10,5,0,0,0.0,0.0,3,5,1,0,0,0,0,-850
0a075b4d-576e-46f2-b944-fe9542faee54,7,119737,-1,1,29550,27050,10,24,23,11,2.4112517833709717,1.77747642993927,4,1,1,0.25,1.0,0.0,1.0,0.25,0.0,0.0,0.0,0.8,0.2,83,72,0.1927710843373494,0.125,4,0,5,4,10,5,0,0,0.0,0.0,5,4,0,0,0,1,0,2500
0a075b4d-576e-46f2-b944-fe9542faee54,8,137657,-1,1,29850,26950,5,10,14,1,2.0707614421844482,3.081087827682495,4,3,0,0.5,0.3333333333333333,0.0,0.0,0.25,0.0,0.5,0.6666666666666666,0.4,0.4,111,99,0.12612612612612611,0.2222222222222222,4,0,5,4,7,4,1,0,0.0,0.0,4,5,0,0,0,1,0,2900
0a075b4d-576e-46f2-b944-fe9542faee54,9,149821,147094,0,30300,19250,7,16,11,12,1.5005179643630981,1.461646556854248,1,5,1,1.0,0.6,0.0,0.0,0.0,0.0,0.0,0.2,0.2,0.8,43,142,0.18604651162790697,0.09154929577464789,2,0,3,2,8,4,0,0,0.0,0.0,3,3,0,0,0,0,1,11050
0a075b4d-576e-46f2-b944-fe9542faee54,10,171748,168710,0,24000,27550,14,17,10,21,2.317377805709839,1.7628828287124634,3,5,0,0.3333333333333333,1.0,0.0,0.0,0.0,0.2,0.3333333333333333,0.0,0.6,0.6,80,78,0.15,0.15384615384615385,3,0,6,3,8,4,1,0,0.0,0.0,1,5,0,0,0,0,1,-3550
0a075b4d-576e-46f2-b944-fe9542faee54,11,183301,181802,0,2500,26950,0,14,8,6,1.460270643234253,0.7035427093505859,0,5,0,0.0,0.2,0.0,0.0,0.0,0.0,0.0,0.4,0.0,1.0,41,108,0.1951219512195122,0.10185185185185185,0,0,0,0,7,4,2,0,0.0,0.0,0,5,0,0,0,0,1,-24450
0a075b4d-576e-46f2-b944-fe9542faee54,12,194921,189666,0,26450,28550,3,14,6,11,2.4315149784088135,1.3185676336288452,0,2,0,0.0,0.0,0.0,0.0,0.0,0.0,0.0,0.5,0.6,1.0,87,143,0.0,0.04195804195804196,0,0,1,1,6,3,1,0,0.0,0.0,1,4,0,0,1,0,0,-2100
0a075b4d-576e-46f2-b944-fe9542faee54,13,215798,213326,1,18950,28350,2,6,6,2,2.2310783863067627,2.4789485931396484,5,4,1,0.0,0.5,0.2,0.0,0.0,0.0,0.2,0.0,0.4,0.6,26,42,0.38461538461538464,0.23809523809523808,1,0,1,1,3,2,1,0,0.0,0.0,0,1,1,0,0,0,0,-9400
0a075b4d-576e-46f2-b944-fe9542faee54,14,232645,-1,1,31150,27250,3,10,7,6,2.492464303970337,1.9566541910171509,5,2,0,0.4,0.0,0.0,0.5,0.0,0.5,0.4,0.0,0.6,0.4,117,22,0.11965811965811966,0.18181818181818182,2,0,5,2,5,1,0,0,0.0,0.0,2,2,0,1,0,0,0,3900
0a075b4d-576e-46f2-b944-fe9542faee54,15,249371,246399,1,32550,24700,21,13,17,17,2.139173984527588,3.125884771347046,4,5,0,0.5,0.4,0.25,0.2,0.25,0.4,0.25,0.4,0.4,0.4,74,62,0.1891891891891892,0.1935483870967742,3,0,4,3,6,3,0,0,0.0,0.0,3,3,1,0,0,0,0,7850
0a075b4d-576e-46f2-b944-fe9542faee54,16,293759,288505,0,4450,4750,5,1,1,5,1.590590476989746,2.7452313899993896,3,4,1,1.0,1.0,0.0,0.25,0.3333333333333333,0.0,0.0,0.25,0.6,0.4,45,55,0.17777777777777778,0.23636363636363636,0,0,1,0,2,3,0,0,0.0,0.0,0,1,0,0,1,0,0,-300
0a075b4d-576e-46f2-b944-fe9542faee54,17,312659,307405,0,12400,18200,2,5,4,3,0.9541528224945068,2.033121347427368,3,3,1,0.3333333333333333,0.3333333333333333,0.0,0.0,0.0,0.3333333333333333,0.3333333333333333,0.6666666666666666,0.4,0.6,66,87,0.24242424242424243,0.19540229885057472,0,0,1,2,6,5,3,0,0.0,0.0,0,2,0,0,1,0,0,-5800
0a075b4d-576e-46f2-b944-fe9542faee54,18,328495,323240,0,11500,23800,3,17,11,9,2.0453150272369385,1.3150500059127808,0,3,0,0.0,0.6666666666666666,0.0,0.0,0.0,0.6666666666666666,0.0,0.0,0.4,1.0,33,152,0.18181818181818182,0.05921052631578947,0,0,2,2,8,5,1,0,0.0,0.0,1,2,0,0,1,0,0,-12300
0a075b4d-576e-46f2-b944-fe9542faee54,19,343713,340300,0,24450,24100,23,11,13,21,2.2891652584075928,1.9348680973052979,3,5,0,0.3333333333333333,0.6,0.6666666666666666,0.0,0.6666666666666666,0.0,0.3333333333333333,0.4,0.4,0.6,137,193,0.08759124087591241,0.09844559585492228,3,0,7,4,6,4,2,0,0.0,0.0,3,4,0,0,0,0,1,350
0a075b4d-576e-46f2-b944-fe9542faee54,20,359406,-1,1,18450,25100,0,8,4,4,1.644285798072815,0.973893940448761,5,2,1,0.4,0.0,0.2,0.0,0.0,0.5,0.4,0.5,0.6,0.4,52,60,0.25,0.2,0,0,0,2,5,4,1,0,0.0,0.0,0,3,0,1,0,0,0,-6650
0a075b4d-576e-46f2-b944-fe9542faee54,21,374816,-1,1,22550,24450,6,8,4,10,1.1904830932617188,1.5757558345794678,5,2,1,0.4,1.0,0.0,0.5,0.0,0.0,0.2,0.0,0.8,0.4,79,45,0.16455696202531644,0.17777777777777778,3,0,5,3,5,5,0,0,0.0,0.0,3,3,0,1,0,0,0,-1900
0a075b4d-576e-46f2-b944-fe9542faee54,22,382105,-1,1,31350,1100,5,4,3,6,2.4437453746795654,2.011850118637085,5,0,1,0.8,0.0,0.0,0.0,0.8,0.0,0.0,0.0,1.0,0.0,65,11,0.2,0.09090909090909091,2,0,3,1,3,1,0,0,0.0,0.0,3,0,0,1,0,0,0,30250
0a075b4d-576e-46f2-b944-fe9542faee54,23,405715,-1,1,31850,22950,6,9,8,7,1.251476764678955,1.3467210531234741,4,4,1,0.0,0.75,0.5,0.0,0.0,0.0,0.25,0.0,0.6,0.6,142,107,0.08450704225352113,0.12149532710280374,4,0,5,5,6,5,1,0,0.0,0.0,5,2,0,0,0,1,0,8900
0a075b4d-576e-46f2-b944-fe9542faee54,24,412429,-1,1,30750,5300,4,12,7,9,3.250131607055664,1.7631670236587524,5,1,1,0.0,0.0,0.2,1.0,0.6,0.0,0.2,0.0,0.8,0.2,114,37,0.09649122807017543,0.1891891891891892,1,0,3,0,4,4,0,0,0.125,0.0,4,0,0,1,0,0,0,25450
0a075b4d-576e-46f2-b944-fe9542faee54,25,430431,425177,0,32800,23400,7,9,7,9,3.186108350753784,2.794126510620117,0,2,0,0.0,0.5,0.0,0.0,0.0,0.0,0.0,0.5,0.6,1.0,101,183,0.019801980198019802,0.0273224043715847,1,0,4,4,6,5,0,0,0.0,0.0,4,3,0,0,1,0,0,9400
0a075b4d-576e-46f2-b944-fe9542faee54,26,450344,-1,1,27650,24900,4,8,4,8,2.1123905181884766,0.7594965696334839,5,2,1,0.0,0.0,0.2,0.5,0.0,0.0,0.0,0.0,0.8,0.4,76,46,0.14473684210526316,0.17391304347826086,2,0,4,5,5,3,0,0,0.0,0.0,4,2,0,1,0,0,0,2750
0a075b4d-576e-46f2-b944-fe9542faee54,27,466015,-1,1,32600,26400,7,13,8,12,2.5694994926452637,2.6415562629699707,5,2,1,0.0,0.0,0.0,0.0,0.2,0.5,0.2,0.5,0.6,0.4,61,41,0.18032786885245902,0.1951219512195122,3,0,4,4,9,4,1,0,0.0,0.0,5,3,0,1,0,0,0,6200
1625f047-b597-403d-b9c4-0660138852ca,1,8383,8755,0,4300,4400,0,5,4,1,1.6956071853637695,3.5872766971588135,2,5,0,1.0,1.0,0.5,0.0,0.0,0.0,0.0,0.2,0.4,0.6,14,33,0.42857142857142855,0.2727272727272727,0,0,0,0,2,0,0,0,0.0,0.0,0,1,0,0,0,0,1,-100
1625f047-b597-403d-b9c4-0660138852ca,2,29842,25119,1,9950,18050,0,6,5,1,2.131417751312256,0.15554071962833405,5,4,1,0.2,0.75,0.0,0.25,0.0,0.0,0.4,0.0,0.6,0.2,37,55,0.2972972972972973,0.16363636363636364,1,0,0,3,5,3,0,0,0.0,0.0,0,2,1,0,0,0,0,-8100
1625f047-b597-403d-b9c4-0660138852ca,3,47468,-1,1,22850,14300,6,0,3,3,1.1470450162887573,1.7059160470962524,5,3,1,0.2,0.6666666666666666,0.0,0.6666666666666666,0.0,0.0,0.4,0.6666666666666666,0.8,0.4,77,59,0.2987012987012987,0.2033898305084746,2,0,2,4,0,3,0,0,0.0,0.0,2,2,0,1,0,0,0,8550
1625f047-b597-403d-b9c4-0660138852ca,4,56415,-1,1,25550,1500,3,0,3,0,1.5820002555847168,0.0,5,1,1,0.2,1.0,0.2,1.0,0.0,0.0,0.2,0.0,0.8,0.2,88,36,0.19318181818181818,0.1111111111111111,2,0,1,3,0,0,0,0,0.2222222222222222,0.0,3,0,0,1,0,0,0,24050
1625f047-b597-403d-b9c4-0660138852ca,5,65783,-1,1,26650,23300,3,6,5,4,2.5034432411193848,1.3255325555801392,5,2,0,0.2,0.5,0.2,0.0,0.0,0.5,0.0,0.0,0.6,0.4,92,74,0.20652173913043478,0.08108108108108109,4,0,3,4,3,2,1,0,0.0,0.0,3,2,0,1,0,0,0,3350
1625f047-b597-403d-b9c4-0660138852ca,6,87143,83250,1,25700,1500,4,0,0,4,0.0,1.9284850358963013,4,4,0,0.5,0.5,0.25,0.25,0.0,0.0,0.0,0.0,0.6,0.6,112,11,0.08928571428571429,0.45454545454545453,3,0,2,4,0,0,0,0,0.0,0.0,4,0,1,0,0,0,0,24200
1625f047-b597-403d-b9c4-0660138852ca,7,107269,-1,0,30300,27350,5,4,4,5,0.9699892997741699,1.2992922067642212,1,5,0,1.0,0.4,0.0,0.2,0.0,0.0,0.0,0.0,0.2,0.8,28,37,0.10714285714285714,0.2702702702702703,1,0,2,2,4,2,0,0,0.0,0.0,3,3,0,0,0,0,1,2950
1625f047-b597-403d-b9c4-0660138852ca,8,123823,121191,0,16100,27550,0,6,3,3,3.4925739765167236,0.9131364226341248,2,5,0,1.0,0.8,0.0,0.2,0.0,0.0,0.0,0.2,0.4,0.6,32,44,0.25,0.20454545454545456,1,0,1,2,2,4,0,0,0.0,0.0,1,4,0,0,0,0,1,-11450
1625f047-b597-403d-b9c4-0660138852ca,9,134711,132081,0,1000,25900,0,0,0,0,0.0,0.0,0,5,0,0.0,0.2,0.0,0.0,0.0,0.0,0.0,0.2,0.0,1.0,30,59,0.2,0.2542372881355932,0,0,0,0,1,1,1,0,0.0,0.0,0,4,0,0,0,0,1,-24900
1625f047-b597-403d-b9c4-0660138852ca,10,151383,-1,1,22850,26600,0,8,3,5,2.123689651489258,2.651571035385132,5,3,1,0.4,0.6666666666666666,0.0,0.6666666666666666,0.0,0.0,0.4,0.3333333333333333,0.6,0.4,44,61,0.38636363636363635,0.08196721311475409,2,0,0,4,4,1,3,0,0.0,0.0,2,3,0,1,0,0,0,-3750
1625f047-b597-403d-b9c4-0660138852ca,11,173078,-1,1,25700,27350,4,7,7,4,2.3336126804351807,0.9831675291061401,5,2,1,0.6,0.0,0.0,1.0,0.0,0.0,0.2,0.0,0.8,0.4,107,49,0.12149532710280374,0.20408163265306123,3,0,5,5,5,3,0,0,0.1875,0.0,3,4,0,1,0,0,0,-1650
1625f047-b597-403d-b9c4-0660138852ca,12,186005,-1,1,30250,25200,13,4,10,7,1.06961190700531,2.2529499530792236,5,1,1,0.2,0.0,0.2,0.0,0.4,0.0,0.0,0.0,0.8,0.2,72,82,0.2638888888888889,0.036585365853658534,3,0,4,3,4,3,1,0,0.0,0.0,4,3,0,1,0,0,0,5050
1625f047-b597-403d-b9c4-0660138852ca,13,207868,202615,0,30150,17300,3,16,12,7,1.9868777990341187,1.8471204042434692,2,3,1,0.0,0.3333333333333333,0.0,0.0,0.5,0.6666666666666666,0.5,0.6666666666666666,0.4,0.6,64,98,0.0625,0.1326530612244898,3,0,3,4,8,5,0,0,0.0,0.0,4,3,0,0,1,0,0,12850
1625f047-b597-403d-b9c4-0660138852ca,14,228044,225154,0,27450,26850,4,7,7,4,2.0045664310455322,2.104715347290039,4,5,1,0.75,0.0,0.25,0.2,0.0,0.2,0.25,0.0,0.8,0.4,114,40,0.11403508771929824,0.275,3,0,1,5,4,4,0,0,0.0,0.0,2,3,0,0,0,0,1,600
1625f047-b597-403d-b9c4-0660138852ca,15,242873,-1,1,14800,28450,2,5,3,4,2.031613349914551,0.6225199103355408,5,3,1,0.2,0.6666666666666666,0.4,0.3333333333333333,0.0,0.0,0.4,0.0,0.6,0.6,61,89,0.2459016393442623,0.07865168539325842,3,0,2,2,3,3,0,0,0.0,0.0,2,2,0,1,0,0,0,-13650
1625f047-b597-403d-b9c4-0660138852ca,16,285777,282681,1,4250,4200,0,2,1,1,0.5653695464134216,3.122997999191284,5,4,1,1.0,1.0,0.2,0.0,0.0,0.0,0.0,0.25,0.2,0.8,58,64,0.2413793103448276,0.203125,0,0,0,0,1,1,0,0,0.0,0.0,0,0,1,0,0,0,0,50
1625f047-b597-403d-b9c4-0660138852ca,17,300583,295328,0,14350,14150,3,25,13,15,2.942521810531616,2.401433229446411,0,5,0,0.0,0.8,0.0,0.0,0.0,0.4,0.0,0.2,0.0,1.0,40,112,0.275,0.16071428571428573,2,0,2,3,8,4,0,0,0.0,0.0,3,3,0,0,1,0,0,200
1625f047-b597-403d-b9c4-0660138852ca,18,309873,307863,0,7350,22100,4,0,0,4,0.0,2.767770528793335,0,5,0,0.0,0.2,0.0,0.0,0.0,0.0,0.0,0.0,0.0,1.0,28,119,0.21428571428571427,0.226890756302521,0,0,1,0,0,1,0,0,0.0,0.6666666666666666,0,2,0,0,0,0,1,-14750
1625f047-b597-403d-b9c4-0660138852ca,19,316786,-1,0,1000,22800,0,0,0,0,0.0,0.0,0,5,0,0.0,0.2,0.0,0.0,0.0,0.0,0.0,0.4,0.0,1.0,30,104,0.23333333333333334,0.21153846153846154,0,0,0,0,0,0,0,0,0.0,1.0,0,1,0,0,0,0,1,-21800
1625f047-b597-403d-b9c4-0660138852ca,20,331238,328570,0,22300,22900,0,14,9,5,2.155010223388672,2.540003538131714,4,5,0,0.5,0.2,0.0,0.0,0.0,0.0,0.5,0.4,0.6,0.8,127,235,0.12598425196850394,0.08085106382978724,1,0,0,5,8,5,3,0,0.0,0.0,1,4,0,0,0,0,1,-600
1625f047-b597-403d-b9c4-0660138852ca,21,343923,-1,0,5150,26200,3,1,2,2,1.6665362119674683,3.247765302658081,0,5,0,0.0,0.0,0.0,0.0,0.0,0.2,0.0,0.2,0.0,1.0,10,93,0.2,0.10752688172043011,0,0,2,1,2,0,1,0,0.0,0.0,0,2,0,0,0,0,1,-21050
1625f047-b597-403d-b9c4-0660138852ca,22,359268,-1,1,27850,28450,2,4,4,2,1.7922557592391968,0.5141928195953369,5,2,1,0.4,0.5,0.2,0.0,0.0,0.0,0.4,0.0,0.6,0.2,68,30,0.14705882352941177,0.16666666666666666,3,0,2,4,2,0,1,0,0.0,0.0,4,3,0,1,0,0,0,-600
1625f047-b597-403d-b9c4-0660138852ca,23,367192,-1,0,28750,27150,0,11,5,6,2.4593889713287354,2.5861876010894775,2,5,0,0.0,0.6,0.0,0.0,0.0,0.2,0.0,0.2,0.2,0.6,46,88,0.2826086956521739,0.13636363636363635,2,0,0,3,5,2,0,0,0.0,0.0,2,3,0,0,0,0,1,1600
1625f047-b597-403d-b9c4-0660138852ca,24,381747,-1,1,16550,28050,6,4,7,3,1.4462776184082031,1.8086724281311035,5,0,1,0.4,0.0,0.0,0.0,0.2,0.0,0.2,0.0,1.0,0.0,118,30,0.15254237288135594,0.1,1,0,3,3,3,0,0,0,0.0,0.0,1,3,0,1,0,0,0,-11500
1625f047-b597-403d-b9c4-0660138852ca,25,400942,396761,0,27750,27150,6,11,8,9,2.6514506340026855,1.5212730169296265,3,5,0,0.0,0.2,0.6666666666666666,0.4,0.0,0.6,0.6666666666666666,0.2,0.6,0.8,66,48,0.10606060606060606,0.22916666666666666,4,0,3,3,6,3,1,0,0.0,0.2,4,5,0,0,0,0,1,600
e2912ae1-af2e-47c4-8cfa-c8d3bd8f8615,1,8289,3036,0,4550,4400,8,4,6,6,0.9519035220146179,1.5854053497314453,5,4,1,1.0,0.75,0.2,0.0,0.2,0.0,0.0,0.0,0.4,0.4,43,75,0.23255813953488372,0.18666666666666668,1,0,3,1,1,1,1,0,0.0,0.0,0,0,0,0,1,0,0,150
e2912ae1-af2e-47c4-8cfa-c8d3bd8f8615,2,22702,19880,0,11900,20250,1,5,5,1,2.634167194366455,0.3198060095310211,0,5,0,0.0,0.6,0.0,0.0,0.0,0.2,0.0,0.0,0.0,1.0,17,93,0.11764705882352941,0.17204301075268819,1,0,1,2,3,2,1,1,0.0,0.0,0,1,0,0,0,0,1,-8350
e2912ae1-af2e-47c4-8cfa-c8d3bd8f8615,3,30952,-1,0,1800,24500,6,1,2,5,1.299291729927063,0.88044273853302,0,5,0,0.0,0.2,0.0,0.0,0.0,0.0,0.0,0.2,0.0,1.0,25,125,0.16,0.184,0,0,2,1,1,0,1,0,0.0,0.0,0,1,0,0,0,0,1,-22700
e2912ae1-af2e-47c4-8cfa-c8d3bd8f8615,4,46237,40984,0,26600,24800,1,11,3,9,2.901445150375366,1.0861849784851074,2,4,1,0.5,0.5,0.0,0.25,0.0,0.0,0.0,0.25,0.4,0.6,30,108,0.3,0.1111111111111111,4,0,1,2,7,4,3,0,0.2222222222222222,0.0,2,3,0,0,1,0,0,1800
e2912ae1-af2e-47c4-8cfa-c8d3bd8f8615,5,58507,53254,0,10650,23850,3,11,8,6,3.022447109222412,1.9815673828125,1,3,0,1.0,0.3333333333333333,1.0,0.3333333333333333,0.0,0.6666666666666666,1.0,0.0,0.4,0.8,22,89,0.09090909090909091,0.14606741573033707,3,0,1,2,4,2,2,0,0.16666666666666666,0.0,0,3,0,0,1,0,0,-13200
e2912ae1-af2e-47c4-8cfa-c8d3bd8f8615,6,72037,66774,0,29200,25300,7,8,9,6,2.831007242202759,1.8187341690063477,4,3,1,0.0,0.6666666666666666,0.25,0.0,0.0,0.0,0.0,0.0,0.4,0.4,116,117,0.08620689655172414,0.06837606837606838,4,0,4,4,4,5,2,0,0.0,0.0,2,5,0,0,1,0,0,3900
e2912ae1-af2e-47c4-8cfa-c8d3bd8f8615,7,97984,-1,1,27850,27650,5,5,4,6,1.6180719137191772,2.0980477333068848,5,1,1,0.0,0.0,0.0,0.0,0.0,0.0,0.0,0.0,0.8,0.2,81,87,0.25925925925925924,0.05747126436781609,3,0,2,5,5,4,2,0,0.0,0.0,4,2,0,1,0,0,0,200
e2912ae1-af2e-47c4-8cfa-c8d3bd8f8615,8,114671,-1,1,29050,25100,2,9,3,8,2.636052131652832,0.9793305993080139,5,2,1,0.2,1.0,0.0,0.5,0.0,0.0,0.2,0.5,0.6,0.4,98,74,0.12244897959183673,0.13513513513513514,3,0,1,4,6,5,2,0,0.0,0.0,4,3,0,1,0,0,0,3950
e2912ae1-af2e-47c4-8cfa-c8d3bd8f8615,9,130032,128741,1,29100,25100,2,9,7,4,2.737578868865967,0.7980241179466248,5,2,1,0.4,0.0,0.2,0.0,0.0,0.0,0.2,1.0,0.6,0.4,141,97,0.09929078014184398,0.061855670103092786,4,0,3,3,5,2,1,0,0.2857142857142857,0.0,4,3,1,0,0,0,0,4000
e2912ae1-af2e-47c4-8cfa-c8d3bd8f8615,10,144255,-1,0,30450,25100,3,9,7,5,3.195272922515869,2.5995376110076904,1,5,1,1.0,0.6,0.0,0.0,0.0,0.0,0.0,0.0,0.2,0.8,138,92,0.10144927536231885,0.13043478260869565,3,0,1,4,6,5,1,0,0.15384615384615385,0.0,5,5,0,0,0,0,1,5350
e2912ae1-af2e-47c4-8cfa-c8d3bd8f8615,11,153284,-1,1,28700,25200,14,1,8,7,2.328784465789795,3.7064120769500732,5,2,1,0.4,0.5,0.0,0.5,0.4,0.5,0.0,0.0,0.6,0.4,82,52,0.18292682926829268,0.15384615384615385,2,0,5,3,4,5,1,0,0.0,0.0,3,2,0,1,0,0,0,3500
e2912ae1-af2e-47c4-8cfa-c8d3bd8f8615,12,165591,163884,1,29700,23200,0,9,6,3,1.858439326286316,1.1438567638397217,5,3,1,0.4,0.3333333333333333,0.0,0.6666666666666666,0.0,0.3333333333333333,0.4,0.3333333333333333,0.8,0.4,104,127,0.14423076923076922,0.11811023622047244,4,0,0,1,4,2,1,0,0.0,0.0,2,1,1,0,0,0,0,6500
e2912ae1-af2e-47c4-8cfa-c8d3bd8f8615,13,189328,-1,1,31150,21100,7,7,9,5,1.9560784101486206,1.8604850769042969,5,2,1,0.6,1.0,0.2,0.5,0.0,0.0,0.0,0.0,0.6,0.2,69,96,0.18840579710144928,0.11458333333333333,3,0,3,3,5,4,1,0,0.0,0.0,3,1,0,1,0,0,0,10050
e2912ae1-af2e-47c4-8cfa-c8d3bd8f8615,14,197538,-1,1,31250,5150,5,0,3,2,1.7665263414382935,3.078150987625122,5,0,1,0.8,0.0,0.0,0.0,0.2,0.0,0.0,0.0,1.0,0.0,38,6,0.21052631578947367,0.0,3,0,2,2,0,0,0,0,0.18181818181818182,0.0,4,0,0,1,0,0,0,26100
e2912ae1-af2e-47c4-8cfa-c8d3bd8f8615,15,230121,207372,0,32450,25500,7,10,12,5,2.4230363368988037,1.8915987014770508,2,5,1,0.0,0.2,0.0,0.0,0.0,0.4,0.5,0.0,0.4,0.6,85,106,0.07058823529411765,0.12264150943396226,3,0,3,2,5,5,1,0,0.18181818181818182,0.0,3,5,0,0,0,0,1,6950
e2912ae1-af2e-47c4-8cfa-c8d3bd8f8615,16,245736,240651,1,4300,4400,0,1,1,0,4.905426979064941,0.0,5,4,1,0.6,0.5,0.2,0.0,0.0,0.0,0.0,0.75,0.6,0.6,52,78,0.25,0.14102564102564102,0,0,0,0,1,1,1,0,0.0,0.0,0,0,1,0,0,0,0,-100
e2912ae1-af2e-47c4-8cfa-c8d3bd8f8615,17,260954,-1,1,21450,13650,0,1,1,0,4.8037567138671875,0.0,5,3,0,0.8,0.6666666666666666,0.0,0.3333333333333333,0.0,0.0,0.4,0.0,0.6,0.6,77,35,0.22077922077922077,0.17142857142857143,2,0,0,2,2,4,0,0,0.0,0.0,1,2,0,1,0,0,0,7800
e2912ae1-af2e-47c4-8cfa-c8d3bd8f8615,18,272815,-1,1,25400,3000,2,0,2,0,0.7225064039230347,0.0,5,2,1,0.6,0.5,0.2,1.0,0.0,0.0,0.0,0.0,0.8,0.4,90,59,0.14444444444444443,0.15254237288135594,2,0,1,2,0,0,0,0,0.0,0.0,4,0,0,1,0,0,0,22400
e2912ae1-af2e-47c4-8cfa-c8d3bd8f8615,19,290563,-1,1,30700,26350,6,8,6,8,1.2630107402801514,1.6194944381713867,5,2,1,0.2,0.5,0.4,0.5,0.0,0.0,0.4,0.0,0.8,0.4,68,149,0.20588235294117646,0.04697986577181208,4,0,4,5,5,4,3,0,0.0,0.26666666666666666,4,3,0,1,0,0,0,4350
e2912ae1-af2e-47c4-8cfa-c8d3bd8f8615,20,296916,-1,1,32350,7450,0,13,8,5,1.9229861497879028,1.5737148523330688,5,1,1,0.4,1.0,0.2,1.0,0.2,1.0,0.4,0.0,0.8,0.2,104,35,0.14423076923076922,0.17142857142857143,3,0,0,1,3,2,1,0,0.0,0.2222222222222222,3,3,0,1,0,0,0,24900
e2912ae1-af2e-47c4-8cfa-c8d3bd8f8615,21,312569,310876,1,32900,27050,2,6,2,6,0.6997429132461548,2.402191162109375,5,2,0,0.6,0.0,0.0,0.0,0.0,0.0,0.0,0.0,0.8,0.4,77,88,0.15584415584415584,0.06818181818181818,4,0,3,4,3,5,3,0,0.0,0.0,4,2,1,0,0,0,0,5850
e2912ae1-af2e-47c4-8cfa-c8d3bd8f8615,22,334618,330677,0,32150,23900,1,4,3,2,0.7921516299247742,2.6801698207855225,3,5,0,0.3333333333333333,0.6,0.0,0.0,0.3333333333333333,0.0,0.3333333333333333,0.2,0.4,0.6,34,111,0.29411764705882354,0.15315315315315314,3,0,1,3,3,5,1,0,0.0,0.0,3,4,0,0,0,0,1,8250
e2912ae1-af2e-47c4-8cfa-c8d3bd8f8615,23,351108,-1,1,29200,25750,7,6,3,10,0.6738040447235107,2.1148972511291504,5,3,0,0.0,0.3333333333333333,0.4,0.0,0.2,0.0,0.4,0.0,0.4,0.4,119,159,0.17647058823529413,0.06289308176100629,3,0,2,5,3,4,3,0,0.0,0.0,4,3,0,1,0,0,0,3450
e2912ae1-af2e-47c4-8cfa-c8d3bd8f8615,24,363454,360908,1,29850,0,1,1,1,1,0.7135595083236694,0.7652598023414612,5,2,1,0.4,0.0,0.0,0.0,0.0,0.0,0.2,0.0,0.6,0.2,70,55,0.17142857142857143,0.18181818181818182,3,0,2,1,1,3,1,0,0.0,0.0,3,2,1,0,0,0,0,29850
46cc4f91-1f09-4c99-9895-38c2df83bac1,1,13810,-1,0,4400,4250,5,2,6,1,1.8482211828231812,3.135348081588745,4,5,1,1.0,0.6,0.0,0.2,0.25,0.0,0.25,0.2,0.8,0.4,68,65,0.11764705882352941,0.2153846153846154,0,0,2,0,1,1,1,0,0.0,0.0,0,1,0,0,0,0,1,150
46cc4f91-1f09-4c99-9895-38c2df83bac1,2,28920,-1,1,10750,15400,1,8,5,4,1.5407464504241943,1.566961646080017,5,4,1,0.8,0.25,0.0,0.25,0.0,0.25,0.4,0.5,0.8,0.4,42,93,0.21428571428571427,0.13978494623655913,3,0,3,4,2,2,3,0,0.18181818181818182,0.0,1,2,0,1,0,0,0,-4650
46cc4f91-1f09-4c99-9895-38c2df83bac1,3,43511,42415,0,22400,9500,0,1,0,1,0.0,0.148879736661911,0,5,0,0.0,0.8,0.0,0.0,0.0,0.0,0.0,0.0,0.0,1.0,55,25,0.07272727272727272,0.28,4,0,2,4,1,1,1,0,0.0,0.0,2,0,0,0,0,0,1,12900
46cc4f91-1f09-4c99-9895-38c2df83bac1,4,60141,55451,1,6050,20200,1,5,5,1,2.401514768600464,4.622255802154541,4,5,1,0.75,0.4,0.25,0.4,0.25,0.2,0.0,0.2,0.6,0.6,27,90,0.4074074074074074,0.2,2,0,1,2,3,2,1,0,0.0,0.0,0,3,1,0,0,0,0,-14150
46cc4f91-1f09-4c99-9895-38c2df83bac1,5,80771,75517,0,16100,26150,3,5,2,6,0.5452824234962463,1.4439239501953125,4,4,0,0.25,0.25,0.0,0.25,0.0,0.0,0.0,0.25,0.4,0.6,33,45,0.18181818181818182,0.24444444444444444,3,0,2,3,3,4,0,0,0.0,0.0,1,3,0,0,1,0,0,-10050
46cc4f91-1f09-4c99-9895-38c2df83bac1,6,93518,-1,1,10950,21700,0,4,3,1,3.5438125133514404,0.7157460451126099,5,3,0,0.0,0.0,0.0,0.3333333333333333,0.0,0.0,0.0,0.3333333333333333,0.6,0.4,18,151,0.3333333333333333,0.09933774834437085,2,0,0,4,3,1,2,0,0.0,0.0,0,4,0,1,0,0,0,-10750
46cc4f91-1f09-4c99-9895-38c2df83bac1,7,109491,-1,1,25300,10650,0,5,3,2,0.6452814936637878,1.1468232870101929,5,1,1,0.4,0.0,0.2,0.0,0.2,0.0,0.4,0.0,0.8,0.2,136,42,0.15441176470588236,0.14285714285714285,2,0,0,2,2,4,1,0,0.0,0.0,2,0,0,1,0,0,0,14650
46cc4f91-1f09-4c99-9895-38c2df83bac1,8,120457,-1,1,31450,1600,0,6,2,4,3.5197575092315674,0.6133682727813721,5,1,1,0.6,1.0,0.2,1.0,0.2,0.0,0.2,1.0,0.8,0.2,65,56,0.24615384615384617,0.25,3,0,0,1,2,0,0,0,0.0,0.0,1,0,0,1,0,0,0,29850
46cc4f91-1f09-4c99-9895-38c2df83bac1,9,140053,136896,0,29800,20300,6,10,5,11,1.8839174509048462,2.110507011413574,4,5,1,0.75,0.8,0.0,0.2,0.0,0.0,0.0,0.0,0.8,0.4,105,96,0.11428571428571428,0.14583333333333334,3,0,4,5,6,4,1,0,0.0,0.0,3,3,0,0,0,0,1,9500
46cc4f91-1f09-4c99-9895-38c2df83bac1,10,159214,156547,0,27650,24600,0,12,7,5,2.1218807697296143,0.530816912651062,1,5,1,0.0,0.4,0.0,0.2,0.0,0.0,0.0,0.0,0.2,0.8,87,61,0.08045977011494253,0.18032786885245902,2,0,1,3,5,4,1,0,0.0,0.0,2,3,0,0,0,0,1,3050
46cc4f91-1f09-4c99-9895-38c2df83bac1,11,177821,173121,0,1000,30000,0,0,0,0,0.0,0.0,4,5,0,0.0,0.6,0.25,0.4,0.0,0.0,0.25,0.0,0.6,0.6,104,34,0.17307692307692307,0.17647058823529413,0,0,0,1,0,3,3,0,0.0,0.0,0,3,0,0,0,0,1,-29000
46cc4f91-1f09-4c99-9895-38c2df83bac1,12,193829,190934,0,24300,27750,20,6,14,12,2.143728733062744,3.1920223236083984,4,5,0,0.25,0.2,0.0,0.6,0.25,0.4,0.25,0.4,0.6,0.6,78,71,0.16666666666666666,0.23943661971830985,2,0,5,3,3,1,2,0,0.0,0.0,1,1,0,0,0,0,1,-3450
46cc4f91-1f09-4c99-9895-38c2df83bac1,13,216384,-1,1,6900,27850,0,9,3,6,3.28604793548584,1.137203335762024,3,1,0,1.0,0.0,0.0,0.0,0.0,0.0,0.0,0.0,0.8,0.4,24,50,0.20833333333333334,0.08,1,0,0,4,3,3,3,0,0.4,0.0,0,4,0,0,0,1,0,-20950
46cc4f91-1f09-4c99-9895-38c2df83bac1,14,243627,-1,1,31100,21150,0,6,2,4,4.1253557205200195,1.1678571701049805,5,1,1,0.8,1.0,0.2,0.0,0.0,0.0,0.0,0.0,0.8,0.2,108,41,0.07407407407407407,0.14634146341463414,3,0,1,4,4,3,1,0,0.0,0.0,2,2,0,1,0,0,0,9950
46cc4f91-1f09-4c99-9895-38c2df83bac1,15,257025,-1,1,32850,10450,0,6,1,5,4.787271976470947,1.7809813022613525,5,3,1,0.4,0.6666666666666666,0.2,0.0,0.2,0.0,0.4,0.0,0.4,0.4,108,23,0.1574074074074074,0.2608695652173913,3,0,0,3,2,4,1,0,0.3333333333333333,0.0,3,1,0,1,0,0,0,22400
46cc4f91-1f09-4c99-9895-38c2df83bac1,16,295826,292017,0,4400,4600,0,3,0,3,0.0,0.19962365925312042,2,5,0,1.0,1.0,0.5,0.0,0.0,0.0,0.0,0.0,0.4,0.8,73,75,0.1095890410958904,0.17333333333333334,1,0,1,1,2,3,2,0,0.0,0.0,1,1,0,0,0,0,1,-200
46cc4f91-1f09-4c99-9895-38c2df83bac1,17,304450,-1,1,9300,18900,2,0,1,1,1.0199670791625977,1.0466667413711548,5,0,1,1.0,0.0,0.0,0.0,0.0,0.0,0.4,0.0,1.0,0.0,23,24,0.30434782608695654,0.041666666666666664,0,0,2,4,1,3,0,0,0.0,0.4,0,1,0,1,0,0,0,-9600
46cc4f91-1f09-4c99-9895-38c2df83bac1,18,317572,-1,1,25450,7650,6,0,5,1,0.4708259701728821,3.0312321186065674,5,3,1,0.8,0.6666666666666666,0.2,0.3333333333333333,0.0,0.0,0.2,0.3333333333333333,0.8,0.6,95,26,0.2,0.23076923076923078,3,0,3,2,0,1,0,0,0.0,0.0,1,0,0,1,0,0,0,17800
46cc4f91-1f09-4c99-9895-38c2df83bac1,19,328544,-1,1,27450,1000,2,0,2,0,1.3852880001068115,0.0,5,1,1,0.2,0.0,0.2,1.0,0.0,0.0,0.4,0.0,0.8,0.2,164,45,0.12195121951219512,0.2,5,0,2,2,0,0,0,0,0.0,0.0,1,0,0,1,0,0,0,26450
46cc4f91-1f09-4c99-9895-38c2df83bac1,20,341710,341472,0,30500,23700,0,0,0,0,0.0,0.0,0,6,0,0.0,0.3333333333333333,0.0,0.0,0.0,0.0,0.0,0.16666666666666666,0.0,1.0,41,112,0.0975609756097561,0.11607142857142858,4,0,0,4,1,2,2,0,0.0,0.0,3,1,0,0,0,0,1,6800
46cc4f91-1f09-4c99-9895-38c2df83bac1,21,363998,358746,0,24150,27050,2,7,6,3,1.109237551689148,2.4205195903778076,3,3,1,0.0,0.3333333333333333,0.3333333333333333,0.0,0.0,0.0,0.3333333333333333,0.3333333333333333,0.6,0.4,37,75,0.21621621621621623,0.12,1,0,3,3,5,4,4,0,0.0,0.23529411764705882,1,4,0,0,1,0,0,-2900
46cc4f91-1f09-4c99-9895-38c2df83bac1,22,380266,375875,1,12100,26750,0,10,4,6,2.449052572250366,0.7578187584877014,5,1,1,0.4,0.0,0.0,1.0,0.0,0.0,0.2,1.0,0.8,0.2,24,91,0.2916666666666667,0.0989010989010989,0,0,0,1,4,5,1,0,0.0,0.0,0,3,1,0,0,0,0,-14650
46cc4f91-1f09-4c99-9895-38c2df83bac1,23,402334,398066,1,31500,22300,3,9,6,6,3.083312749862671,1.3102514743804932,4,2,1,0.25,0.0,0.0,0.5,0.25,0.5,0.0,0.0,0.6,0.4,77,64,0.14285714285714285,0.109375,4,0,3,5,3,2,1,0,0.0,0.0,5,3,1,0,0,0,0,9200
46cc4f91-1f09-4c99-9895-38c2df83bac1,24,415882,413662,0,31000,10000,3,2,1,4,1.683495044708252,1.087829351425171,3,5,1,0.3333333333333333,0.4,0.0,0.2,0.0,0.0,0.0,0.0,0.6,0.4,56,10,0.21428571428571427,0.5,4,0,3,4,1,3,0,0,0.0,0.0,5,0,0,0,0,0,1,21000
46cc4f91-1f09-4c99-9895-38c2df83bac1,25,433802,-1,1,24600,26850,2,7,4,5,2.285592794418335,1.2443335056304932,5,1,1,0.4,0.0,0.0,1.0,0.2,0.0,0.2,1.0,0.8,0.2,107,109,0.1308411214953271,0.08256880733944955,1,0,1,5,6,5,1,0,0.0,0.0,4,4,0,0,0,1,0,-2250
46cc4f91-1f09-4c99-9895-38c2df83bac1,26,448964,443922,1,28550,10500,10,5,5,10,2.4021260738372803,1.9211294651031494,5,3,1,0.6,0.6666666666666666,0.0,0.0,0.0,0.0,0.4,0.0,0.8,0.4,102,38,0.12745098039215685,0.13157894736842105,3,0,4,5,2,4,1,0,0.0,0.0,4,1,1,0,0,0,0,18050
46cc4f91-1f09-4c99-9895-38c2df83bac1,27,472751,467498,0,29850,13700,5,2,1,6,0.7904831767082214,2.0554544925689697,3,3,0,0.0,0.6666666666666666,0.3333333333333333,0.0,0.0,0.0,0.0,0.0,0.4,0.4,23,39,0.21739130434782608,0.15384615384615385,3,0,2,4,1,4,5,0,0.0,0.0,4,2,0,0,1,0,0,16150
46cc4f91-1f09-4c99-9895-38c2df83bac1,28,499504,494251,0,23500,19900,7,6,2,11,2.099670171737671,1.8053349256515503,3,3,0,0.3333333333333333,0.6666666666666666,0.3333333333333333,0.3333333333333333,0.0,0.0,0.0,0.0,0.4,0.6,24,53,0.125,0.1320754716981132,3,0,3,4,2,4,1,0,0.0,0.0,2,4,0,0,1,0,0,3600
46cc4f91-1f09-4c99-9895-38c2df83bac1,29,511979,-1,1,13050,26650,0,0,0,0,0.0,0.0,5,2,1,0.4,0.5,0.4,0.0,0.0,0.0,0.2,0.0,0.6,0.4,28,46,0.32142857142857145,0.13043478260869565,0,1,0,1,0,4,0,0,0.0,0.0,0,0,0,1,0,0,0,-13600
46cc4f91-1f09-4c99-9895-38c2df83bac1,30,527103,523900,1,31150,2500,1,1,0,2,0.0,2.6373791694641113,5,2,1,0.6,0.5,0.2,0.5,0.0,0.0,0.2,0.0,0.8,0.4,104,36,0.21153846153846154,0.1388888888888889,3,0,3,3,1,4,1,0,0.0,0.0,4,1,1,0,0,0,0,28650
8e79e026-26c9-4e27-afaf-2a60103311b7,1,17248,-1,0,4400,3700,3,7,3,7,1.1651028394699097,1.8626197576522827,2,5,0,1.0,1.0,0.0,0.2,0.0,0.0,0.5,0.2,0.2,0.6,23,51,0.2608695652173913,0.13725490196078433,0,0,2,0,3,2,0,0,0.0,0.0,0,0,0,0,0,0,1,700
8e79e026-26c9-4e27-afaf-2a60103311b7,2,36468,31215,0,8800,15900,0,8,2,6,2.816636562347412,0.9834131598472595,2,3,1,1.0,0.0,0.0,0.0,0.0,0.0,0.5,0.0,0.4,0.6,13,118,0.23076923076923078,0.09322033898305085,1,0,1,0,7,6,2,0,0.0,0.21052631578947367,0,4,0,0,1,0,0,-7100
8e79e026-26c9-4e27-afaf-2a60103311b7,3,49001,-1,1,6750,18050,1,6,5,2,3.545353651046753,0.40732550621032715,5,1,1,0.6,0.0,0.2,0.0,0.0,0.0,0.4,0.0,0.8,0.2,69,80,0.21739130434782608,0.0875,0,0,1,0,5,2,3,0,0.0,0.21428571428571427,0,4,0,1,0,0,0,-11300
8e79e026-26c9-4e27-afaf-2a60103311b7,4,71951,-1,1,27800,16300,8,6,9,5,1.6903777122497559,2.0805461406707764,5,2,1,0.8,1.0,0.0,0.5,0.0,0.0,0.2,0.0,0.6,0.4,55,74,0.23636363636363636,0.10810810810810811,4,0,4,3,4,3,1,0,0.0,0.0,4,1,0,1,0,0,0,11500
8e79e026-26c9-4e27-afaf-2a60103311b7,5,80878,-1,1,30950,2850,4,4,4,4,2.0516719818115234,2.236037254333496,5,0,1,0.6,0.0,0.0,0.0,0.2,0.0,0.2,0.0,1.0,0.0,48,10,0.22916666666666666,0.0,5,0,2,1,2,1,0,0,0.0,0.0,2,0,0,1,0,0,0,28100
8e79e026-26c9-4e27-afaf-2a60103311b7,6,90212,-1,1,32850,2400,0,0,0,0,0.0,0.0,5,0,1,0.2,0.0,0.0,0.0,0.0,0.0,0.2,0.0,1.0,0.0,81,8,0.09876543209876543,0.0,4,0,0,1,0,0,2,0,0.0,0.0,4,0,0,1,0,0,0,30450
8e79e026-26c9-4e27-afaf-2a60103311b7,7,105811,-1,1,33350,24900,8,4,5,7,1.7975997924804688,1.5947325229644775,5,0,1,0.0,0.0,0.0,0.0,0.0,0.0,0.2,0.0,1.0,0.0,99,80,0.10101010101010101,0.0125,3,0,5,5,4,3,3,0,0.0,0.14285714285714285,6,4,0,1,0,0,0,8450
8e79e026-26c9-4e27-afaf-2a60103311b7,8,120048,118390,1,31850,8600,1,5,2,4,2.1531848907470703,2.0770998001098633,5,3,0,0.4,0.6666666666666666,0.2,0.3333333333333333,0.0,0.3333333333333333,0.4,0.3333333333333333,0.6,0.4,87,81,0.16091954022988506,0.12345679012345678,4,0,5,3,3,3,0,0,0.0,0.0,4,0,1,0,0,0,0,23250
8e79e026-26c9-4e27-afaf-2a60103311b7,9,138922,137188,0,34500,26150,0,8,3,5,2.8579635620117188,0.8531096577644348,3,5,1,0.3333333333333333,0.6,0.0,0.6,0.0,0.0,0.3333333333333333,0.4,0.6,0.6,44,64,0.1590909090909091,0.140625,4,0,2,3,8,4,3,0,0.0,0.0,3,4,0,0,0,0,1,8350
8e79e026-26c9-4e27-afaf-2a60103311b7,10,157800,152548,0,30900,26350,19,19,14,24,2.0945522785186768,1.9134567975997925,4,4,1,0.75,0.75,0.0,0.75,0.75,0.0,0.25,0.0,0.8,0.6,177,176,0.07344632768361582,0.07386363636363637,4,0,7,5,7,5,0,0,0.0,0.0,4,5,0,0,1,0,0,4550
8e79e026-26c9-4e27-afaf-2a60103311b7,11,179770,174517,0,29500,26650,0,12,4,8,1.849595308303833,1.137466549873352,1,3,0,1.0,0.3333333333333333,1.0,0.3333333333333333,0.0,0.3333333333333333,0.0,0.0,0.4,0.8,18,68,0.2222222222222222,0.1323529411764706,2,0,0,3,5,3,1,0,0.0,0.0,2,2,0,0,1,0,0,2850
8e79e026-26c9-4e27-afaf-2a60103311b7,12,197690,-1,1,28700,27850,6,8,7,7,1.842533826828003,1.9217727184295654,4,4,0,0.5,0.0,0.25,0.0,0.25,0.25,0.0,0.5,0.4,0.6,48,106,0.14583333333333334,0.12264150943396226,1,0,3,3,5,4,3,0,0.0,0.0,4,4,0,0,0,1,0,850
8e79e026-26c9-4e27-afaf-2a60103311b7,13,213887,208634,0,26400,25500,0,3,0,3,0.0,1.0951833724975586,0,3,0,0.0,0.6666666666666666,0.0,0.0,0.0,0.0,0.0,0.0,0.4,1.0,10,170,0.2,0.047058823529411764,3,0,0,2,4,3,2,0,0.0,0.0,1,4,0,0,1,0,0,900
8e79e026-26c9-4e27-afaf-2a60103311b7,14,232844,228296,0,11200,25600,3,4,3,4,1.6586934328079224,2.4783637523651123,3,5,1,0.0,0.2,0.0,0.0,0.0,0.2,0.0,0.6,0.4,0.4,62,116,0.3064516129032258,0.1206896551724138,1,0,1,1,4,4,2,0,0.0,0.0,1,4,0,0,0,0,1,-14400
8e79e026-26c9-4e27-afaf-2a60103311b7,15,250030,246113,1,24100,27300,3,3,3,3,0.7400332093238831,1.3412418365478516,5,1,1,0.6,0.0,0.2,0.0,0.0,0.0,0.6,0.0,0.8,0.2,98,115,0.1326530612244898,0.09565217391304348,2,1,2,2,2,4,1,0,0.0,0.0,2,3,1,0,0,0,0,-3200
8e79e026-26c9-4e27-afaf-2a60103311b7,16,289748,-1,1,3750,4350,2,3,1,4,0.6234330534934998,3.8354129791259766,5,1,1,0.8,1.0,0.0,0.0,0.0,0.0,0.0,0.0,0.8,0.2,41,27,0.14634146341463414,0.14814814814814814,1,0,1,1,1,1,0,0,0.0,0.0,0,0,0,1,0,0,0,-600
8e79e026-26c9-4e27-afaf-2a60103311b7,17,302096,-1,1,20550,8200,12,2,9,5,2.1380083560943604,2.381101608276367,5,1,1,0.6,0.0,0.2,1.0,0.2,0.0,0.2,1.0,0.8,0.2,88,55,0.17045454545454544,0.05454545454545454,4,0,5,5,1,1,0,0,0.0,0.0,2,1,0,1,0,0,0,12350
8e79e026-26c9-4e27-afaf-2a60103311b7,18,310867,-1,0,22950,1500,1,0,0,1,0.0,3.8486857414245605,4,5,0,0.25,0.4,0.25,0.2,0.0,0.0,0.25,0.0,0.6,0.4,63,50,0.2222222222222222,0.26,3,0,1,1,0,0,0,0,0.16666666666666666,0.0,1,0,0,0,0,0,1,21450
8e79e026-26c9-4e27-afaf-2a60103311b7,19,330442,328096,1,16050,27950,5,13,10,8,2.2938218116760254,1.7506541013717651,5,3,0,0.4,0.3333333333333333,0.2,0.0,0.0,0.6666666666666666,0.2,0.0,0.6,0.4,40,74,0.275,0.06756756756756757,2,0,1,4,7,5,2,0,0.0,0.0,1,4,1,0,0,0,0,-11900
8e79e026-26c9-4e27-afaf-2a60103311b7,20,349906,344652,0,24400,6850,5,2,1,6,3.4803786277770996,1.7426847219467163,3,3,1,0.0,0.6666666666666666,0.0,0.3333333333333333,0.3333333333333333,0.0,0.3333333333333333,0.0,0.4,0.4,72,66,0.16666666666666666,0.21212121212121213,2,0,3,4,1,1,0,0,0.0,0.0,4,0,0,0,1,0,0,17550
8e79e026-26c9-4e27-afaf-2a60103311b7,21,371871,367397,1,16400,28350,10,12,10,12,1.8078527450561523,2.089385986328125,5,2,1,0.6,0.0,0.0,0.5,0.2,0.0,0.6,1.0,0.8,0.2,122,128,0.13934426229508196,0.0625,4,0,5,5,7,5,1,0,0.26666666666666666,0.0,1,5,1,0,0,0,0,-11950
8e79e026-26c9-4e27-afaf-2a60103311b7,22,387072,-1,1,28150,1500,6,0,2,4,1.2494654655456543,1.847388744354248,5,2,1,0.4,1.0,0.2,0.5,0.0,0.0,0.2,0.5,0.6,0.2,104,27,0.15384615384615385,0.14814814814814814,3,0,2,3,0,0,0,0,0.0,0.0,4,0,0,1,0,0,0,26650
8e79e026-26c9-4e27-afaf-2a60103311b7,23,408681,403427,0,31550,25850,4,15,11,8,2.1563880443573,1.0347596406936646,2,4,0,1.0,0.0,0.5,0.5,0.5,0.25,0.0,0.5,0.4,0.8,106,84,0.10377358490566038,0.19047619047619047,3,0,4,4,6,5,0,0,0.0,0.0,4,4,0,0,1,0,0,5700
8e79e026-26c9-4e27-afaf-2a60103311b7,24,431177,425921,0,17600,27250,1,5,1,5,4.1631903648376465,1.1556169986724854,1,2,0,1.0,0.5,0.0,0.0,0.0,0.0,0.0,0.0,0.6,0.8,29,52,0.2413793103448276,0.09615384615384616,2,0,2,2,7,4,1,0,0.0,0.0,2,5,0,0,1,0,0,-9650
8e79e026-26c9-4e27-afaf-2a60103311b7,25,443518,-1,1,14100,27050,0,0,0,0,0.0,0.0,5,0,1,0.6,0.0,0.0,0.0,0.0,0.0,0.0,0.0,1.0,0.0,34,62,0.29411764705882354,0.03225806451612903,0,0,0,0,2,2,1,0,0.0,0.0,0,3,0,1,0,0,0,-12950
8e79e026-26c9-4e27-afaf-2a60103311b7,26,459621,-1,1,32050,21650,4,7,5,6,1.3228484392166138,1.3080228567123413,5,2,1,0.2,1.0,0.0,0.0,0.2,0.0,0.2,0.5,0.8,0.4,97,139,0.09278350515463918,0.06474820143884892,4,0,5,3,6,4,1,0,0.29411764705882354,0.0,5,5,0,1,0,0,0,10400
8e79e026-26c9-4e27-afaf-2a60103311b7,27,471865,-1,1,32800,1700,4,0,3,1,0.740814208984375,3.56370210647583,5,0,1,0.2,0.0,0.0,0.0,0.0,0.0,0.0,0.0,1.0,0.0,68,42,0.16176470588235295,0.0,3,0,2,2,0,0,0,0,0.0,0.0,4,0,0,1,0,0,0,31100
8e79e026-26c9-4e27-afaf-2a60103311b7,28,494051,-1,1,33400,17500,7,7,6,8,1.0359294414520264,1.8162879943847656,5,1,1,0.4,0.0,0.0,1.0,0.2,0.0,0.2,1.0,0.8,0.2,66,76,0.13636363636363635,0.11842105263157894,5,0,4,3,5,4,0,0,0.25,0.0,4,3,0,1,0,0,0,15900
d2dff070-d216-4b59-9edd-1e20e9518a8a,1,53429,-1,0,4250,4250,0,0,0,0,0.0,0.0,2,5,1,1.0,0.6,0.0,0.4,0.0,0.0,0.0,0.0,0.4,0.6,17,23,0.11764705882352941,0.391304347826087,0,0,0,0,0,0,0,0,0.0,0.0,0,0,0,0,0,0,1,0
d2dff070-d216-4b59-9edd-1e20e9518a8a,2,69538,68889,0,9600,18600,0,9,5,4,3.2414193153381348,1.5372086763381958,3,4,0,0.3333333333333333,0.5,1.0,0.25,0.0,0.25,1.0,0.5,0.6,0.8,41,89,0.3170731707317073,0.2696629213483146,1,0,0,4,3,3,0,0,0.0,0.0,0,4,0,0,0,0,1,-9000
d2dff070-d216-4b59-9edd-1e20e9518a8a,3,85539,83723,0,2000,19800,0,4,3,1,3.093327522277832,0.9632444381713867,2,5,0,1.0,0.4,0.5,0.2,0.0,0.0,0.0,0.2,0.4,0.8,16,66,0.3125,0.19696969696969696,0,0,0,0,3,1,2,0,0.0,0.0,0,3,0,0,0,0,1,-17800
d2dff070-d216-4b59-9edd-1e20e9518a8a,4,106407,102545,1,27950,24500,3,6,4,5,1.7567884922027588,0.7034919261932373,5,3,1,0.2,0.3333333333333333,0.0,0.6666666666666666,0.0,0.0,0.4,0.0,0.8,0.6,167,182,0.11976047904191617,0.09340659340659341,4,0,5,5,8,3,1,0,0.0,0.0,3,5,1,0,0,0,0,3450
d2dff070-d216-4b59-9edd-1e20e9518a8a,5,116743,-1,1,27550,23800,7,7,7,7,1.4946305751800537,2.7321345806121826,5,3,1,0.6,0.0,0.2,0.3333333333333333,0.4,0.0,0.2,0.3333333333333333,0.4,0.4,98,53,0.21428571428571427,0.2641509433962264,1,0,3,3,4,4,1,0,0.0,0.0,4,1,0,1,0,0,0,3750
d2dff070-d216-4b59-9edd-1e20e9518a8a,6,134232,131807,0,27100,3000,4,8,4,8,3.125309467315674,1.3107675313949585,4,5,0,0.25,0.4,0.0,0.4,0.25,0.2,0.0,0.4,0.8,0.4,66,86,0.10606060606060606,0.19767441860465115,3,0,2,1,3,3,1,0,0.0,0.0,3,0,0,0,0,0,1,24100
d2dff070-d216-4b59-9edd-1e20e9518a8a,7,147856,142606,0,3100,25500,0,1,1,0,0.13451477885246277,0.0,0,3,0,0.0,0.6666666666666666,0.0,0.0,0.0,0.0,0.0,0.0,0.2,1.0,26,168,0.2692307692307692,0.07738095238095238,0,0,0,0,2,1,2,0,0.0,0.0,0,3,0,0,1,0,0,-22400
d2dff070-d216-4b59-9edd-1e20e9518a8a,8,157027,-1,1,26500,25400,5,2,5,2,3.2644805908203125,2.828582763671875,4,2,1,0.5,1.0,0.25,0.5,0.25,0.5,0.25,0.5,0.6,0.4,74,101,0.2972972972972973,0.10891089108910891,2,0,2,2,3,3,1,0,0.0,0.0,3,1,0,1,0,0,0,1100
d2dff070-d216-4b59-9edd-1e20e9518a8a,9,176965,173994,0,26350,23500,5,4,9,0,2.6627421379089355,0.0,2,5,1,0.5,0.8,0.0,0.2,0.0,0.0,0.5,0.0,0.4,0.6,67,53,0.11940298507462686,0.18867924528301888,3,0,3,3,3,5,0,0,0.0,0.0,2,5,0,0,0,0,1,2850
d2dff070-d216-4b59-9edd-1e20e9518a8a,10,201445,200733,0,14050,25100,2,7,6,3,2.134307861328125,1.9946149587631226,4,5,0,0.5,0.2,0.0,0.4,0.25,0.0,0.5,0.2,0.4,0.6,84,208,0.11904761904761904,0.10576923076923077,3,0,2,3,5,3,1,0,0.0,0.0,1,5,0,0,0,0,1,-11050
d2dff070-d216-4b59-9edd-1e20e9518a8a,11,222125,216876,0,1300,24700,0,0,0,0,0.0,0.0,2,3,0,0.5,0.6666666666666666,0.5,0.0,0.0,0.0,0.5,0.0,0.4,0.6,22,36,0.3181818181818182,0.2222222222222222,0,0,0,1,2,0,1,0,0.0,0.0,0,3,0,0,1,0,0,-23400
d2dff070-d216-4b59-9edd-1e20e9518a8a,12,240715,239219,1,29450,25000,2,6,4,4,2.3289284706115723,2.149111747741699,5,0,1,0.4,0.0,0.0,0.0,0.0,0.0,0.2,0.0,1.0,0.0,117,131,0.1452991452991453,0.022900763358778626,4,0,3,5,6,4,3,0,0.0,0.0,4,5,1,0,0,0,0,4450
d2dff070-d216-4b59-9edd-1e20e9518a8a,13,259706,257461,0,30000,25300,13,7,10,10,1.334455132484436,2.352994680404663,4,5,0,0.5,0.4,0.25,0.4,0.0,0.0,0.0,0.0,0.6,0.6,102,94,0.10784313725490197,0.13829787234042554,4,0,6,4,3,3,2,0,0.0,0.0,3,4,0,0,0,0,1,4700
d2dff070-d216-4b59-9edd-1e20e9518a8a,14,280207,-1,1,30100,20700,5,3,6,2,1.9602227210998535,2.4995508193969727,5,1,1,0.0,1.0,0.0,0.0,0.0,0.0,0.6,0.0,0.8,0.2,119,67,0.14285714285714285,0.1044776119402985,4,0,3,3,4,2,0,0,0.0,0.0,4,2,0,1,0,0,0,9400
d2dff070-d216-4b59-9edd-1e20e9518a8a,15,292546,-1,1,32300,12150,10,2,8,4,1.7386949062347412,2.19437837600708,5,1,0,0.2,0.0,0.0,0.0,0.0,0.0,0.2,0.0,0.8,0.2,63,40,0.19047619047619047,0.2,4,0,3,3,1,2,0,0,0.0,0.0,4,2,0,1,0,0,0,20150
d2dff070-d216-4b59-9edd-1e20e9518a8a,16,329737,-1,1,4250,4450,0,5,4,1,2.069154739379883,1.9318840503692627,5,1,1,0.8,1.0,0.0,0.0,0.0,0.0,0.0,0.0,0.8,0.2,59,52,0.22033898305084745,0.1346153846153846,0,0,0,0,1,2,1,0,0.0,0.0,0,0,0,1,0,0,0,-200
d2dff070-d216-4b59-9edd-1e20e9518a8a,17,336154,-1,1,19850,1200,0,3,0,3,0.0,0.7678480744361877,5,0,1,0.2,0.0,0.0,0.0,0.0,0.0,0.6,0.0,1.0,0.0,79,8,0.20253164556962025,0.125,3,0,0,1,1,0,0,0,0.0,0.0,2,0,0,1,0,0,0,18650
d2dff070-d216-4b59-9edd-1e20e9518a8a,18,351605,-1,0,20750,23000,5,0,2,3,1.6772055625915527,3.953850507736206,1,5,0,0.0,0.6,0.0,0.2,0.0,0.0,1.0,0.2,0.2,0.8,108,105,0.14814814814814814,0.1523809523809524,3,0,2,2,0,3,0,0,0.0,0.0,3,3,0,0,0,0,1,-2250
d2dff070-d216-4b59-9edd-1e20e9518a8a,19,365341,-1,1,23700,22800,4,3,4,3,2.5833840370178223,4.253217697143555,5,1,1,0.4,1.0,0.2,1.0,0.2,1.0,0.4,1.0,0.8,0.2,94,40,0.19148936170212766,0.1,1,0,2,3,3,1,2,0,0.0,0.0,1,2,0,1,0,0,0,900
d2dff070-d216-4b59-9edd-1e20e9518a8a,20,379968,-1,1,28350,19400,3,13,8,8,2.114762306213379,1.514526605606079,5,2,1,0.2,0.5,0.2,0.0,0.0,0.0,0.6,0.0,0.6,0.4,104,53,0.19230769230769232,0.1509433962264151,3,0,3,3,3,2,1,0,0.0,0.0,3,3,0,1,0,0,0,8950
d2dff070-d216-4b59-9edd-1e20e9518a8a,21,400333,397001,1,30950,3650,2,1,0,3,0.0,3.6014976501464844,5,2,1,0.4,0.5,0.0,0.5,0.0,0.0,0.2,0.0,0.8,0.4,101,33,0.10891089108910891,0.21212121212121213,2,0,2,4,1,0,1,0,0.0,0.0,5,0,1,0,0,0,0,27300
d2dff070-d216-4b59-9edd-1e20e9518a8a,22,416952,-1,1,32050,27150,12,13,17,8,1.835545539855957,1.3087983131408691,5,1,1,0.4,0.0,0.0,0.0,0.4,0.0,0.0,0.0,0.8,0.2,51,56,0.11764705882352941,0.125,2,0,6,5,8,4,1,0,0.0,0.0,4,5,0,1,0,0,0,4900
d2dff070-d216-4b59-9edd-1e20e9518a8a,23,434431,429183,0,30200,21700,4,7,9,2,1.956247091293335,0.6687602996826172,4,3,1,0.25,0.6666666666666666,0.0,0.0,0.0,0.3333333333333333,0.25,0.3333333333333333,0.6,0.4,52,67,0.19230769230769232,0.13432835820895522,2,0,1,2,3,5,1,0,0.0,0.0,3,2,0,0,1,0,0,8500
d2dff070-d216-4b59-9edd-1e20e9518a8a,24,445691,-1,0,31050,21700,2,11,6,7,2.573608636856079,1.6178419589996338,2,5,1,0.5,0.6,0.0,0.4,0.0,0.4,0.0,0.6,0.4,0.6,69,203,0.17391304347826086,0.10344827586206896,5,0,2,5,5,3,1,0,0.0,0.0,3,2,0,0,0,0,1,9350
d2dff070-d216-4b59-9edd-1e20e9518a8a,25,467753,462505,0,5050,27650,0,7,3,4,2.8839690685272217,2.3354904651641846,2,4,1,1.0,0.5,0.0,0.25,0.0,0.0,0.0,0.0,0.4,0.6,23,81,0.2608695652173913,0.12345679012345678,1,0,0,2,5,1,1,0,0.0,0.0,0,5,0,0,1,0,0,-22600
d2dff070-d216-4b59-9edd-1e20e9518a8a,26,489977,484729,0,27050,28050,2,7,8,1,2.1598410606384277,4.13510274887085,2,4,0,0.5,0.25,0.0,0.25,0.0,0.0,0.0,0.25,0.4,0.8,47,154,0.1702127659574468,0.09740259740259741,2,0,3,3,5,2,3,0,0.0,0.0,3,5,0,0,1,0,0,-1000
d2dff070-d216-4b59-9edd-1e20e9518a8a,27,509824,504573,0,8550,27550,8,6,9,5,1.0865663290023804,2.3334853649139404,0,4,0,0.0,0.75,0.0,0.0,0.0,0.25,0.0,0.5,0.2,1.0,26,203,0.038461538461538464,0.03940886699507389,0,0,2,2,4,5,2,0,0.0,0.0,0,5,0,0,1,0,0,-19000
d2dff070-d216-4b59-9edd-1e20e9518a8a,28,529150,527108,1,28450,5100,7,13,14,6,1.8009119033813477,1.129698395729065,5,3,0,0.4,0.3333333333333333,0.2,0.3333333333333333,0.2,0.3333333333333333,0.0,0.0,0.6,0.4,78,119,0.1794871794871795,0.08403361344537816,1,0,4,4,8,3,3,0,0.0,0.0,4,5,1,0,0,0,0,23350
f525b5f1-509e-495a-8f55-f1dd4f40ac12,1,15218,11668,1,4400,4100,10,4,5,9,1.5387604236602783,2.3122386932373047,5,3,1,0.6,0.6666666666666666,0.2,0.3333333333333333,0.4,0.0,0.2,0.3333333333333333,0.8,0.4,50,37,0.32,0.21621621621621623,0,0,2,0,1,2,0,0,0.0,0.0,0,1,1,0,0,0,0,300
f525b5f1-509e-495a-8f55-f1dd4f40ac12,2,32012,26759,0,20550,14050,7,16,10,13,2.336165189743042,2.401323080062866,0,2,0,0.0,0.5,0.0,0.0,0.0,0.5,0.0,0.5,0.6,1.0,7,102,0.0,0.049019607843137254,1,0,3,2,4,3,2,0,0.5714285714285714,0.0,1,1,0,0,1,0,0,6500
f525b5f1-509e-495a-8f55-f1dd4f40ac12,3,42595,-1,0,17450,21400,13,23,17,19,2.4330790042877197,1.1173200607299805,2,5,0,1.0,0.2,0.5,0.2,0.5,0.4,0.0,0.4,0.4,0.6,36,112,0.25,0.125,1,0,3,2,7,4,0,0,0.375,0.0,2,4,0,0,0,0,1,-3950
f525b5f1-509e-495a-8f55-f1dd4f40ac12,4,52121,-1,0,1600,23650,0,6,5,1,2.1476387977600098,1.887001395225525,0,5,0,0.0,0.4,0.0,0.0,0.0,0.0,0.0,0.6,0.0,1.0,33,100,0.21212121212121213,0.12,1,0,0,2,3,1,3,0,0.0,0.0,0,3,0,0,0,0,1,-22050
f525b5f1-509e-495a-8f55-f1dd4f40ac12,5,66607,66218,0,23450,24150,7,33,20,20,2.8415184020996094,1.305567741394043,3,5,1,0.6666666666666666,0.4,0.0,0.4,0.3333333333333333,0.0,0.3333333333333333,0.2,0.6,0.4,158,68,0.0759493670886076,0.10294117647058823,0,0,3,5,8,4,1,1,0.0,0.0,1,3,0,0,0,0,1,-700
f525b5f1-509e-495a-8f55-f1dd4f40ac12,6,90658,85404,0,4450,27250,0,22,8,14,1.2567247152328491,1.0991727113723755,1,4,1,0.0,0.5,0.0,0.0,0.0,0.25,1.0,0.25,0.2,0.8,15,80,0.26666666666666666,0.1,2,0,0,1,9,3,1,0,0.0,0.0,0,5,0,0,1,0,0,-22800
f525b5f1-509e-495a-8f55-f1dd4f40ac12,7,105109,-1,1,29400,27350,7,17,15,9,1.8091099262237549,2.581205368041992,5,0,1,0.2,0.0,0.0,0.0,0.0,0.0,0.0,0.0,1.0,0.0,82,88,0.12195121951219512,0.022727272727272728,3,0,3,5,9,3,0,0,0.0,0.0,4,4,0,1,0,0,0,2050
f525b5f1-509e-495a-8f55-f1dd4f40ac12,8,117744,-1,1,30950,27250,7,8,8,7,1.4245331287384033,2.1561367511749268,5,0,1,0.4,0.0,0.0,0.0,0.0,0.0,0.0,0.0,1.0,0.0,132,62,0.09090909090909091,0.04838709677419355,4,0,4,5,4,2,1,0,0.16666666666666666,0.0,5,2,0,1,0,0,0,3700
f525b5f1-509e-495a-8f55-f1dd4f40ac12,9,138527,133274,0,30450,26400,1,4,2,3,3.6922361850738525,3.0596923828125,1,3,0,0.0,1.0,0.0,0.0,0.0,0.0,0.0,0.0,0.4,0.8,11,27,0.18181818181818182,0.1111111111111111,2,0,1,3,3,1,0,1,0.0,0.0,3,1,0,0,1,0,0,4050
f525b5f1-509e-495a-8f55-f1dd4f40ac12,10,156447,-1,1,31550,27250,8,20,14,14,2.522752285003662,1.3917475938796997,4,2,0,0.75,0.5,0.5,0.0,0.0,0.5,0.25,0.5,0.6,0.4,43,108,0.11627906976744186,0.10185185185185185,3,0,4,4,7,4,1,0,0.14285714285714285,0.0,3,4,0,0,0,1,0,4300
f525b5f1-509e-495a-8f55-f1dd4f40ac12,11,169122,-1,1,31800,25050,9,11,12,8,1.6155353784561157,1.8279786109924316,5,2,0,0.4,0.5,0.0,0.0,0.4,0.5,0.2,0.0,0.6,0.4,63,36,0.20634920634920634,0.2222222222222222,4,0,4,6,3,3,0,0,0.0,0.0,5,0,0,1,0,0,0,6750
f525b5f1-509e-495a-8f55-f1dd4f40ac12,12,182407,-1,1,30750,4500,6,0,2,4,0.8871141672134399,2.1290221214294434,5,0,1,0.0,0.0,0.0,0.0,0.0,0.0,0.0,0.0,1.0,0.0,78,10,0.15384615384615385,0.0,5,0,4,5,0,0,0,0,0.15789473684210525,0.0,5,0,0,1,0,0,0,26250
f525b5f1-509e-495a-8f55-f1dd4f40ac12,13,193872,-1,1,31950,24150,20,19,29,10,1.9022799730300903,2.039139986038208,5,2,0,0.0,0.5,0.2,0.0,0.0,0.5,0.4,0.0,0.6,0.2,67,95,0.22388059701492538,0.12631578947368421,2,0,4,3,4,4,0,0,0.14285714285714285,0.0,5,0,0,1,0,0,0,7800
f525b5f1-509e-495a-8f55-f1dd4f40ac12,14,210979,206984,1,32550,7450,15,26,14,27,2.673490285873413,1.2230801582336426,5,1,0,0.4,0.0,0.0,0.0,0.6,1.0,0.2,0.0,0.8,0.2,118,42,0.1271186440677966,0.19047619047619047,5,0,5,3,8,2,0,0,0.35294117647058826,0.0,4,1,1,0,0,0,0,25100
f525b5f1-509e-495a-8f55-f1dd4f40ac12,15,227506,226117,1,34400,27250,21,27,19,29,2.505141019821167,2.027696132659912,5,3,1,0.8,0.3333333333333333,0.2,0.3333333333333333,0.2,0.3333333333333333,0.2,0.3333333333333333,0.8,0.6,97,113,0.1134020618556701,0.09734513274336283,5,0,6,5,9,4,1,0,0.19047619047619047,0.0,5,4,1,0,0,0,0,7150
f525b5f1-509e-495a-8f55-f1dd4f40ac12,16,269753,-1,1,4250,4350,0,2,0,2,0.0,3.098724603652954,5,2,1,0.6,0.0,0.0,0.0,0.0,0.0,0.4,0.0,0.6,0.4,77,64,0.2077922077922078,0.1875,1,0,0,0,1,0,0,1,0.0,0.3333333333333333,0,1,0,1,0,0,0,-100
f525b5f1-509e-495a-8f55-f1dd4f40ac12,17,282996,-1,1,19150,1000,0,0,0,0,0.0,0.0,5,0,1,0.6,0.0,0.0,0.0,0.0,0.0,0.6,0.0,1.0,0.0,115,48,0.11304347826086956,0.16666666666666666,3,1,0,3,0,0,0,0,0.0,0.0,3,0,0,1,0,0,0,18150
f525b5f1-509e-495a-8f55-f1dd4f40ac12,18,307500,302246,0,19500,23500,2,8,5,5,2.2208523750305176,0.5925489068031311,2,3,0,0.5,1.0,0.0,0.3333333333333333,0.0,0.3333333333333333,0.0,0.3333333333333333,0.4,0.6,98,146,0.09183673469387756,0.10273972602739725,3,0,2,2,5,3,0,0,0.0,0.0,2,2,0,0,1,0,0,-4000
f525b5f1-509e-495a-8f55-f1dd4f40ac12,19,325420,-1,1,24050,24200,3,19,14,8,2.1021358966827393,1.5857489109039307,4,4,1,0.5,0.5,0.0,0.25,0.0,0.25,0.0,0.0,0.6,0.4,83,156,0.13253012048192772,0.07692307692307693,2,0,4,3,9,5,1,0,0.0,0.2,2,5,0,0,0,1,0,-150
f525b5f1-509e-495a-8f55-f1dd4f40ac12,20,341557,338591,0,23550,19200,4,15,10,9,2.053725481033325,0.7644395232200623,2,5,0,0.0,0.2,0.0,0.2,0.0,0.2,0.5,0.2,0.2,0.8,53,137,0.11320754716981132,0.11678832116788321,3,1,4,4,7,2,0,0,0.0,0.0,2,1,0,0,0,0,1,4350
f525b5f1-509e-495a-8f55-f1dd4f40ac12,21,359792,354539,0,10100,24550,0,13,4,9,1.5552321672439575,1.0512083768844604,5,4,0,0.2,0.25,0.0,0.25,0.0,0.0,0.2,0.5,0.6,0.6,58,110,0.22413793103448276,0.11818181818181818,1,0,0,1,5,3,1,0,0.0,0.0,0,2,0,0,1,0,0,-14450
f525b5f1-509e-495a-8f55-f1dd4f40ac12,22,371875,-1,0,7500,23400,0,3,2,1,0.568828284740448,0.4579288363456726,2,5,1,0.5,0.2,0.0,0.0,0.0,0.0,0.0,0.4,0.4,0.8,42,81,0.21428571428571427,0.18518518518518517,1,0,0,2,4,2,0,0,0.0,0.0,0,2,0,0,0,0,1,-15900
f525b5f1-509e-495a-8f55-f1dd4f40ac12,23,388661,-1,1,23350,22600,1,15,10,6,2.683574914932251,1.2322039604187012,5,1,0,0.4,0.0,0.0,0.0,0.0,1.0,0.2,0.0,0.8,0.2,56,69,0.17857142857142858,0.10144927536231885,0,0,1,4,5,3,0,0,0.0,0.0,1,2,0,1,0,0,0,750
f525b5f1-509e-495a-8f55-f1dd4f40ac12,24,402501,-1,1,25850,1800,2,2,3,1,0.788539707660675,0.44104287028312683,5,0,1,0.6,0.0,0.0,0.0,0.0,0.0,0.0,0.0,1.0,0.0,74,19,0.20270270270270271,0.10526315789473684,3,0,1,5,1,0,0,0,0.0,0.0,2,0,0,1,0,0,0,24050
f525b5f1-509e-495a-8f55-f1dd4f40ac12,25,419616,-1,1,29350,23850,13,4,11,6,2.175941228866577,1.4694347381591797,5,2,1,0.4,0.0,0.0,0.0,0.2,0.5,0.0,0.0,0.6,0.4,162,101,0.09876543209876543,0.0891089108910891,5,0,6,5,6,5,1,0,0.0,0.0,4,3,0,1,0,0,0,5500
f525b5f1-509e-495a-8f55-f1dd4f40ac12,26,437825,-1,1,33100,2000,6,0,3,3,0.6224076151847839,2.106733560562134,5,3,0,0.6,1.0,0.2,0.6666666666666666,0.0,0.0,0.2,0.3333333333333333,0.6,0.6,59,62,0.15254237288135594,0.1935483870967742,3,0,3,4,1,1,0,0,0.0,0.0,5,0,0,1,0,0,0,31100
f525b5f1-509e-495a-8f55-f1dd4f40ac12,27,450928,449393,0,33300,26750,5,14,8,11,1.7933015823364258,2.4821417331695557,3,5,1,0.3333333333333333,0.6,0.3333333333333333,0.0,0.0,0.0,0.3333333333333333,0.2,0.6,0.4,60,78,0.2,0.15384615384615385,4,0,2,4,7,3,1,0,0.0,0.3125,5,5,0,0,0,0,1,6550
f525b5f1-509e-495a-8f55-f1dd4f40ac12,28,474111,468857,0,22600,20400,12,9,15,6,1.5600727796554565,1.4219177961349487,3,4,1,0.0,0.25,0.0,0.5,0.0,0.25,0.3333333333333333,0.0,0.6,0.6,86,70,0.22093023255813954,0.2,3,0,5,4,6,3,1,0,0.0,0.0,4,4,0,0,1,0,0,2200
f525b5f1-509e-495a-8f55-f1dd4f40ac12,29,489321,487963,0,13000,27350,11,9,9,11,2.4802331924438477,1.3088274002075195,2,5,0,1.0,0.2,0.0,0.0,0.5,0.0,1.0,0.6,0.4,0.8,37,81,0.16216216216216217,0.18518518518518517,1,0,6,4,4,3,2,0,0.0,0.21428571428571427,2,5,0,0,0,0,1,-14350
e0bf3c83-af14-4f74-aa93-827dc28d9c11,1,9674,-1,1,4250,4250,0,0,0,0,0.0,0.0,5,1,1,0.8,1.0,0.0,0.0,0.0,0.0,0.0,0.0,0.8,0.2,38,42,0.2631578947368421,0.14285714285714285,0,0,0,0,0,1,0,0,0.0,0.0,0,0,0,1,0,0,0,0
e0bf3c83-af14-4f74-aa93-827dc28d9c11,2,25381,-1,1,21250,9750,4,8,7,5,1.4863990545272827,1.352007269859314,5,1,1,0.2,1.0,0.0,0.0,0.0,0.0,0.2,0.0,0.8,0.2,134,25,0.13432835820895522,0.2,2,0,2,4,2,4,0,0,0.0,0.0,2,0,0,1,0,0,0,11500
e0bf3c83-af14-4f74-aa93-827dc28d9c11,3,36048,-1,1,25750,2300,6,0,3,3,1.2302483320236206,2.9854211807250977,5,0,1,0.8,0.0,0.0,0.0,0.0,0.0,0.0,0.0,1.0,0.0,65,10,0.24615384615384617,0.1,4,0,2,2,0,1,0,0,0.0,0.0,2,0,0,1,0,0,0,23450
e0bf3c83-af14-4f74-aa93-827dc28d9c11,4,53402,51345,1,28150,25900,9,15,13,11,2.7637875080108643,1.6532244682312012,5,1,1,0.4,1.0,0.2,0.0,0.0,0.0,0.4,0.0,0.8,0.2,120,53,0.15833333333333333,0.03773584905660377,3,0,4,5,7,5,0,0,0.0,0.0,5,3,1,0,0,0,0,2250
e0bf3c83-af14-4f74-aa93-827dc28d9c11,5,68276,-1,1,30850,9550,2,16,11,7,1.3818104267120361,0.5050602555274963,5,0,1,0.4,0.0,0.0,0.0,0.2,0.0,0.2,0.0,1.0,0.0,90,42,0.16666666666666666,0.023809523809523808,5,0,2,4,6,4,0,0,0.0,0.2727272727272727,3,1,0,1,0,0,0,21300
e0bf3c83-af14-4f74-aa93-827dc28d9c11,6,85517,80262,0,32250,26650,2,9,5,6,2.9489312171936035,1.7297582626342773,4,2,1,0.25,1.0,0.0,0.0,0.0,0.0,0.75,0.5,0.6,0.4,76,33,0.17105263157894737,0.12121212121212122,3,0,4,5,8,3,1,0,0.0,0.4666666666666667,4,3,0,0,1,0,0,5600
e0bf3c83-af14-4f74-aa93-827dc28d9c11,7,102885,98653,1,32250,20250,3,7,3,7,2.5407626628875732,2.2150206565856934,5,3,1,0.6,0.6666666666666666,0.2,1.0,0.2,0.0,0.2,0.3333333333333333,0.8,0.6,66,53,0.18181818181818182,0.09433962264150944,5,0,4,3,4,4,0,0,0.0,0.0,4,1,1,0,0,0,0,12000
e0bf3c83-af14-4f74-aa93-827dc28d9c11,8,120805,-1,1,31850,18700,1,3,3,1,2.2042806148529053,0.2593429982662201,3,3,0,0.3333333333333333,0.6666666666666666,0.3333333333333333,0.0,0.0,0.0,0.0,0.0,0.6,0.4,37,14,0.21621621621621623,0.21428571428571427,1,0,3,5,4,0,0,0,0.0,0.0,4,0,0,0,0,1,0,13150
e0bf3c83-af14-4f74-aa93-827dc28d9c11,9,135171,132973,1,31350,11350,7,15,6,16,2.0935182571411133,1.7463736534118652,5,0,1,0.8,0.0,0.0,0.0,0.2,0.0,0.2,0.0,1.0,0.0,79,23,0.17721518987341772,0.13043478260869565,4,0,2,3,8,4,0,0,0.0,0.0,4,1,1,0,0,0,0,20000
e0bf3c83-af14-4f74-aa93-827dc28d9c11,10,153091,-1,1,31450,26050,6,10,12,4,1.9789079427719116,3.7240147590637207,3,0,1,0.6666666666666666,0.0,0.0,0.0,0.0,0.0,0.3333333333333333,0.0,1.0,0.4,81,21,0.08641975308641975,0.047619047619047616,4,0,4,5,7,1,1,0,0.0,0.45454545454545453,5,2,0,0,0,1,0,5400
e0bf3c83-af14-4f74-aa93-827dc28d9c11,11,171011,-1,1,31100,17050,13,7,9,11,2.229752540588379,2.173185110092163,4,2,0,0.0,1.0,0.25,0.0,0.25,0.0,0.0,0.0,0.6,0.4,66,39,0.18181818181818182,0.1282051282051282,3,1,6,5,5,5,0,0,0.0,0.0,5,0,0,0,0,1,0,14050
e0bf3c83-af14-4f74-aa93-827dc28d9c11,12,191962,189383,1,30950,22100,2,7,7,2,1.9394930601119995,1.6747533082962036,5,4,1,0.4,0.0,0.0,0.5,0.0,0.25,0.0,0.5,1.0,0.4,49,40,0.22448979591836735,0.275,2,0,2,3,4,2,1,0,0.0,0.0,3,1,1,0,0,0,0,8850
e0bf3c83-af14-4f74-aa93-827dc28d9c11,13,202413,201911,0,32900,21400,6,20,14,12,3.1037189960479736,1.9039769172668457,3,5,1,0.0,0.6,0.0,0.2,0.0,0.2,0.0,0.0,0.4,0.6,50,58,0.18,0.20689655172413793,2,0,2,2,8,3,0,0,0.0,0.3076923076923077,4,2,0,0,0,0,1,11500
e0bf3c83-af14-4f74-aa93-827dc28d9c11,14,208448,-1,1,33300,20900,9,8,16,1,1.7709251642227173,0.27802565693855286,5,1,1,0.2,1.0,0.0,1.0,0.0,0.0,0.2,0.0,0.8,0.2,59,35,0.1694915254237288,0.2,2,0,3,1,4,2,0,0,0.0,0.0,2,0,0,1,0,0,0,12400
e0bf3c83-af14-4f74-aa93-827dc28d9c11,15,221522,-1,1,33250,20400,4,8,6,6,1.0676536560058594,1.0897181034088135,5,2,0,0.6,1.0,0.2,0.0,0.0,0.0,0.0,0.0,0.6,0.4,59,32,0.2033898305084746,0.125,3,0,4,3,5,3,0,0,0.0,0.0,4,1,0,1,0,0,0,12850
e0bf3c83-af14-4f74-aa93-827dc28d9c11,16,260536,258027,1,4500,4250,9,3,7,5,1.4459573030471802,2.134722948074341,5,2,1,1.0,0.5,0.0,0.0,0.0,0.0,0.2,0.0,0.6,0.4,59,34,0.13559322033898305,0.2647058823529412,3,0,3,1,3,2,0,0,0.5714285714285714,0.0,0,0,1,0,0,0,0,250
e0bf3c83-af14-4f74-aa93-827dc28d9c11,17,274383,269128,0,20650,15500,1,7,6,2,2.3747730255126953,2.503740072250366,1,4,0,1.0,0.75,1.0,0.25,0.0,0.25,0.0,0.0,0.2,0.8,21,67,0.38095238095238093,0.16417910447761194,2,0,1,0,3,4,0,0,0.4,0.0,2,1,0,0,1,0,0,5150
e0bf3c83-af14-4f74-aa93-827dc28d9c11,18,291508,-1,1,11900,22200,7,8,10,5,1.921583890914917,1.9208158254623413,5,3,1,0.6,0.3333333333333333,0.2,0.3333333333333333,0.0,0.0,0.0,0.3333333333333333,0.8,0.6,43,66,0.2558139534883721,0.22727272727272727,3,0,3,2,5,4,0,0,0.3333333333333333,0.0,1,3,0,1,0,0,0,-10300
e0bf3c83-af14-4f74-aa93-827dc28d9c11,19,305899,303560,0,23200,19300,28,15,24,19,1.9890083074569702,1.9772344827651978,0,5,0,0.0,0.6,0.0,0.0,0.0,0.0,0.0,0.4,0.0,1.0,67,107,0.07462686567164178,0.14018691588785046,3,0,8,5,7,5,1,0,0.2222222222222222,0.0,2,2,0,0,0,0,1,3900
e0bf3c83-af14-4f74-aa93-827dc28d9c11,20,316526,-1,0,8900,22100,0,5,1,4,2.9397597312927246,1.3711457252502441,4,5,1,0.75,0.2,0.25,0.4,0.0,0.0,0.25,0.2,0.6,0.6,23,95,0.30434782608695654,0.16842105263157894,1,0,0,0,5,4,1,0,0.0,0.0,0,4,0,0,0,0,1,-13200
4571110d-ede4-4e15-af31-c94e53628ba8,1,8000,3412,1,4400,4000,5,4,6,3,2.275533437728882,0.7091484069824219,5,1,1,1.0,1.0,0.0,0.0,0.0,0.0,0.2,0.0,0.8,0.2,63,74,0.07936507936507936,0.06756756756756757,0,0,1,1,3,2,1,0,0.0,0.0,0,0,1,0,0,0,0,400
4571110d-ede4-4e15-af31-c94e53628ba8,2,24977,-1,1,20750,4200,2,0,1,1,0.5273095965385437,0.6679494380950928,5,2,0,0.8,0.5,0.0,0.0,0.0,0.0,0.2,0.5,0.6,0.4,123,91,0.0975609756097561,0.12087912087912088,4,0,2,5,0,1,0,0,0.38461538461538464,0.0,2,0,0,1,0,0,0,16550
4571110d-ede4-4e15-af31-c94e53628ba8,3,61457,58967,1,24950,23800,8,3,5,6,1.5801299810409546,3.784640073776245,4,1,1,0.5,0.0,0.0,1.0,0.25,0.0,0.0,0.0,0.8,0.2,85,100,0.16470588235294117,0.06,2,0,3,3,2,4,1,0,0.09090909090909091,0.0,3,3,1,0,0,0,0,1150
4571110d-ede4-4e15-af31-c94e53628ba8,4,72923,-1,1,28800,13650,0,7,5,2,1.71377694606781,0.9988009929656982,5,2,1,0.8,1.0,0.2,0.5,0.0,0.0,0.0,0.5,0.8,0.2,80,35,0.1375,0.2,5,0,0,3,3,4,1,0,0.18181818181818182,0.0,3,0,0,1,0,0,0,15150
4571110d-ede4-4e15-af31-c94e53628ba8,5,93955,89940,1,30550,25500,7,5,4,8,1.5622731447219849,3.1407058238983154,5,4,0,0.4,0.0,0.0,0.25,0.0,0.25,0.2,0.0,0.6,0.4,99,123,0.10101010101010101,0.13008130081300814,3,0,4,4,5,4,5,0,0.0,0.0,5,5,1,0,0,0,0,5050
4571110d-ede4-4e15-af31-c94e53628ba8,6,115402,110150,0,30700,25300,4,2,2,4,1.0971758365631104,2.215517520904541,1,4,0,0.0,0.25,0.0,0.25,0.0,0.0,0.0,0.5,0.2,0.8,53,93,0.1320754716981132,0.15053763440860216,3,0,2,3,4,4,1,0,0.4166666666666667,0.0,4,2,0,0,1,0,0,5400
4571110d-ede4-4e15-af31-c94e53628ba8,7,138017,-1,1,27450,27550,3,7,3,7,0.8180583119392395,1.7693870067596436,4,2,1,0.0,1.0,0.25,0.5,0.0,0.0,0.0,0.5,0.6,0.4,143,151,0.09090909090909091,0.039735099337748346,3,0,2,5,5,4,2,0,0.3333333333333333,0.0,2,4,0,0,0,1,0,-100
4571110d-ede4-4e15-af31-c94e53628ba8,8,159892,-1,1,29950,24400,4,7,7,4,1.698313593864441,1.081438422203064,4,1,1,0.25,0.0,0.0,0.0,0.25,0.0,0.25,0.0,0.8,0.2,54,129,0.16666666666666666,0.015503875968992248,3,0,3,3,4,5,3,0,0.16666666666666666,0.0,3,3,0,0,0,1,0,5550
4571110d-ede4-4e15-af31-c94e53628ba8,9,177812,-1,1,30500,14300,5,6,4,7,2.984327554702759,1.4317281246185303,5,2,1,0.4,0.5,0.0,0.5,0.0,0.5,0.2,0.0,0.6,0.2,99,53,0.09090909090909091,0.16981132075471697,4,0,3,5,4,5,2,0,0.25,0.0,4,1,0,0,0,1,0,16200
4571110d-ede4-4e15-af31-c94e53628ba8,10,191289,-1,1,29900,20800,0,10,9,1,3.3856518268585205,3.261657238006592,5,1,1,0.2,0.0,0.0,1.0,0.2,0.0,0.2,1.0,0.8,0.2,94,92,0.14893617021276595,0.13043478260869565,4,0,1,2,4,5,1,0,0.0,0.0,4,2,0,1,0,0,0,9100
4571110d-ede4-4e15-af31-c94e53628ba8,11,197280,-1,1,30750,8600,3,8,8,3,2.4639828205108643,0.6215133666992188,5,1,1,0.2,0.0,0.0,1.0,0.0,0.0,0.2,1.0,0.8,0.2,106,27,0.14150943396226415,0.1111111111111111,4,0,1,2,3,1,1,0,0.0,0.0,4,0,0,1,0,0,0,22150
4571110d-ede4-4e15-af31-c94e53628ba8,12,215200,-1,1,31650,25700,4,3,4,3,1.039304494857788,1.5594931840896606,3,0,1,0.6666666666666666,0.0,0.0,0.0,0.0,0.0,0.0,0.0,1.0,0.4,111,60,0.06306306306306306,0.03333333333333333,4,0,3,4,3,3,2,0,0.3125,0.0,5,3,0,0,0,1,0,5950
4571110d-ede4-4e15-af31-c94e53628ba8,13,228545,-1,1,31450,16150,4,11,8,7,1.840944528579712,1.8908177614212036,5,1,1,0.2,1.0,0.2,0.0,0.2,0.0,0.0,0.0,0.8,0.2,106,53,0.1320754716981132,0.1509433962264151,4,0,2,4,3,4,1,0,0.21428571428571427,0.0,4,1,0,1,0,0,0,15300
4571110d-ede4-4e15-af31-c94e53628ba8,14,240137,-1,1,31450,20850,0,0,0,0,0.0,0.0,5,1,1,0.2,1.0,0.0,0.0,0.0,0.0,0.2,0.0,0.8,0.2,66,30,0.10606060606060606,0.06666666666666667,4,0,1,2,0,4,0,0,0.2,0.0,3,0,0,1,0,0,0,10600
4571110d-ede4-4e15-af31-c94e53628ba8,15,251753,-1,0,32350,18250,5,11,12,4,2.2613160610198975,1.237560510635376,1,5,0,1.0,0.4,0.0,0.0,1.0,0.4,0.0,0.2,0.2,0.8,31,92,0.0967741935483871,0.1956521739130435,2,0,3,3,5,2,2,0,0.0,0.0,3,3,0,0,0,0,1,14100
4571110d-ede4-4e15-af31-c94e53628ba8,16,260542,-1,1,4400,4200,0,0,0,0,0.0,0.0,5,2,1,1.0,1.0,0.0,1.0,0.0,0.0,0.2,0.0,0.8,0.4,39,32,0.3333333333333333,0.125,0,0,0,1,0,0,0,0,0.0,0.0,0,0,0,1,0,0,0,200
4571110d-ede4-4e15-af31-c94e53628ba8,17,265702,-1,1,20050,1200,0,1,1,0,0.9871706366539001,0.0,5,1,1,0.0,1.0,0.2,1.0,0.0,0.0,0.6,0.0,0.8,0.2,56,33,0.23214285714285715,0.15151515151515152,0,0,0,1,1,0,0,0,0.0,0.0,2,0,0,1,0,0,0,18850
4571110d-ede4-4e15-af31-c94e53628ba8,18,284897,279644,0,25600,23550,5,5,2,8,2.3559980392456055,2.2951738834381104,1,3,0,0.0,1.0,0.0,0.0,0.0,0.0,0.0,0.0,0.4,0.8,53,61,0.11320754716981132,0.08196721311475409,4,0,3,4,1,3,1,0,0.0,0.0,4,3,0,0,1,0,0,2050
4571110d-ede4-4e15-af31-c94e53628ba8,19,305888,303326,1,26600,27150,0,12,5,7,2.511026620864868,0.904362678527832,5,3,1,0.2,1.0,0.0,1.0,0.2,0.0,0.2,0.3333333333333333,0.8,0.6,78,61,0.20512820512820512,0.08196721311475409,3,0,2,1,6,4,1,0,0.0,0.0,2,4,1,0,0,0,0,-550
4571110d-ede4-4e15-af31-c94e53628ba8,20,323808,-1,1,23650,24050,2,1,1,2,4.0598344802856445,0.7871171832084656,2,0,1,0.5,0.0,0.0,0.0,0.0,0.0,1.0,0.0,1.0,0.6,135,71,0.07407407407407407,0.09859154929577464,4,0,3,4,3,4,0,0,0.0,0.0,3,1,0,0,0,1,0,-400
4571110d-ede4-4e15-af31-c94e53628ba8,21,341728,-1,1,30850,20050,5,2,1,6,1.786059856414795,3.118762969970703,3,1,1,0.0,1.0,0.0,1.0,0.3333333333333333,0.0,0.3333333333333333,0.0,0.8,0.4,100,43,0.11,0.023255813953488372,4,0,3,4,1,3,0,0,0.0,0.0,4,3,0,0,0,1,0,10800
4571110d-ede4-4e15-af31-c94e53628ba8,22,348389,-1,1,31250,9250,0,4,1,3,0.1297816038131714,2.4325687885284424,6,0,1,0.0,0.0,0.0,0.0,0.0,0.0,0.3333333333333333,0.0,0.8,0.0,35,11,0.3142857142857143,0.2727272727272727,3,0,0,1,1,3,0,0,0.0,0.0,3,0,0,1,0,0,0,22000
4571110d-ede4-4e15-af31-c94e53628ba8,23,356457,-1,1,31850,10150,6,0,1,5,2.8580574989318848,3.944187879562378,5,1,1,0.6,0.0,0.2,1.0,0.2,0.0,0.2,1.0,0.8,0.2,91,25,0.14285714285714285,0.08,3,0,3,2,1,4,1,0,0.0,0.0,4,3,0,1,0,0,0,21700
4571110d-ede4-4e15-af31-c94e53628ba8,24,377162,-1,1,32150,27350,3,5,5,3,1.6972696781158447,0.6408991813659668,5,3,1,0.0,0.0,0.2,0.0,0.0,0.0,0.4,0.0,0.4,0.6,144,93,0.0763888888888889,0.11827956989247312,4,0,3,3,2,5,3,0,0.0,0.0,5,4,0,1,0,0,0,4800
4571110d-ede4-4e15-af31-c94e53628ba8,25,388117,-1,1,31150,10450,0,12,11,1,2.1344778537750244,0.7625856995582581,5,0,1,0.0,0.0,0.0,0.0,0.0,0.0,0.2,0.0,1.0,0.0,107,35,0.1308411214953271,0.02857142857142857,3,0,2,3,5,3,2,0,0.0,0.0,5,4,0,1,0,0,0,20700
4571110d-ede4-4e15-af31-c94e53628ba8,26,405724,403320,0,31550,26350,4,16,10,10,2.524825096130371,1.7965275049209595,2,5,0,0.5,0.8,0.0,0.0,0.0,0.0,0.5,0.2,0.4,0.6,71,72,0.09859154929577464,0.08333333333333333,4,0,5,4,8,5,1,0,0.0,0.23529411764705882,5,3,0,0,0,0,1,5200
4571110d-ede4-4e15-af31-c94e53628ba8,27,422951,422546,0,34100,26750,3,6,6,3,3.05802845954895,2.816530227661133,2,5,0,0.0,0.6,0.0,0.0,0.0,0.2,0.0,0.2,0.2,0.6,26,112,0.11538461538461539,0.10714285714285714,3,0,4,5,6,4,3,0,0.0,0.2222222222222222,4,5,0,0,0,0,1,7350
6a2d54ef-429f-4236-9501-60e7549f32ce,1,9162,8995,0,3800,4350,0,3,0,3,0.0,0.8009230494499207,3,5,1,0.6666666666666666,1.0,0.0,0.0,0.0,0.0,0.0,0.0,0.4,0.6,51,75,0.21568627450980393,0.14666666666666667,0,0,0,1,2,1,1,0,0.0,0.0,0,1,0,0,0,0,1,-550
6a2d54ef-429f-4236-9501-60e7549f32ce,2,22886,18382,0,11150,19050,7,4,5,6,1.3860197067260742,0.9969647526741028,1,5,0,1.0,0.4,0.0,0.0,0.0,0.2,0.0,0.0,0.2,0.8,40,142,0.075,0.1267605633802817,1,0,2,3,4,2,1,0,0.0,0.0,0,3,0,0,0,0,1,-7900
6a2d54ef-429f-4236-9501-60e7549f32ce,3,28184,-1,0,2400,23500,3,0,2,1,1.0673768520355225,1.0288809537887573,0,5,0,0.0,0.2,0.0,0.0,0.0,0.0,0.0,0.4,0.0,1.0,14,65,0.14285714285714285,0.15384615384615385,4,0,1,0,0,0,2,0,0.0,0.0,0,1,0,0,0,0,1,-21100
6a2d54ef-429f-4236-9501-60e7549f32ce,4,39650,-1,1,25900,23500,11,12,10,13,2.2528016567230225,2.728712320327759,5,2,1,0.0,0.0,0.0,1.0,0.6,0.5,0.0,0.5,0.8,0.4,168,64,0.08928571428571429,0.234375,4,0,4,4,4,5,2,0,0.0,0.0,3,5,0,1,0,0,0,2400
6a2d54ef-429f-4236-9501-60e7549f32ce,5,55224,-1,1,28100,24150,4,14,8,10,2.520228385925293,1.1350971460342407,5,1,1,0.2,0.0,0.0,0.0,0.0,1.0,0.0,1.0,0.8,0.2,106,76,0.1320754716981132,0.09210526315789473,3,0,3,5,6,4,2,0,0.0,0.0,5,4,0,1,0,0,0,3950
6a2d54ef-429f-4236-9501-60e7549f32ce,6,73144,-1,1,28900,19750,1,12,10,3,2.1316380500793457,1.4367756843566895,4,4,0,0.75,0.5,0.25,0.5,0.0,0.0,0.0,0.0,0.4,0.4,96,80,0.125,0.2125,4,0,3,5,6,5,2,0,0.0,0.0,4,2,0,0,0,1,0,9150
6a2d54ef-429f-4236-9501-60e7549f32ce,7,87172,-1,1,28700,6650,7,4,5,6,1.3672428131103516,1.9012970924377441,5,2,0,0.2,1.0,0.2,0.5,0.0,0.0,0.4,0.0,0.6,0.4,116,41,0.12931034482758622,0.24390243902439024,4,0,5,3,2,1,0,0,0.0,0.0,4,0,0,1,0,0,0,22050
6a2d54ef-429f-4236-9501-60e7549f32ce,8,103162,-1,1,28600,23600,4,7,6,5,1.4914804697036743,1.024826169013977,5,2,0,0.4,0.5,0.2,0.0,0.2,0.0,0.4,0.5,0.8,0.4,101,39,0.1782178217821782,0.15384615384615385,3,0,2,4,5,4,1,0,0.0,0.0,4,4,0,1,0,0,0,5000
6a2d54ef-429f-4236-9501-60e7549f32ce,9,121956,119189,0,29500,9650,6,2,5,3,0.9472638964653015,1.56016206741333,4,5,0,0.25,0.6,0.0,0.6,0.0,0.0,0.75,0.0,0.6,0.8,127,53,0.11811023622047244,0.22641509433962265,3,0,4,4,1,4,1,0,0.0,0.0,5,3,0,0,0,0,1,19850
6a2d54ef-429f-4236-9501-60e7549f32ce,10,143990,141460,0,19150,27450,8,14,12,10,1.869573950767517,2.1428582668304443,3,5,1,0.0,0.2,0.3333333333333333,0.2,0.0,0.2,0.6666666666666666,0.4,0.6,0.6,68,144,0.20588235294117646,0.08333333333333333,3,0,4,5,5,5,2,0,0.0,0.0,2,4,0,0,0,0,1,-8300
6a2d54ef-429f-4236-9501-60e7549f32ce,11,155361,155618,0,1000,22900,0,3,0,3,0.0,1.1675605773925781,0,5,0,0.0,0.6,0.0,0.0,0.0,0.0,0.0,0.2,0.0,1.0,24,82,0.16666666666666666,0.15853658536585366,0,0,0,1,3,3,3,0,0.0,0.0,0,4,0,0,0,0,1,-21900
6a2d54ef-429f-4236-9501-60e7549f32ce,12,172779,-1,1,23050,28150,1,9,6,4,2.1196298599243164,0.9583433270454407,5,2,1,0.2,0.5,0.2,0.0,0.0,0.0,0.2,0.0,0.6,0.4,79,51,0.20253164556962025,0.0784313725490196,4,0,2,4,7,5,3,0,0.0,0.0,0,4,0,1,0,0,0,-5100
6a2d54ef-429f-4236-9501-60e7549f32ce,13,190539,-1,1,26700,26050,16,13,8,21,2.541016101837158,3.1286709308624268,5,2,0,0.4,0.0,0.0,0.0,0.0,0.0,0.6,0.0,0.6,0.4,131,165,0.08396946564885496,0.06060606060606061,3,0,6,4,6,5,2,0,0.0,0.0,3,3,0,1,0,0,0,650
6a2d54ef-429f-4236-9501-60e7549f32ce,14,207487,203488,1,29400,6250,8,6,6,8,2.5188522338867188,1.496687412261963,5,4,0,0.6,0.5,0.2,0.5,0.0,0.0,0.4,0.5,0.8,0.6,106,66,0.16037735849056603,0.15151515151515152,4,0,3,4,3,4,4,0,0.0,0.0,4,1,1,0,0,0,0,23150
6a2d54ef-429f-4236-9501-60e7549f32ce,15,226080,221090,1,26800,26750,7,5,7,5,2.7264273166656494,2.7294812202453613,5,4,1,0.6,0.75,0.2,0.25,0.2,0.25,0.2,0.25,0.4,0.4,96,61,0.14583333333333334,0.14754098360655737,2,0,5,4,5,2,3,0,0.0,0.0,1,4,1,0,0,0,0,50
6a2d54ef-429f-4236-9501-60e7549f32ce,16,271032,265782,0,4400,4350,4,7,3,8,0.7760639190673828,1.3382600545883179,3,4,1,1.0,0.75,0.0,0.25,0.0,0.0,0.0,0.25,0.6,0.6,42,112,0.23809523809523808,0.08928571428571429,1,0,1,1,4,2,0,0,0.0,0.0,0,0,0,0,1,0,0,50
6a2d54ef-429f-4236-9501-60e7549f32ce,17,291736,286487,0,11600,20300,0,5,1,4,4.228845596313477,0.6586387157440186,2,2,0,0.0,0.5,0.0,0.5,0.0,0.0,0.5,0.0,0.6,0.6,63,203,0.15873015873015872,0.04433497536945813,2,0,0,5,5,4,4,0,0.0,0.0,0,2,0,0,1,0,0,-8700
6a2d54ef-429f-4236-9501-60e7549f32ce,18,313966,308718,0,8750,20250,0,7,2,5,0.6612269878387451,0.6236051321029663,1,2,0,1.0,1.0,0.0,0.0,1.0,0.0,0.0,0.0,0.6,0.8,28,282,0.03571428571428571,0.02127659574468085,1,0,0,4,6,4,4,0,0.0,0.0,0,4,0,0,1,0,0,-11500
6a2d54ef-429f-4236-9501-60e7549f32ce,19,335739,331406,1,27650,24500,5,7,4,8,2.342390775680542,1.9986443519592285,5,3,1,0.2,0.6666666666666666,0.0,0.0,0.2,0.0,0.2,0.6666666666666666,0.8,0.4,80,162,0.2125,0.08024691358024691,4,0,4,5,4,5,3,0,0.0,0.0,3,4,1,0,0,0,0,3150
6a2d54ef-429f-4236-9501-60e7549f32ce,20,353316,-1,1,29250,17100,3,6,2,7,2.705451488494873,1.681089997291565,5,3,1,0.2,0.6666666666666666,0.0,0.3333333333333333,0.0,0.3333333333333333,0.4,0.0,0.6,0.4,79,85,0.11392405063291139,0.08235294117647059,2,0,2,3,5,4,1,0,0.0,0.0,3,2,0,1,0,0,0,12150
6a2d54ef-429f-4236-9501-60e7549f32ce,21,369088,-1,1,27300,11900,6,15,11,10,2.0028059482574463,1.3670040369033813,5,0,1,0.0,0.0,0.0,0.0,0.2,0.0,0.0,0.0,1.0,0.0,68,50,0.17647058823529413,0.08,5,0,3,4,4,2,1,1,0.0,0.0,2,2,0,1,0,0,0,15400
6a2d54ef-429f-4236-9501-60e7549f32ce,22,386841,381591,0,29750,2000,3,4,6,1,1.803895115852356,0.8939242362976074,2,4,0,0.5,0.5,0.5,0.25,0.0,0.0,1.0,0.0,0.4,0.8,63,50,0.1111111111111111,0.16,4,0,2,4,2,1,0,0,0.0,0.0,1,0,0,0,1,0,0,27750
6a2d54ef-429f-4236-9501-60e7549f32ce,23,404761,-1,1,28200,28350,7,12,5,14,1.4481583833694458,1.5158263444900513,5,1,0,0.2,0.0,0.0,0.0,0.0,0.0,0.6,0.0,0.8,0.2,108,130,0.1388888888888889,0.046153846153846156,3,0,4,4,8,4,2,0,0.0,0.0,3,5,0,0,0,1,0,-150
6a2d54ef-429f-4236-9501-60e7549f32ce,24,426846,422088,1,29550,5850,2,7,1,8,3.2188212871551514,0.6149487495422363,6,2,0,0.0,0.0,0.16666666666666666,0.5,0.0,0.0,0.5,0.5,0.6,0.4,120,88,0.1,0.1590909090909091,5,0,4,4,6,6,1,0,0.0,0.0,4,4,1,0,0,0,0,23700
6a2d54ef-429f-4236-9501-60e7549f32ce,25,444259,442347,1,27350,17750,4,8,5,7,3.018369436264038,1.23447585105896,5,2,1,0.8,0.0,0.2,0.0,0.0,0.5,0.0,0.0,0.6,0.2,92,90,0.11956521739130435,0.1111111111111111,4,0,4,4,5,3,1,0,0.0,0.0,5,1,1,0,0,0,0,9600
6a2d54ef-429f-4236-9501-60e7549f32ce,26,455302,-1,1,30450,12000,4,13,13,4,1.4715325832366943,1.5469197034835815,5,1,1,0.2,1.0,0.0,0.0,0.2,0.0,0.4,0.0,0.8,0.2,76,47,0.17105263157894737,0.23404255319148937,5,0,3,2,5,3,0,0,0.0,0.0,5,3,0,1,0,0,0,18450
6a2d54ef-429f-4236-9501-60e7549f32ce,27,473222,-1,1,29850,24800,5,10,5,10,1.5878422260284424,1.814886450767517,4,2,1,0.5,1.0,0.0,1.0,0.25,0.0,0.25,0.5,0.6,0.4,59,79,0.288135593220339,0.0759493670886076,3,0,3,3,6,5,3,0,0.0,0.0,4,3,0,0,0,1,0,5050
6a2d54ef-429f-4236-9501-60e7549f32ce,28,487789,482541,0,31050,19550,11,4,9,6,1.870840072631836,1.6739095449447632,5,3,1,0.4,0.3333333333333333,0.2,0.6666666666666666,0.2,0.0,0.2,0.0,0.6,0.6,75,94,0.12,0.20212765957446807,5,0,4,3,3,3,1,0,0.0,0.0,4,5,0,0,1,0,0,11500
6a2d54ef-429f-4236-9501-60e7549f32ce,29,504702,-1,1,30950,19550,1,1,1,1,1.698801040649414,3.532381534576416,5,3,1,0.2,0.6666666666666666,0.0,0.0,0.0,0.0,0.0,0.0,0.6,0.4,47,132,0.3191489361702128,0.10606060606060606,1,0,2,2,2,0,0,0,0.0,0.0,2,1,0,1,0,0,0,11400
6a2d54ef-429f-4236-9501-60e7549f32ce,30,515759,512666,0,32650,16600,0,5,3,2,3.555567502975464,1.4266289472579956,2,5,1,0.0,0.2,0.5,0.2,0.0,0.0,0.0,0.2,0.4,0.6,25,45,0.32,0.3111111111111111,1,0,0,0,4,2,0,0,0.0,0.0,1,1,0,0,0,0,1,16050
6a2d54ef-429f-4236-9501-60e7549f32ce,31,553131,547880,0,30200,25200,6,13,8,11,3.0351805686950684,1.3641265630722046,1,2,0,1.0,0.5,1.0,0.5,1.0,0.0,1.0,1.0,0.6,0.8,118,129,0.01694915254237288,0.03875968992248062,5,0,2,3,10,5,1,0,0.0,0.0,3,5,0,0,1,0,0,5000
6a2d54ef-429f-4236-9501-60e7549f32ce,32,566548,562402,0,31350,25500,8,9,5,12,3.801792860031128,1.3313745260238647,2,5,0,0.0,0.2,0.0,0.4,0.0,0.2,0.5,0.4,0.4,0.8,23,65,0.2608695652173913,0.15384615384615385,2,0,3,3,3,3,4,0,0.0,0.0,2,4,0,0,0,0,1,5850
6a2d54ef-429f-4236-9501-60e7549f32ce,33,579605,577229,0,32350,24950,4,5,5,4,1.5442537069320679,1.2782354354858398,4,5,1,0.25,0.6,0.75,0.4,0.0,0.4,0.5,0.2,0.8,0.8,51,119,0.19607843137254902,0.16806722689075632,4,0,1,1,5,3,2,0,0.0,0.0,3,3,0,0,0,0,1,7400
6a2d54ef-429f-4236-9501-60e7549f32ce,34,597446,592197,0,29450,28450,7,12,3,16,2.3295021057128906,2.232959032058716,2,3,0,0.0,1.0,0.0,0.0,0.0,0.3333333333333333,0.0,0.3333333333333333,0.4,0.6,98,139,0.061224489795918366,0.07194244604316546,5,0,5,4,6,5,3,0,0.0,0.0,3,5,0,0,1,0,0,1000
6a2d54ef-429f-4236-9501-60e7549f32ce,35,613133,607885,0,30600,28950,6,13,8,11,1.9733892679214478,2.1237809658050537,1,3,1,1.0,0.3333333333333333,0.0,0.3333333333333333,1.0,0.6666666666666666,0.0,0.6666666666666666,0.4,0.6,43,114,0.11627906976744186,0.07017543859649122,5,0,4,2,8,6,3,0,0.0,0.0,4,5,0,0,1,0,0,1650
6a2d54ef-429f-4236-9501-60e7549f32ce,36,628762,-1,1,30200,28950,8,10,6,12,2.717277765274048,2.0139052867889404,5,2,1,0.0,1.0,0.4,0.5,0.0,0.5,0.2,0.5,0.6,0.4,76,55,0.17105263157894737,0.09090909090909091,4,0,3,5,6,2,3,0,0.0,0.0,4,4,0,1,0,0,0,1250
965cbf49-8995-4a1c-a889-a37670d490d2,1,8285,-1,1,3750,4150,1,4,4,1,3.121952533721924,4.121273517608643,5,3,1,0.8,1.0,0.2,0.3333333333333333,0.0,0.0,0.0,0.3333333333333333,0.6,0.6,49,53,0.2653061224489796,0.20754716981132076,0,0,1,0,1,0,0,0,0.0,0.0,1,0,0,1,0,0,0,-400
965cbf49-8995-4a1c-a889-a37670d490d2,2,27559,25438,0,20050,10950,9,3,2,10,1.4013153314590454,2.5267996788024902,3,5,0,0.6666666666666666,0.8,0.3333333333333333,0.0,0.0,0.0,0.6666666666666666,0.4,0.4,0.6,122,65,0.13114754098360656,0.2,3,0,6,5,1,3,0,0,0.0,0.0,3,0,0,0,0,0,1,9100
965cbf49-8995-4a1c-a889-a37670d490d2,3,46032,40777,0,5000,18350,0,5,0,5,0.0,1.2366920709609985,1,4,1,1.0,1.0,0.0,0.0,0.0,0.0,0.0,0.0,0.2,0.8,25,200,0.16,0.035,0,0,0,4,3,3,2,0,0.0,0.0,0,4,0,0,1,0,0,-13350
965cbf49-8995-4a1c-a889-a37670d490d2,4,65501,61409,0,2550,23650,0,6,4,2,2.444120168685913,0.7228918671607971,1,5,0,1.0,0.2,1.0,0.2,0.0,0.0,0.0,0.0,0.2,0.8,47,151,0.14893617021276595,0.1390728476821192,0,0,0,2,4,3,2,0,0.0,0.0,0,4,0,0,0,0,1,-21100
965cbf49-8995-4a1c-a889-a37670d490d2,5,84229,79265,0,24300,27150,1,7,7,1,1.591349720954895,0.8654488921165466,3,5,0,0.6666666666666666,0.8,0.0,0.0,0.0,0.4,0.3333333333333333,0.2,0.4,0.6,87,186,0.12643678160919541,0.053763440860215055,1,0,2,4,6,4,2,0,0.0,0.0,3,4,0,0,0,0,1,-2850
965cbf49-8995-4a1c-a889-a37670d490d2,6,107175,101920,0,4450,27350,2,8,3,7,0.793269157409668,2.5085110664367676,1,3,0,1.0,0.6666666666666666,0.0,0.0,0.0,0.0,1.0,0.0,0.4,0.8,31,197,0.1935483870967742,0.050761421319796954,0,0,2,3,6,4,2,0,0.0,0.0,0,5,0,0,1,0,0,-22900
965cbf49-8995-4a1c-a889-a37670d490d2,7,129864,124608,0,28800,28050,6,5,6,5,2.668630599975586,2.6254477500915527,4,4,1,0.0,0.5,0.0,0.25,0.0,0.0,0.0,0.0,0.6,0.6,62,137,0.1935483870967742,0.072992700729927,4,0,4,5,5,4,2,0,0.0,0.0,3,5,0,0,1,0,0,750
965cbf49-8995-4a1c-a889-a37670d490d2,8,151096,-1,1,24150,24650,2,7,8,1,1.181438684463501,0.9950816035270691,5,4,0,0.0,0.25,0.2,0.0,0.0,0.0,0.4,0.25,0.4,0.6,86,191,0.1511627906976744,0.08376963350785341,5,0,2,4,5,4,2,0,0.0,0.0,1,4,0,1,0,0,0,-500
965cbf49-8995-4a1c-a889-a37670d490d2,9,165489,-1,1,24650,27250,4,3,6,1,1.733818531036377,2.482849597930908,5,1,1,0.4,1.0,0.2,0.0,0.0,0.0,0.2,0.0,0.8,0.2,106,47,0.08490566037735849,0.02127659574468085,2,0,4,5,4,1,1,0,0.0,0.0,2,2,0,1,0,0,0,-2600
965cbf49-8995-4a1c-a889-a37670d490d2,10,184472,180133,1,22750,24600,3,5,5,3,1.5451396703720093,0.6130678057670593,5,3,1,0.2,0.6666666666666666,0.0,0.0,0.0,0.0,0.0,0.3333333333333333,0.6,0.4,169,172,0.11834319526627218,0.03488372093023256,4,0,3,5,5,5,1,0,0.0,0.0,5,3,1,0,0,0,0,-1850
965cbf49-8995-4a1c-a889-a37670d490d2,11,210870,-1,1,30300,10300,4,1,3,2,2.649108648300171,1.8053500652313232,5,1,1,0.4,0.0,0.2,0.0,0.0,0.0,0.0,0.0,0.8,0.2,128,40,0.0859375,0.1,4,0,4,4,2,3,0,0,0.0,0.0,4,0,0,1,0,0,0,20000
965cbf49-8995-4a1c-a889-a37670d490d2,12,223478,-1,0,31650,24500,2,3,1,4,1.4020754098892212,2.7091965675354004,2,5,0,0.0,1.0,0.0,0.2,0.0,0.0,0.0,0.2,0.2,0.6,38,170,0.23684210526315788,0.041176470588235294,1,0,2,3,1,1,1,0,0.0,0.0,3,3,0,0,0,0,1,7150
965cbf49-8995-4a1c-a889-a37670d490d2,13,244299,240680,1,24100,25300,0,14,7,7,2.3514227867126465,1.736384391784668,5,2,1,0.0,0.5,0.0,0.0,0.2,0.5,0.2,0.5,0.8,0.4,85,31,0.2,0.0967741935483871,3,0,1,3,3,1,2,0,0.0,0.0,1,5,1,0,0,0,0,-1200
965cbf49-8995-4a1c-a889-a37670d490d2,14,254340,-1,1,26050,24000,0,3,3,0,2.7453835010528564,0.0,5,1,1,0.6,0.0,0.2,1.0,0.0,0.0,0.0,0.0,0.8,0.2,70,16,0.11428571428571428,0.25,2,0,1,2,3,1,1,0,0.0,0.0,4,2,0,1,0,0,0,2050
965cbf49-8995-4a1c-a889-a37670d490d2,15,266377,-1,1,30900,16550,6,5,5,6,2.773186683654785,3.039233922958374,5,0,1,0.6,0.0,0.0,0.0,0.6,0.0,0.2,0.0,1.0,0.0,87,18,0.12643678160919541,0.0,3,0,5,3,3,3,1,0,0.0,0.0,4,3,0,1,0,0,0,14350
965cbf49-8995-4a1c-a889-a37670d490d2,16,305161,-1,1,4300,4650,11,9,8,12,2.9454522132873535,3.0189430713653564,5,2,1,0.6,0.0,0.0,0.0,0.2,0.5,0.2,1.0,0.8,0.2,56,79,0.19642857142857142,0.13924050632911392,1,0,2,0,2,2,2,1,0.0,0.0,0,1,0,1,0,0,0,-350
965cbf49-8995-4a1c-a889-a37670d490d2,17,321913,-1,1,20300,9100,1,8,5,4,1.5755336284637451,1.5900440216064453,5,2,1,0.4,1.0,0.2,0.0,0.0,0.0,0.2,0.0,0.6,0.4,59,32,0.2711864406779661,0.125,2,0,1,4,2,4,4,0,0.0,0.0,2,0,0,1,0,0,0,11200
965cbf49-8995-4a1c-a889-a37670d490d2,18,330691,-1,1,21200,3150,0,0,0,0,0.0,0.0,5,1,1,0.4,0.0,0.2,0.0,0.0,0.0,0.0,0.0,0.8,0.2,62,21,0.20967741935483872,0.19047619047619047,3,0,0,1,0,0,1,0,0.0,0.0,2,0,0,1,0,0,0,18050
965cbf49-8995-4a1c-a889-a37670d490d2,19,350521,345268,0,25650,25100,0,21,7,14,2.8732082843780518,0.792665421962738,1,2,0,0.0,0.5,0.0,0.0,0.0,0.5,0.0,0.5,0.6,0.8,106,182,0.14150943396226415,0.04395604395604396,4,0,2,4,9,4,1,0,0.0,0.0,5,5,0,0,1,0,0,550
965cbf49-8995-4a1c-a889-a37670d490d2,20,366663,-1,1,29200,25200,14,14,9,19,3.002578020095825,2.7593681812286377,5,3,0,0.2,0.0,0.0,0.3333333333333333,0.2,0.0,0.6,0.3333333333333333,0.6,0.4,78,107,0.15384615384615385,0.09345794392523364,3,0,4,4,7,4,2,0,0.0,0.0,5,5,0,1,0,0,0,4000
965cbf49-8995-4a1c-a889-a37670d490d2,21,377328,-1,1,28950,23550,5,2,5,2,2.02740478515625,2.769942045211792,5,1,1,0.4,0.0,0.0,0.0,0.0,0.0,0.0,0.0,0.8,0.2,50,57,0.2,0.08771929824561403,4,0,4,2,3,3,2,0,0.0,0.0,2,3,0,1,0,0,0,5400
965cbf49-8995-4a1c-a889-a37670d490d2,22,399030,-1,1,31000,6350,1,10,4,7,3.180309295654297,1.0483003854751587,5,1,0,0.4,1.0,0.0,0.0,0.0,0.0,0.4,0.0,0.8,0.2,121,43,0.09090909090909091,0.023255813953488372,4,0,3,4,4,3,1,0,0.0,0.0,5,0,0,1,0,0,0,24650
965cbf49-8995-4a1c-a889-a37670d490d2,23,413663,-1,1,31300,26100,5,11,13,3,1.8468989133834839,3.065434694290161,5,1,1,0.4,1.0,0.0,0.0,0.4,0.0,0.2,0.0,0.8,0.2,55,31,0.23636363636363636,0.0967741935483871,3,0,4,4,7,4,1,0,0.0,0.0,3,3,0,1,0,0,0,5200
965cbf49-8995-4a1c-a889-a37670d490d2,24,428321,-1,1,31000,10000,0,4,2,2,2.175323009490967,0.513038158416748,5,0,1,0.2,0.0,0.0,0.0,0.0,0.0,0.2,0.0,1.0,0.0,72,18,0.125,0.1111111111111111,5,0,0,1,3,2,0,0,0.0,0.0,4,0,0,1,0,0,0,21000
965cbf49-8995-4a1c-a889-a37670d490d2,25,444719,439465,0,32100,25100,5,5,3,7,0.5952262282371521,1.1593304872512817,3,4,0,0.6666666666666666,0.75,0.3333333333333333,0.0,0.0,0.0,0.0,0.0,0.4,0.6,51,98,0.11764705882352941,0.11224489795918367,2,0,3,3,5,3,2,0,0.0,0.0,1,3,0,0,1,0,0,7000
965cbf49-8995-4a1c-a889-a37670d490d2,26,462119,457173,1,30050,26650,12,18,11,19,3.4147837162017822,1.976298451423645,5,3,1,0.4,0.6666666666666666,0.0,0.0,0.0,0.6666666666666666,0.2,0.3333333333333333,0.6,0.4,120,140,0.09166666666666666,0.08571428571428572,4,0,5,5,7,5,1,0,0.0,0.0,5,4,1,0,0,0,0,3400
a98ffca7-e968-4a54-9e8f-22f101c2502b,1,18999,16324,0,4450,4300,0,4,2,2,3.6098592281341553,0.5091065168380737,0,5,0,0.0,1.0,0.0,0.0,0.0,0.0,0.0,0.2,0.0,1.0,40,84,0.3,0.19047619047619047,1,0,0,2,3,2,0,0,0.0,0.0,0,0,0,0,0,0,1,150
a98ffca7-e968-4a54-9e8f-22f101c2502b,2,37496,32243,0,7350,19450,0,2,0,2,0.0,0.6864407658576965,2,4,0,0.5,0.5,0.5,0.0,0.0,0.0,0.5,0.0,0.4,0.6,28,182,0.21428571428571427,0.054945054945054944,1,0,0,0,4,5,1,0,0.0,0.0,0,2,0,0,1,0,0,-12100
a98ffca7-e968-4a54-9e8f-22f101c2502b,3,50896,45642,0,4750,21600,5,13,13,5,1.786099910736084,1.291067123413086,2,2,1,1.0,0.5,0.0,0.0,0.5,0.0,0.0,0.0,0.4,0.6,85,59,0.058823529411764705,0.13559322033898305,0,0,2,0,6,3,1,1,0.0,0.0,0,4,0,0,1,0,0,-16850
a98ffca7-e968-4a54-9e8f-22f101c2502b,4,62295,58611,1,26200,22150,19,16,11,24,1.985111117362976,2.2319552898406982,5,1,0,0.2,1.0,0.0,0.0,0.0,0.0,0.6,1.0,0.8,0.2,91,109,0.1978021978021978,0.06422018348623854,2,0,5,2,7,5,2,0,0.0,0.0,5,4,1,0,0,0,0,4050
a98ffca7-e968-4a54-9e8f-22f101c2502b,5,82891,79487,0,30350,23450,12,11,11,12,2.2962489128112793,2.697495698928833,4,5,1,0.5,0.6,0.25,0.2,0.25,0.0,0.0,0.4,0.6,0.4,55,58,0.12727272727272726,0.15517241379310345,2,0,6,4,7,4,1,0,0.0,0.0,5,2,0,0,0,0,1,6900
a98ffca7-e968-4a54-9e8f-22f101c2502b,6,96247,-1,1,26300,24700,7,1,1,7,0.5939568877220154,2.9547457695007324,5,0,1,0.4,0.0,0.0,0.0,0.0,0.0,0.0,0.0,1.0,0.0,58,46,0.20689655172413793,0.021739130434782608,1,0,4,3,2,5,0,0,0.0,0.0,2,2,0,1,0,0,0,1600
a98ffca7-e968-4a54-9e8f-22f101c2502b,7,114167,-1,1,32050,7850,11,10,7,14,2.370678424835205,1.4792554378509521,4,4,0,0.25,0.75,0.0,0.0,0.0,0.25,0.5,0.5,0.6,0.4,140,54,0.11428571428571428,0.2037037037037037,1,0,4,4,3,2,0,0,0.0,0.0,3,1,0,0,0,1,0,24200
a98ffca7-e968-4a54-9e8f-22f101c2502b,8,129731,-1,1,26250,7300,7,0,4,3,1.9078705310821533,3.398043394088745,5,1,0,0.0,0.0,0.0,0.0,0.2,0.0,0.2,0.0,0.8,0.2,60,6,0.25,0.16666666666666666,1,0,6,0,0,0,0,0,0.0,0.0,3,0,0,1,0,0,0,18950
a98ffca7-e968-4a54-9e8f-22f101c2502b,9,143134,138293,1,32100,22700,2,14,10,6,2.6379570960998535,0.56546550989151,5,2,0,0.2,0.0,0.0,0.5,0.0,0.5,0.2,0.5,0.8,0.4,82,26,0.2073170731707317,0.2692307692307692,2,0,2,4,5,3,0,0,0.0,0.0,3,1,1,0,0,0,0,9400
a98ffca7-e968-4a54-9e8f-22f101c2502b,10,157678,-1,1,33400,7900,3,6,5,4,3.0140461921691895,1.7850526571273804,5,2,1,0.0,1.0,0.2,0.0,0.2,0.0,0.2,0.5,0.6,0.2,64,20,0.203125,0.2,2,0,4,3,3,5,0,0,0.2857142857142857,0.0,5,0,0,1,0,0,0,25500
a98ffca7-e968-4a54-9e8f-22f101c2502b,11,173832,170847,1,32800,26800,2,12,7,7,2.3840854167938232,1.697147250175476,5,3,1,0.2,0.3333333333333333,0.0,0.3333333333333333,0.4,0.3333333333333333,0.4,0.3333333333333333,0.6,0.4,36,64,0.2222222222222222,0.15625,2,0,3,4,7,4,1,0,0.25,0.0,3,3,1,0,0,0,0,6000
a98ffca7-e968-4a54-9e8f-22f101c2502b,12,192506,190684,1,34200,24600,6,7,4,9,1.7302967309951782,1.992655873298645,5,2,1,0.2,0.5,0.0,0.0,0.0,0.0,0.2,0.5,0.6,0.4,119,119,0.15126050420168066,0.09243697478991597,4,0,6,5,7,4,0,0,0.0,0.0,5,5,1,0,0,0,0,9600
a98ffca7-e968-4a54-9e8f-22f101c2502b,13,203887,-1,1,33000,23300,3,1,2,2,2.0932135581970215,0.891605794429779,5,2,1,0.6,0.5,0.0,0.5,0.0,0.0,0.0,0.0,0.6,0.4,47,29,0.2127659574468085,0.20689655172413793,1,0,3,2,5,4,1,0,0.0,0.0,4,0,0,1,0,0,0,9700
a98ffca7-e968-4a54-9e8f-22f101c2502b,14,219612,-1,1,33700,7150,9,0,4,5,1.9843491315841675,3.8116202354431152,5,2,1,0.4,1.0,0.0,0.0,0.0,0.0,0.2,0.0,0.6,0.4,40,23,0.2,0.2608695652173913,2,0,4,1,0,2,0,0,0.2727272727272727,0.0,4,0,0,1,0,0,0,26550
a98ffca7-e968-4a54-9e8f-22f101c2502b,15,232794,230387,0,34400,26650,6,10,4,12,2.694321632385254,2.419654607772827,1,5,0,0.0,0.6,0.0,0.0,0.0,0.2,1.0,0.2,0.2,0.8,42,56,0.09523809523809523,0.16071428571428573,2,0,5,3,8,6,0,0,0.0,0.0,4,4,0,0,0,0,1,7750
a98ffca7-e968-4a54-9e8f-22f101c2502b,16,276232,-1,1,4350,4200,0,0,0,0,0.0,0.0,5,3,0,1.0,0.6666666666666666,0.0,0.3333333333333333,0.0,0.0,0.0,0.3333333333333333,0.8,0.2,26,38,0.38461538461538464,0.21052631578947367,0,0,0,0,0,1,0,0,0.0,0.0,0,0,0,1,0,0,0,150
a98ffca7-e968-4a54-9e8f-22f101c2502b,17,293009,291354,0,20550,7050,2,0,1,1,0.8453142642974854,2.5395638942718506,4,5,1,0.5,0.8,0.0,0.4,0.0,0.0,0.0,0.0,0.8,0.4,67,56,0.1791044776119403,0.25,1,0,1,3,0,0,0,0,0.0,0.0,0,0,0,0,0,0,1,13500
a98ffca7-e968-4a54-9e8f-22f101c2502b,18,308070,-1,0,7300,24850,11,0,3,8,1.8749462366104126,3.2420644760131836,0,5,0,0.0,1.0,0.0,0.0,0.0,0.2,0.0,0.0,0.0,1.0,27,131,0.14814814814814814,0.07633587786259542,0,0,2,1,1,5,2,1,0.0,0.0,0,4,0,0,0,0,1,-17550
a98ffca7-e968-4a54-9e8f-22f101c2502b,19,322081,321670,0,1000,26600,0,1,0,1,0.0,1.9104045629501343,0,5,0,0.0,0.0,0.0,0.0,0.0,0.0,0.0,0.0,0.0,1.0,17,109,0.17647058823529413,0.13761467889908258,0,0,0,0,4,3,2,0,0.0,0.0,0,5,0,0,0,0,1,-25600
a98ffca7-e968-4a54-9e8f-22f101c2502b,20,340001,-1,1,23350,26600,5,7,0,12,0.0,1.6731338500976562,4,0,1,0.5,0.0,0.0,0.0,0.0,0.0,0.25,0.0,1.0,0.2,68,41,0.14705882352941177,0.0975609756097561,1,0,3,5,4,4,2,0,0.0,0.0,0,4,0,0,0,1,0,-3250
a98ffca7-e968-4a54-9e8f-22f101c2502b,21,351212,-1,1,30800,25600,16,8,6,18,2.2173779010772705,2.153818130493164,5,2,1,0.6,0.0,0.0,0.0,0.0,0.0,0.6,1.0,0.6,0.4,89,101,0.16853932584269662,0.1188118811881188,2,0,6,4,5,5,2,0,0.0,0.0,5,5,0,1,0,0,0,5200
a98ffca7-e968-4a54-9e8f-22f101c2502b,22,370002,364748,0,31750,24850,2,2,2,2,0.3915395438671112,4.127415657043457,2,3,0,0.5,0.6666666666666666,0.5,0.0,0.0,0.0,1.0,0.0,0.4,0.6,55,49,0.09090909090909091,0.16326530612244897,3,0,4,4,6,4,0,0,0.0,0.0,5,2,0,0,1,0,0,6900
a98ffca7-e968-4a54-9e8f-22f101c2502b,23,380891,380476,0,23700,27250,6,10,9,7,2.3715083599090576,1.7638967037200928,3,5,0,0.3333333333333333,0.4,0.3333333333333333,0.6,0.3333333333333333,0.4,0.0,0.2,0.6,0.6,49,128,0.24489795918367346,0.078125,1,0,5,2,7,6,0,0,0.0,0.2222222222222222,2,5,0,0,0,0,1,-3550
a98ffca7-e968-4a54-9e8f-22f101c2502b,24,394861,-1,0,10650,27350,2,1,1,2,3.3205676078796387,2.562337875366211,2,5,0,0.5,0.4,0.0,0.0,0.0,0.0,0.5,0.4,0.2,0.6,15,100,0.3333333333333333,0.19,1,1,2,2,5,4,2,0,0.0,0.0,1,4,0,0,0,0,1,-16700
d9b405ae-4cb7-499f-83fb-d75fd11e2585,1,8095,-1,1,4400,4600,0,9,2,7,1.5208333730697632,2.1812407970428467,5,3,1,1.0,1.0,0.2,0.3333333333333333,0.0,0.0,0.2,0.3333333333333333,0.6,0.2,41,57,0.36585365853658536,0.14035087719298245,0,0,0,0,2,1,0,1,0.0,0.0,0,0,0,1,0,0,0,-200
d9b405ae-4cb7-499f-83fb-d75fd11e2585,2,23157,20461,1,16450,7750,1,13,5,9,3.4446730613708496,1.4596177339553833,5,1,1,0.6,1.0,0.0,1.0,0.2,1.0,0.0,0.0,0.8,0.2,163,31,0.1411042944785276,0.06451612903225806,0,0,1,2,5,4,1,0,0.0,0.0,1,2,1,0,0,0,0,8700
d9b405ae-4cb7-499f-83fb-d75fd11e2585,3,34611,-1,1,26350,6200,5,6,6,5,2.6198055744171143,1.0479633808135986,5,0,1,0.4,0.0,0.0,0.0,0.0,0.0,0.2,0.0,1.0,0.0,94,19,0.11702127659574468,0.05263157894736842,5,0,2,3,3,2,3,0,0.23076923076923078,0.0,3,0,0,1,0,0,0,20150
d9b405ae-4cb7-499f-83fb-d75fd11e2585,4,55538,52183,1,27250,24100,11,8,9,10,1.2370976209640503,1.3494703769683838,5,2,1,0.2,1.0,0.2,0.5,0.0,0.0,0.0,0.5,0.8,0.4,83,130,0.1686746987951807,0.06923076923076923,2,0,6,4,4,3,1,0,0.2,0.0,3,4,1,0,0,0,0,3150
d9b405ae-4cb7-499f-83fb-d75fd11e2585,5,69170,-1,1,28550,24000,6,7,6,7,3.2317686080932617,1.9821707010269165,5,1,1,0.4,0.0,0.2,1.0,0.4,0.0,0.0,0.0,0.8,0.2,69,54,0.2608695652173913,0.12962962962962962,2,0,4,2,3,2,0,0,0.0,0.0,3,2,0,1,0,0,0,4550
d9b405ae-4cb7-499f-83fb-d75fd11e2585,6,86091,80840,0,30350,9000,3,7,5,5,2.29512357711792,1.379817247390747,2,4,0,0.0,0.75,0.5,0.25,0.0,0.0,1.0,0.25,0.4,0.6,110,73,0.09090909090909091,0.1780821917808219,4,0,2,3,4,5,2,0,0.3076923076923077,0.0,4,3,0,0,1,0,0,21350
d9b405ae-4cb7-499f-83fb-d75fd11e2585,7,103530,-1,1,29750,28150,5,12,7,10,2.5521140098571777,2.2725231647491455,5,3,0,0.0,1.0,0.2,0.6666666666666666,0.0,0.0,0.4,0.0,0.6,0.4,70,139,0.18571428571428572,0.050359712230215826,3,0,2,5,8,4,2,0,0.0,0.0,4,6,0,1,0,0,0,1600
d9b405ae-4cb7-499f-83fb-d75fd11e2585,8,120156,-1,1,30550,24000,6,17,11,12,2.441387414932251,1.1120538711547852,5,2,0,0.2,0.0,0.2,0.5,0.0,0.0,0.4,0.5,0.6,0.4,86,102,0.1744186046511628,0.08823529411764706,4,0,3,3,8,5,1,0,0.13333333333333333,0.0,5,4,0,1,0,0,0,6550
d9b405ae-4cb7-499f-83fb-d75fd11e2585,9,140183,-1,1,30150,10100,2,6,3,5,2.838459014892578,0.7517962455749512,5,1,1,0.0,0.0,0.0,0.0,0.0,0.0,0.0,0.0,0.8,0.2,119,68,0.14285714285714285,0.08823529411764706,3,0,1,5,3,2,1,0,0.23076923076923078,0.0,4,2,0,1,0,0,0,20050
d9b405ae-4cb7-499f-83fb-d75fd11e2585,10,160036,157539,0,29600,25850,3,14,7,10,2.502467632293701,1.8286283016204834,4,5,1,0.0,0.2,0.0,0.4,0.25,0.2,0.0,0.2,0.6,0.6,89,128,0.15730337078651685,0.1171875,4,0,2,5,8,4,2,0,0.1875,0.0,5,4,0,0,0,0,1,3750
d9b405ae-4cb7-499f-83fb-d75fd11e2585,11,181960,176709,0,28950,22100,3,10,6,7,2.8506534099578857,1.6456241607666016,0,2,0,0.0,0.5,0.0,0.0,0.0,0.5,0.0,0.0,0.6,1.0,28,102,0.0,0.08823529411764706,2,0,1,3,8,5,2,0,0.5,0.0,2,5,0,0,1,0,0,6850
d9b405ae-4cb7-499f-83fb-d75fd11e2585,12,202940,-1,1,28800,23800,11,22,14,19,2.3330471515655518,2.6515326499938965,5,2,1,0.2,0.5,0.0,1.0,0.2,0.0,0.4,0.5,0.6,0.4,59,102,0.1694915254237288,0.08823529411764706,3,0,4,4,6,3,4,0,0.5,0.0,3,5,0,1,0,0,0,5000
d9b405ae-4cb7-499f-83fb-d75fd11e2585,13,220664,-1,1,29150,24900,3,11,5,9,1.8422157764434814,2.260964870452881,5,1,1,0.6,1.0,0.0,0.0,0.0,0.0,0.2,0.0,0.8,0.2,47,38,0.2127659574468085,0.18421052631578946,2,0,2,4,7,3,1,0,0.36363636363636365,0.0,3,3,0,1,0,0,0,4250
d9b405ae-4cb7-499f-83fb-d75fd11e2585,14,238674,237298,1,30350,10750,7,9,8,8,2.054675579071045,2.4623913764953613,5,2,1,0.2,1.0,0.0,0.5,0.4,0.0,0.4,0.0,0.6,0.4,83,47,0.2289156626506024,0.1702127659574468,2,0,3,1,6,4,1,0,0.0,0.0,3,3,1,0,0,0,0,19600
d9b405ae-4cb7-499f-83fb-d75fd11e2585,15,253737,251962,0,32650,27150,6,15,8,13,2.7221994400024414,1.7445433139801025,3,5,0,0.3333333333333333,0.6,0.0,0.2,0.6666666666666666,0.4,0.3333333333333333,0.2,0.2,0.6,49,103,0.20408163265306123,0.11650485436893204,4,0,4,5,8,5,2,0,0.23529411764705882,0.0,4,4,0,0,0,0,1,5500
d9b405ae-4cb7-499f-83fb-d75fd11e2585,16,298632,-1,0,4850,4300,4,2,2,4,2.1716811656951904,2.491389751434326,4,5,1,0.75,1.0,0.0,0.2,0.0,0.0,0.25,0.0,0.4,0.4,41,49,0.36585365853658536,0.2653061224489796,0,0,2,0,1,1,0,0,0.0,0.0,0,1,0,0,0,0,1,550
d9b405ae-4cb7-499f-83fb-d75fd11e2585,17,321518,318185,0,10050,19300,1,11,2,10,2.7579832077026367,0.8476236462593079,0,5,0,0.0,0.4,0.0,0.0,0.0,0.2,0.0,0.2,0.0,1.0,31,116,0.25806451612903225,0.11206896551724138,3,0,1,2,4,3,1,0,0.0,0.0,1,4,0,0,0,0,1,-9250
d9b405ae-4cb7-499f-83fb-d75fd11e2585,18,331907,-1,0,1300,21900,2,1,0,3,0.0,2.967548131942749,2,5,1,1.0,0.4,0.0,0.0,0.0,0.0,0.0,0.4,0.4,0.6,43,86,0.3023255813953488,0.2441860465116279,2,0,1,0,1,3,3,0,0.0,0.0,0,4,0,0,0,0,1,-20600
d9b405ae-4cb7-499f-83fb-d75fd11e2585,19,346049,340802,0,28600,22000,4,5,3,6,2.503586769104004,0.8924493789672852,2,3,0,0.0,0.6666666666666666,0.0,0.3333333333333333,0.0,0.0,0.0,0.0,0.4,0.6,26,87,0.19230769230769232,0.08045977011494253,2,0,1,1,3,3,3,0,0.0,0.0,2,4,0,0,1,0,0,6600
d9b405ae-4cb7-499f-83fb-d75fd11e2585,20,367062,363550,0,28000,27350,10,11,4,17,2.259324550628662,2.0212020874023438,2,5,0,0.0,0.4,0.0,0.4,0.0,0.0,1.0,0.2,0.4,0.6,75,106,0.14666666666666667,0.09433962264150944,5,0,4,5,7,5,3,0,0.0,0.0,4,5,0,0,0,0,1,650
a56115fd-a0ba-4eea-a618-91fd6c57177c,1,26037,22203,0,4050,4100,0,0,0,0,0.0,0.0,4,5,0,0.75,0.8,0.0,0.2,0.0,0.0,0.0,0.0,0.4,0.6,27,40,0.3333333333333333,0.275,0,0,0,1,0,0,0,0,0.0,0.0,0,0,0,0,0,0,1,-50
a56115fd-a0ba-4eea-a618-91fd6c57177c,2,47097,44555,0,10600,18800,0,4,1,3,2.2597146034240723,1.8783988952636719,1,5,0,0.0,0.6,0.0,0.0,0.0,0.0,1.0,0.0,0.2,0.8,11,130,0.2727272727272727,0.12307692307692308,0,1,0,3,3,4,3,0,0.0,0.0,0,2,0,0,0,0,1,-8200
a56115fd-a0ba-4eea-a618-91fd6c57177c,3,57016,55721,0,1300,21400,0,3,3,0,1.5615590810775757,0.0,1,5,0,0.0,0.4,1.0,0.0,0.0,0.0,1.0,0.2,0.2,0.8,44,102,0.1590909090909091,0.13725490196078433,0,0,0,0,4,4,0,0,0.0,0.0,0,1,0,0,0,0,1,-20100
a56115fd-a0ba-4eea-a618-91fd6c57177c,4,75640,71512,1,27950,22400,10,10,11,9,1.203010082244873,2.4690940380096436,4,3,1,0.75,0.3333333333333333,0.5,0.3333333333333333,0.0,0.0,0.0,0.6666666666666666,0.6,0.6,104,55,0.10576923076923077,0.21818181818181817,2,0,4,3,7,5,1,0,0.0,0.0,5,3,1,0,0,0,0,5550
a56115fd-a0ba-4eea-a618-91fd6c57177c,5,89217,86111,1,26450,26400,17,12,14,15,2.209615468978882,2.8553309440612793,5,2,1,0.4,0.5,0.0,0.5,0.4,0.0,0.6,0.0,0.6,0.2,105,61,0.09523809523809523,0.09836065573770492,4,0,6,3,7,5,1,0,0.0,0.0,5,3,1,0,0,0,0,50
a56115fd-a0ba-4eea-a618-91fd6c57177c,6,107310,102055,0,30150,21550,2,9,3,8,3.8444526195526123,1.3874218463897705,2,3,0,0.5,0.6666666666666666,0.0,0.0,0.0,0.0,0.5,0.0,0.2,0.8,59,81,0.11864406779661017,0.06172839506172839,3,0,1,2,5,5,2,0,0.0,0.0,3,2,0,0,1,0,0,8600
a56115fd-a0ba-4eea-a618-91fd6c57177c,7,136851,132689,0,23800,27150,6,14,10,10,1.9791244268417358,2.0533206462860107,3,5,1,0.0,0.4,0.0,0.0,0.0,0.0,0.0,0.0,0.4,0.4,116,119,0.10344827586206896,0.12605042016806722,3,0,3,5,7,4,1,1,0.0,0.0,1,3,0,0,0,0,1,-3350
a56115fd-a0ba-4eea-a618-91fd6c57177c,8,141889,-1,0,1100,25500,0,26,16,10,1.9302502870559692,1.2453725337982178,0,4,0,0.0,0.25,0.0,0.0,0.0,0.75,0.0,0.25,0.2,1.0,9,48,0.2222222222222222,0.22916666666666666,0,0,0,0,6,2,0,0,0.0,0.0,0,0,0,0,0,0,1,-24400
a56115fd-a0ba-4eea-a618-91fd6c57177c,9,159665,154409,0,28900,25500,2,10,6,6,2.0687179565429688,0.9885124564170837,4,4,0,0.25,0.5,0.25,0.0,0.5,0.0,0.0,0.25,0.4,0.4,36,72,0.2222222222222222,0.19444444444444445,1,0,2,2,6,3,0,0,0.0,0.0,3,4,0,0,1,0,0,3400
a56115fd-a0ba-4eea-a618-91fd6c57177c,10,177779,173249,1,14550,25000,8,13,10,11,1.4398632049560547,1.5785129070281982,5,3,1,0.2,0.3333333333333333,0.2,0.0,0.0,0.3333333333333333,0.0,0.0,0.4,0.4,48,97,0.16666666666666666,0.10309278350515463,0,0,3,4,10,3,2,0,0.0,0.0,0,5,1,0,0,0,0,-10450
a56115fd-a0ba-4eea-a618-91fd6c57177c,11,186962,-1,1,30800,27250,4,2,3,3,0.8710665702819824,1.3349460363388062,5,1,1,0.2,1.0,0.2,1.0,0.0,0.0,0.4,0.0,0.8,0.2,20,24,0.25,0.08333333333333333,2,0,3,3,3,4,0,0,0.0,0.0,3,1,0,1,0,0,0,3550
a56115fd-a0ba-4eea-a618-91fd6c57177c,12,206517,203112,0,32550,20150,2,10,6,6,2.2272744178771973,1.8310418128967285,4,5,1,0.5,0.2,0.0,0.4,0.0,0.0,0.0,0.2,0.6,0.4,65,36,0.2,0.2222222222222222,4,0,3,4,6,3,2,0,0.0,0.0,5,1,0,0,0,0,1,12400
a56115fd-a0ba-4eea-a618-91fd6c57177c,13,224610,-1,1,29200,23200,8,5,7,6,1.3063316345214844,2.355394124984741,5,3,0,0.0,0.3333333333333333,0.0,0.0,0.0,0.0,0.2,0.3333333333333333,0.4,0.4,39,90,0.23076923076923078,0.1111111111111111,2,0,3,5,5,3,0,0,0.0,0.0,2,2,0,1,0,0,0,6000
a56115fd-a0ba-4eea-a618-91fd6c57177c,14,230977,-1,1,22200,6600,2,0,2,0,0.5774103403091431,0.0,5,1,1,0.2,1.0,0.2,1.0,0.0,0.0,0.2,1.0,0.8,0.2,41,22,0.36585365853658536,0.3181818181818182,0,0,2,2,0,1,0,0,0.0,0.0,1,0,0,1,0,0,0,15600
a56115fd-a0ba-4eea-a618-91fd6c57177c,15,245286,-1,1,33750,13400,2,1,1,2,0.42267924547195435,2.826368808746338,5,2,1,0.2,1.0,0.0,0.5,0.0,0.0,0.2,0.0,0.6,0.4,84,28,0.17857142857142858,0.21428571428571427,2,0,4,4,2,2,0,3,0.0,0.0,4,0,0,1,0,0,0,20350
a56115fd-a0ba-4eea-a618-91fd6c57177c,16,286367,284368,0,3600,4250,0,8,0,8,0.0,1.7715706825256348,2,5,0,1.0,0.6,0.0,0.4,0.0,0.0,0.0,0.4,0.4,0.8,61,66,0.16393442622950818,0.16666666666666666,0,0,0,0,2,2,0,0,0.0,0.0,0,0,0,0,0,0,1,-650
a56115fd-a0ba-4eea-a618-91fd6c57177c,17,304048,301989,0,10100,19300,4,8,8,4,2.8583645820617676,1.3452019691467285,3,5,1,0.3333333333333333,0.4,0.3333333333333333,0.2,0.0,0.2,0.0,0.4,0.4,0.6,50,117,0.18,0.18803418803418803,0,0,2,2,5,4,1,0,0.0,0.0,0,2,0,0,0,0,1,-9200
a56115fd-a0ba-4eea-a618-91fd6c57177c,18,314641,313623,0,7750,24600,2,6,2,6,0.7449119091033936,0.6906638145446777,2,5,1,1.0,0.4,0.0,0.2,0.0,0.0,0.0,0.4,0.4,0.8,40,113,0.175,0.12389380530973451,0,0,1,0,2,3,1,0,0.0,0.0,0,3,0,0,0,0,1,-16850
a56115fd-a0ba-4eea-a618-91fd6c57177c,19,325476,-1,1,21600,24600,4,2,5,1,3.1105988025665283,3.3242905139923096,5,3,1,0.0,0.3333333333333333,0.4,1.0,0.0,1.0,0.0,0.6666666666666666,0.8,0.6,70,49,0.22857142857142856,0.30612244897959184,0,1,3,1,4,2,0,0,0.0,0.0,0,2,0,1,0,0,0,-3000
a56115fd-a0ba-4eea-a618-91fd6c57177c,20,340600,340237,0,22750,17800,7,1,2,6,1.0541983842849731,1.0210570096969604,1,5,1,1.0,1.0,0.0,0.0,0.0,0.0,0.0,0.0,0.2,0.8,55,64,0.16363636363636364,0.078125,1,1,5,3,1,3,1,0,0.0,0.0,2,2,0,0,0,0,1,4950
a56115fd-a0ba-4eea-a618-91fd6c57177c,21,353360,348106,0,7200,25400,0,6,0,6,0.0,2.0148675441741943,0,3,0,0.0,0.6666666666666666,0.0,0.0,0.0,0.0,0.0,0.0,0.4,1.0,23,72,0.0,0.08333333333333333,0,0,0,1,2,4,1,0,0.0,0.0,0,5,0,0,1,0,0,-18200
a56115fd-a0ba-4eea-a618-91fd6c57177c,22,365216,361135,1,26700,25800,13,4,7,10,1.463836431503296,3.1336681842803955,5,2,1,0.2,1.0,0.0,0.5,0.8,0.0,0.2,0.0,0.8,0.2,96,45,0.125,0.1111111111111111,0,0,6,2,5,4,1,0,0.0,0.0,3,4,1,0,0,0,0,900
a56115fd-a0ba-4eea-a618-91fd6c57177c,23,380925,-1,1,29900,18450,13,12,18,7,2.388054370880127,3.3722083568573,5,2,1,0.6,0.5,0.4,0.5,0.2,0.5,0.0,0.0,0.6,0.4,97,69,0.12371134020618557,0.15942028985507245,2,0,6,3,9,4,0,0,0.0,0.0,5,1,0,1,0,0,0,11450
a56115fd-a0ba-4eea-a618-91fd6c57177c,24,401434,398132,0,30000,26100,9,6,8,7,1.2655460834503174,1.5582056045532227,2,5,1,0.0,0.6,0.0,0.0,0.0,0.0,0.0,0.0,0.4,0.6,128,87,0.0703125,0.11494252873563218,2,0,9,5,8,5,0,0,0.0,0.0,5,3,0,0,0,0,1,3900
a56115fd-a0ba-4eea-a618-91fd6c57177c,25,411427,412048,0,17450,26850,2,17,14,5,2.7409605979919434,1.6916719675064087,2,6,0,0.0,0.3333333333333333,0.0,0.16666666666666666,0.0,0.16666666666666666,0.0,0.5,0.2,0.8,59,65,0.22033898305084745,0.18461538461538463,2,0,4,0,9,3,0,0,0.0,0.0,0,3,0,0,0,0,1,-9400
a56115fd-a0ba-4eea-a618-91fd6c57177c,26,423724,-1,0,8900,27550,0,9,1,8,0.8452202677726746,1.5975990295410156,2,5,0,0.5,0.6,0.0,0.4,0.0,0.0,0.0,0.0,0.4,0.6,25,55,0.32,0.21818181818181817,1,0,1,1,4,2,0,0,0.0,0.0,0,5,0,0,0,0,1,-18650
a56115fd-a0ba-4eea-a618-91fd6c57177c,27,433343,432858,0,21400,28550,1,8,2,7,2.1893956661224365,1.2912989854812622,1,5,1,0.0,0.4,0.0,0.0,0.0,0.0,0.0,0.0,0.2,0.8,61,52,0.16393442622950818,0.21153846153846154,1,0,2,2,6,3,0,0,0.0,0.0,1,4,0,0,0,0,1,-7150
26b6e6fe-71b2-4b05-881f-5b731f61385f,1,10088,-1,1,3750,4350,0,5,3,2,2.3876149654388428,0.3520810306072235,5,1,1,0.8,1.0,0.0,1.0,0.0,0.0,0.2,0.0,0.8,0.2,61,35,0.18032786885245902,0.08571428571428572,0,0,1,1,2,2,0,0,0.0,0.0,0,0,0,1,0,0,0,-600
26b6e6fe-71b2-4b05-881f-5b731f61385f,2,25088,-1,1,20750,9350,2,7,4,5,1.6762720346450806,1.5964500904083252,5,1,1,0.4,1.0,0.2,0.0,0.2,0.0,0.2,0.0,0.8,0.2,51,37,0.23529411764705882,0.05405405405405406,2,0,1,3,4,3,4,0,0.0,0.0,1,0,0,1,0,0,0,11400
26b6e6fe-71b2-4b05-881f-5b731f61385f,3,51129,-1,1,22950,2100,0,4,4,0,3.137272357940674,0.0,5,0,1,0.2,0.0,0.0,0.0,0.0,0.0,0.0,0.0,1.0,0.0,103,29,0.14563106796116504,0.13793103448275862,3,0,1,2,2,0,0,0,0.0,0.0,0,0,0,1,0,0,0,20850
26b6e6fe-71b2-4b05-881f-5b731f61385f,4,127341,-1,1,28000,26000,9,10,6,13,1.0247926712036133,1.935533046722412,5,2,0,0.8,0.0,0.2,0.5,0.4,0.5,0.4,0.5,0.8,0.4,99,85,0.15151515151515152,0.10588235294117647,5,0,3,4,6,5,1,0,0.23529411764705882,0.0,5,4,0,1,0,0,0,2000
26b6e6fe-71b2-4b05-881f-5b731f61385f,5,256827,-1,1,31250,8800,5,8,2,11,3.699768543243408,1.764628291130066,5,1,1,0.4,0.0,0.2,1.0,0.4,1.0,0.4,0.0,0.8,0.2,151,65,0.08609271523178808,0.16923076923076924,5,0,3,2,2,0,1,0,0.0,0.0,2,0,0,1,0,0,0,22450
26b6e6fe-71b2-4b05-881f-5b731f61385f,6,270825,-1,1,31850,26400,9,13,12,10,2.1740078926086426,1.8596044778823853,5,1,1,0.6,0.0,0.0,0.0,0.4,0.0,0.2,0.0,0.8,0.2,151,108,0.059602649006622516,0.08333333333333333,5,0,3,4,8,3,1,0,0.0,0.0,3,3,0,1,0,0,0,5450
26b6e6fe-71b2-4b05-881f-5b731f61385f,7,289351,285231,1,31750,8150,4,13,10,7,1.8220784664154053,0.5981577634811401,4,4,0,0.75,0.5,0.0,0.0,0.25,0.0,0.25,0.5,0.6,0.4,192,72,0.0625,0.1388888888888889,4,0,3,4,6,4,0,0,0.0,0.0,5,0,1,0,0,0,0,23600
26b6e6fe-71b2-4b05-881f-5b731f61385f,8,304265,-1,1,34500,25400,7,10,14,3,1.841685175895691,1.4440990686416626,5,1,1,0.0,1.0,0.0,1.0,0.2,0.0,0.4,0.0,0.8,0.2,76,90,0.11842105263157894,0.08888888888888889,5,0,4,5,7,4,1,0,0.10526315789473684,0.0,5,5,0,1,0,0,0,9100
26b6e6fe-71b2-4b05-881f-5b731f61385f,9,321126,-1,1,34000,26850,1,12,9,4,3.485888957977295,0.7282418608665466,5,1,0,0.4,1.0,0.0,0.0,0.0,0.0,0.0,0.0,0.8,0.2,46,80,0.13043478260869565,0.05,3,0,1,4,6,3,0,0,0.0,0.0,3,4,0,1,0,0,0,7150
26b6e6fe-71b2-4b05-881f-5b731f61385f,10,344262,340502,1,32050,13600,5,8,8,5,1.6768100261688232,2.59175181388855,5,4,1,0.4,1.0,0.2,0.25,0.0,0.0,0.2,0.25,1.0,0.6,76,81,0.15789473684210525,0.1728395061728395,3,0,4,3,6,3,1,0,0.0,0.0,4,1,1,0,0,0,0,18450
26b6e6fe-71b2-4b05-881f-5b731f61385f,11,362237,357714,1,34200,26100,12,9,8,13,1.630021572113037,1.3856608867645264,5,3,0,0.4,0.3333333333333333,0.0,0.3333333333333333,0.2,0.0,0.0,0.6666666666666666,0.8,0.4,79,86,0.1518987341772152,0.11627906976744186,4,0,6,4,8,4,1,0,0.0,0.0,4,3,1,0,0,0,0,8100
26b6e6fe-71b2-4b05-881f-5b731f61385f,12,379943,375750,1,33600,24750,13,10,10,13,3.2247986793518066,2.346245288848877,5,3,1,0.2,0.3333333333333333,0.2,0.3333333333333333,0.0,0.0,0.4,0.3333333333333333,1.0,0.4,84,106,0.15476190476190477,0.1320754716981132,5,0,4,4,8,4,0,0,0.23529411764705882,0.0,4,5,1,0,0,0,0,8850
26b6e6fe-71b2-4b05-881f-5b731f61385f,13,398477,395573,0,31650,24450,3,9,7,5,1.940653920173645,1.631726622581482,4,5,0,0.0,0.8,0.25,0.2,0.25,0.0,0.25,0.0,0.6,0.6,42,56,0.21428571428571427,0.21428571428571427,3,0,2,2,7,3,0,0,0.0,0.0,4,3,0,0,0,0,1,7200
26b6e6fe-71b2-4b05-881f-5b731f61385f,14,407745,-1,1,28550,24400,3,7,5,5,2.027656316757202,1.789648413658142,5,1,0,0.4,0.0,0.2,0.0,0.0,0.0,0.4,1.0,0.8,0.2,80,38,0.0875,0.02631578947368421,4,0,2,4,4,0,0,0,0.0,0.0,2,2,0,1,0,0,0,4150
26b6e6fe-71b2-4b05-881f-5b731f61385f,15,421720,-1,1,32250,17900,4,4,1,7,1.0912845134735107,2.3570809364318848,5,2,1,0.0,0.5,0.2,0.0,0.0,0.0,0.8,0.0,0.6,0.2,95,70,0.14736842105263157,0.17142857142857143,4,0,3,3,3,2,0,0,0.0,0.0,2,3,0,1,0,0,0,14350
26b6e6fe-71b2-4b05-881f-5b731f61385f,16,429185,-1,0,4350,4250,0,0,0,0,0.0,0.0,0,5,0,0.0,1.0,0.0,0.0,0.0,0.0,0.0,0.0,0.0,1.0,16,27,0.375,0.2962962962962963,0,0,0,0,0,0,0,0,0.0,0.0,0,0,0,0,0,0,1,100
26b6e6fe-71b2-4b05-881f-5b731f61385f,17,446019,444620,0,9650,20550,3,9,3,9,2.2000961303710938,2.8972434997558594,3,5,1,0.6666666666666666,0.0,0.3333333333333333,0.4,0.3333333333333333,0.2,0.0,0.2,0.6,0.6,61,162,0.18032786885245902,0.12962962962962962,1,0,2,5,5,3,2,0,0.0,0.3076923076923077,0,3,0,0,0,0,1,-10900
850c8f0f-9869-487e-8177-d5c9d3417690,1,12136,8945,0,4250,4400,0,6,1,5,0.655165433883667,1.5097792148590088,3,5,0,0.6666666666666666,0.4,0.3333333333333333,0.2,0.0,0.0,0.0,0.6,0.6,0.8,70,104,0.18571428571428572,0.1346153846153846,1,0,0,1,2,2,0,1,0.0,0.0,0,1,0,0,0,0,1,-150
850c8f0f-9869-487e-8177-d5c9d3417690,2,25204,-1,0,9750,19900,13,22,13,22,2.7733380794525146,1.6176635026931763,4,5,1,0.5,0.6,0.25,0.2,0.0,0.0,0.5,0.2,0.6,0.6,41,125,0.24390243902439024,0.144,1,0,3,4,6,4,1,0,0.0,0.0,0,4,0,0,0,0,1,-10150
850c8f0f-9869-487e-8177-d5c9d3417690,3,65965,63566,1,13700,22550,2,6,5,3,3.0787835121154785,1.5126062631607056,5,4,0,0.6,0.0,0.0,0.5,0.0,0.0,0.4,0.5,0.6,0.6,104,74,0.20192307692307693,0.22972972972972974,1,0,1,3,4,2,1,0,0.0,0.0,0,3,1,0,0,0,0,-8850
850c8f0f-9869-487e-8177-d5c9d3417690,4,96754,91499,0,23250,13650,4,5,6,3,1.98615300655365,1.7390276193618774,4,4,0,1.0,0.75,0.5,0.0,0.25,0.0,0.0,0.5,0.4,0.8,127,56,0.10236220472440945,0.26785714285714285,3,0,2,3,2,4,0,0,0.0,0.0,2,2,0,0,1,0,0,9600
850c8f0f-9869-487e-8177-d5c9d3417690,5,108923,-1,1,14650,23200,0,7,4,3,2.8681700229644775,0.8723762631416321,5,3,0,0.2,0.3333333333333333,0.4,0.0,0.0,0.0,0.6,0.0,0.6,0.4,93,75,0.20430107526881722,0.16,1,0,1,1,3,2,1,0,0.0,0.0,2,2,0,1,0,0,0,-8550
850c8f0f-9869-487e-8177-d5c9d3417690,6,114570,-1,1,26350,1000,1,0,1,0,2.051914691925049,0.0,5,1,1,0.2,1.0,0.2,1.0,0.0,0.0,0.4,1.0,0.8,0.2,44,10,0.20454545454545456,0.5,3,0,1,1,0,0,0,0,0.0,0.0,2,0,0,1,0,0,0,25350
850c8f0f-9869-487e-8177-d5c9d3417690,7,173559,-1,1,27700,4600,4,0,4,0,1.069354772567749,0.0,5,2,1,0.4,0.0,0.2,0.5,0.0,0.0,0.0,0.5,0.8,0.2,102,34,0.16666666666666666,0.2647058823529412,2,0,2,3,0,0,0,0,0.0,0.0,5,0,0,1,0,0,0,23100
850c8f0f-9869-487e-8177-d5c9d3417690,8,190844,190211,0,30300,24900,6,6,7,5,2.082057476043701,1.7558082342147827,3,5,1,0.3333333333333333,0.8,0.0,0.4,0.0,0.0,0.0,0.2,0.6,0.4,41,146,0.17073170731707318,0.0821917808219178,4,0,4,3,6,4,1,0,0.0,0.0,4,5,0,0,0,0,1,5400
850c8f0f-9869-487e-8177-d5c9d3417690,9,205234,199979,0,22850,26850,2,7,7,2,2.760028839111328,2.7093489170074463,0,2,0,0.0,0.5,0.0,0.0,0.0,0.0,0.0,0.0,0.6,1.0,50,51,0.04,0.09803921568627451,3,0,2,2,4,5,0,0,0.0,0.0,4,4,0,0,1,0,0,-4000
850c8f0f-9869-487e-8177-d5c9d3417690,10,220670,-1,1,16100,27550,9,11,12,8,1.738956093788147,2.586434841156006,5,3,1,0.0,0.6666666666666666,0.0,0.3333333333333333,0.2,0.0,0.2,0.0,0.6,0.6,86,58,0.27906976744186046,0.1206896551724138,3,0,3,4,5,4,3,0,0.0,0.0,3,3,0,1,0,0,0,-11450
850c8f0f-9869-487e-8177-d5c9d3417690,11,233078,-1,1,27300,24450,5,15,11,9,2.435241460800171,1.4321327209472656,5,2,0,0.2,0.5,0.2,0.5,0.0,0.5,0.2,0.0,0.8,0.4,49,32,0.16326530612244897,0.125,2,0,4,1,7,4,0,0,0.0,0.0,5,3,0,1,0,0,0,2850
850c8f0f-9869-487e-8177-d5c9d3417690,12,250220,-1,1,27050,1500,2,0,0,2,0.0,2.7345128059387207,5,1,0,0.0,1.0,0.0,0.0,0.0,0.0,0.4,0.0,0.8,0.2,52,24,0.23076923076923078,0.16666666666666666,4,0,1,3,0,0,0,0,0.0,0.0,4,0,0,1,0,0,0,25550
850c8f0f-9869-487e-8177-d5c9d3417690,13,258570,-1,1,30950,23400,16,15,11,20,2.7429518699645996,1.9621431827545166,5,1,1,0.0,1.0,0.0,0.0,0.4,0.0,0.4,1.0,0.8,0.2,107,33,0.11214953271028037,0.09090909090909091,4,0,3,2,5,5,0,0,0.0,0.0,5,0,0,1,0,0,0,7550
850c8f0f-9869-487e-8177-d5c9d3417690,14,269881,-1,1,31250,2000,6,0,5,1,1.0992923974990845,0.9454792141914368,5,2,1,0.4,1.0,0.0,0.5,0.0,0.0,0.2,0.0,0.6,0.4,58,14,0.1896551724137931,0.35714285714285715,3,0,2,3,0,0,0,0,0.0,0.0,5,0,0,1,0,0,0,29250
850c8f0f-9869-487e-8177-d5c9d3417690,15,288184,287114,0,33650,26800,2,11,6,7,1.4263877868652344,1.3493376970291138,1,5,0,1.0,0.4,0.0,0.2,1.0,0.0,1.0,0.4,0.2,0.8,131,121,0.015267175572519083,0.10743801652892562,4,0,4,4,7,5,1,0,0.0,0.0,5,5,0,0,0,0,1,6850
850c8f0f-9869-487e-8177-d5c9d3417690,16,322578,-1,0,3700,4300,4,7,5,6,3.154374361038208,1.03524649143219,2,5,1,1.0,0.8,0.0,0.4,0.0,0.2,0.0,0.2,0.4,0.6,50,66,0.16,0.22727272727272727,0,0,1,0,2,1,0,0,0.0,0.0,0,0,0,0,0,0,1,-600
850c8f0f-9869-487e-8177-d5c9d3417690,17,338381,-1,1,10400,20950,5,16,9,12,2.2577390670776367,2.2868428230285645,5,2,1,0.4,0.5,0.2,1.0,0.0,0.5,0.6,0.0,0.8,0.4,39,88,0.23076923076923078,0.11363636363636363,2,0,1,1,7,5,0,0,0.0,0.0,0,2,0,1,0,0,0,-10550
850c8f0f-9869-487e-8177-d5c9d3417690,18,354191,-1,1,26850,8200,7,6,7,6,0.9544607996940613,2.0405898094177246,5,2,1,0.2,1.0,0.0,0.5,0.0,0.0,0.2,0.5,0.6,0.2,125,28,0.16,0.32142857142857145,4,0,3,2,2,2,0,0,0.0,0.0,3,0,0,1,0,0,0,18650
850c8f0f-9869-487e-8177-d5c9d3417690,19,362954,-1,1,29050,1500,5,0,2,3,0.2993085980415344,1.6126481294631958,5,0,1,0.2,0.0,0.0,0.0,0.0,0.0,0.0,0.0,1.0,0.0,32,11,0.1875,0.0,3,0,3,3,0,0,0,0,0.0,0.0,4,0,0,1,0,0,0,27550
850c8f0f-9869-487e-8177-d5c9d3417690,20,371927,-1,1,31000,21400,5,12,6,11,2.2336251735687256,1.390747308731079,5,1,1,0.2,1.0,0.2,0.0,0.4,0.0,0.2,0.0,0.8,0.2,58,46,0.22413793103448276,0.10869565217391304,3,0,3,3,5,4,0,0,0.0,0.0,5,1,0,1,0,0,0,9600
850c8f0f-9869-487e-8177-d5c9d3417690,21,387804,-1,1,31950,6850,3,0,2,1,2.74373197555542,0.7674358487129211,5,0,1,1.0,0.0,0.0,0.0,0.0,0.0,0.2,0.0,1.0,0.0,96,15,0.08333333333333333,0.13333333333333333,5,0,3,4,0,1,1,0,0.0,0.0,3,0,0,1,0,0,0,25100
850c8f0f-9869-487e-8177-d5c9d3417690,22,409037,403782,0,32450,26350,3,7,2,8,2.2915093898773193,1.2123749256134033,2,4,0,0.0,0.5,0.0,0.0,0.0,0.0,0.0,0.0,0.4,0.6,44,45,0.09090909090909091,0.17777777777777778,5,0,2,2,4,3,0,0,0.0,0.0,5,4,0,0,1,0,0,6100
850c8f0f-9869-487e-8177-d5c9d3417690,23,431663,428390,0,31350,23250,15,14,11,18,2.1472995281219482,1.7714591026306152,3,5,1,0.3333333333333333,0.4,0.6666666666666666,0.0,0.0,0.0,0.3333333333333333,0.2,0.6,0.6,178,95,0.0449438202247191,0.10526315789473684,4,0,6,4,7,5,1,1,0.0,0.0,5,3,0,0,0,0,1,8100
850c8f0f-9869-487e-8177-d5c9d3417690,24,444707,-1,1,17550,25850,2,3,4,1,2.859592914581299,0.26893988251686096,5,1,1,0.2,1.0,0.0,0.0,0.0,0.0,0.0,0.0,0.8,0.2,81,16,0.09876543209876543,0.0625,1,0,2,3,3,1,0,0,0.0,0.0,3,3,0,1,0,0,0,-8300
850c8f0f-9869-487e-8177-d5c9d3417690,25,456704,452538,1,31600,22400,11,19,11,19,2.148507595062256,1.9309011697769165,5,3,1,0.4,0.6666666666666666,0.4,0.0,0.0,0.3333333333333333,0.0,0.3333333333333333,0.8,0.4,123,86,0.08130081300813008,0.08139534883720931,4,0,4,3,7,4,0,1,0.0,0.0,5,2,1,0,0,0,0,9200
850c8f0f-9869-487e-8177-d5c9d3417690,26,472982,469085,0,32250,15650,4,6,4,6,1.3936550617218018,0.9344966411590576,2,5,1,0.0,0.4,0.0,0.0,0.5,0.0,0.0,0.0,0.2,0.6,85,58,0.03529411764705882,0.27586206896551724,4,0,3,2,2,5,0,0,0.0,0.0,4,1,0,0,0,0,1,16600
850c8f0f-9869-487e-8177-d5c9d3417690,27,597991,598030,0,3100,27750,3,3,3,3,1.1255086660385132,1.9711095094680786,0,5,0,0.0,0.4,0.0,0.0,0.0,0.0,0.0,0.0,0.0,1.0,37,95,0.16216216216216217,0.15789473684210525,0,0,2,0,4,5,0,0,0.0,0.0,0,4,0,0,0,0,1,-24650
850c8f0f-9869-487e-8177-d5c9d3417690,28,609296,609348,0,21450,28050,2,4,3,3,0.8255236744880676,0.9076833128929138,2,5,0,0.5,0.4,0.5,0.2,0.0,0.0,0.0,0.0,0.4,0.8,76,52,0.13157894736842105,0.2692307692307692,3,0,2,2,4,4,0,0,0.0,0.0,3,4,0,0,0,0,1,-6600
850c8f0f-9869-487e-8177-d5c9d3417690,29,629335,626292,1,13300,28150,4,20,14,10,2.336524486541748,1.8188129663467407,5,4,1,0.4,0.75,0.2,0.25,0.2,0.25,0.6,0.0,0.6,0.4,66,103,0.30303030303030304,0.10679611650485436,1,0,3,3,9,5,2,0,0.0,0.0,1,4,1,0,0,0,0,-14850
850c8f0f-9869-487e-8177-d5c9d3417690,30,649046,646245,1,22200,28850,4,3,2,5,2.5587058067321777,1.6947364807128906,5,3,1,0.2,0.6666666666666666,0.0,0.3333333333333333,0.0,0.0,0.2,0.0,0.6,0.4,106,55,0.1792452830188679,0.12727272727272726,3,0,4,3,2,4,0,0,0.0,0.0,3,3,1,0,0,0,0,-6650
850c8f0f-9869-487e-8177-d5c9d3417690,31,692466,-1,1,30850,26550,5,3,4,4,2.2784454822540283,2.7257027626037598,5,2,1,0.0,0.5,0.2,0.5,0.2,0.0,0.2,0.5,0.8,0.2,94,80,0.1595744680851064,0.1,3,0,4,2,5,4,0,0,0.0,0.0,5,4,0,1,0,0,0,4300
850c8f0f-9869-487e-8177-d5c9d3417690,32,710386,-1,1,32300,25100,11,5,11,5,1.3518424034118652,2.397385358810425,4,2,1,0.75,1.0,0.0,0.0,0.5,0.0,0.0,0.0,0.6,0.4,63,37,0.1111111111111111,0.16216216216216217,4,0,4,4,4,3,0,0,0.0,0.0,6,2,0,0,0,1,0,7200
850c8f0f-9869-487e-8177-d5c9d3417690,33,729107,726266,1,33350,24100,6,15,10,11,2.778134822845459,2.599714756011963,4,4,1,0.25,0.5,0.0,0.0,0.5,0.0,0.0,0.25,0.6,0.6,94,68,0.0851063829787234,0.1323529411764706,5,0,3,3,6,4,2,0,0.0,0.0,4,3,1,0,0,0,0,9250
850c8f0f-9869-487e-8177-d5c9d3417690,34,746856,745526,0,30250,27000,6,6,3,9,4.412317752838135,1.2946314811706543,3,5,1,0.0,0.2,0.6666666666666666,0.4,0.0,0.0,0.0,0.4,0.6,0.6,76,73,0.2236842105263158,0.2328767123287671,4,0,3,2,8,3,1,0,0.0,0.0,4,4,0,0,0,0,1,3250
e2ed0419-0eb8-4314-aaca-f79f838cc1a8,1,13681,8823,1,4350,4350,0,2,0,2,0.0,2.117454767227173,5,3,0,1.0,0.6666666666666666,0.4,0.0,0.0,0.0,0.2,0.6666666666666666,0.6,0.6,42,78,0.30952380952380953,0.14102564102564102,0,0,0,1,1,2,1,0,0.0,0.0,0,0,1,0,0,0,0,0
e2ed0419-0eb8-4314-aaca-f79f838cc1a8,2,25466,-1,1,21800,3300,8,0,2,6,2.08351469039917,2.594071626663208,5,0,1,0.6,0.0,0.0,0.0,0.0,0.0,0.0,0.0,1.0,0.0,85,19,0.21176470588235294,0.10526315789473684,1,0,4,4,0,1,0,0,0.0,0.0,1,0,0,1,0,0,0,18500
e2ed0419-0eb8-4314-aaca-f79f838cc1a8,3,42979,38858,0,26800,24750,7,4,7,4,2.8440780639648438,2.090839385986328,3,5,0,0.6666666666666666,0.6,0.3333333333333333,0.2,0.0,0.0,0.0,0.4,0.4,0.6,139,60,0.10071942446043165,0.21666666666666667,5,0,3,6,4,4,1,0,0.0,0.0,4,2,0,0,0,0,1,2050
e2ed0419-0eb8-4314-aaca-f79f838cc1a8,4,59613,54946,0,3900,21700,0,0,0,0,0.0,0.0,2,5,0,0.5,0.2,0.5,0.0,0.0,0.0,0.0,0.2,0.4,0.8,20,111,0.2,0.13513513513513514,1,0,0,2,2,4,0,0,0.0,0.0,0,2,0,0,0,0,1,-17800
e2ed0419-0eb8-4314-aaca-f79f838cc1a8,5,77402,72154,0,25750,26500,7,7,8,6,1.904179334640503,2.412177801132202,2,3,0,0.0,0.6666666666666666,0.5,0.0,0.0,0.3333333333333333,0.0,0.0,0.4,0.6,87,119,0.034482758620689655,0.09243697478991597,1,0,3,4,5,4,2,0,0.0,0.0,2,4,0,0,1,0,0,-750
e2ed0419-0eb8-4314-aaca-f79f838cc1a8,6,90693,85444,0,10950,25700,0,6,3,3,2.1141140460968018,0.8689097762107849,3,4,1,0.0,0.5,0.0,0.0,0.0,0.0,0.3333333333333333,0.25,0.6,0.4,53,48,0.1509433962264151,0.1875,1,0,0,2,3,3,0,0,0.0,0.0,0,4,0,0,1,0,0,-14750
e2ed0419-0eb8-4314-aaca-f79f838cc1a8,7,107237,-1,0,29050,27450,4,4,4,4,3.590320110321045,0.9786518216133118,4,5,1,0.25,0.0,0.75,0.4,0.0,0.2,0.0,0.2,0.8,0.8,69,81,0.18840579710144928,0.1728395061728395,4,0,3,5,2,3,2,0,0.0,0.0,4,0,0,0,0,0,1,1600
e2ed0419-0eb8-4314-aaca-f79f838cc1a8,8,120094,118326,0,8500,27050,0,0,0,0,0.0,0.0,2,5,0,0.0,0.4,0.0,0.2,0.0,0.0,0.5,0.0,0.4,0.6,16,51,0.4375,0.21568627450980393,1,0,0,2,1,4,1,0,0.0,0.0,1,2,0,0,0,0,1,-18550
e2ed0419-0eb8-4314-aaca-f79f838cc1a8,9,136209,130960,0,30600,27150,3,8,7,4,3.010338068008423,1.3797714710235596,3,3,1,0.6666666666666666,0.3333333333333333,0.0,0.3333333333333333,0.0,0.0,0.0,0.3333333333333333,0.4,0.4,59,54,0.288135593220339,0.24074074074074073,2,0,1,3,4,3,1,0,0.0,0.0,4,3,0,0,1,0,0,3450
e2ed0419-0eb8-4314-aaca-f79f838cc1a8,10,152416,-1,1,28350,22500,1,2,1,2,2.386277914047241,0.8864468336105347,5,1,0,0.4,1.0,0.0,0.0,0.0,0.0,0.0,0.0,0.8,0.2,44,28,0.29545454545454547,0.25,3,0,1,4,5,4,3,0,0.0,0.0,2,3,0,1,0,0,0,5850
e2ed0419-0eb8-4314-aaca-f79f838cc1a8,11,180658,175409,0,31050,25650,4,3,1,6,1.0296703577041626,2.4103708267211914,1,3,0,0.0,1.0,0.0,0.0,0.0,0.0,0.0,0.3333333333333333,0.4,0.8,34,36,0.058823529411764705,0.2777777777777778,4,0,4,4,4,5,1,0,0.0,0.0,4,2,0,0,1,0,0,5400
e2ed0419-0eb8-4314-aaca-f79f838cc1a8,12,198640,193390,0,30900,27250,0,7,1,6,4.068643093109131,2.159032106399536,0,2,0,0.0,0.5,0.0,0.0,0.0,0.0,0.0,0.0,0.6,1.0,24,44,0.125,0.06818181818181818,3,0,0,5,3,5,2,0,0.0,0.0,3,3,0,0,1,0,0,3650
e2ed0419-0eb8-4314-aaca-f79f838cc1a8,13,212299,-1,0,30650,27550,7,6,5,8,3.1979424953460693,2.001924514770508,1,6,0,0.0,0.3333333333333333,0.0,0.16666666666666666,0.0,0.3333333333333333,0.0,0.16666666666666666,0.2,0.8,65,90,0.09230769230769231,0.17777777777777778,2,0,4,4,5,4,1,0,0.0,0.0,3,3,0,0,0,0,1,3100
e2ed0419-0eb8-4314-aaca-f79f838cc1a8,14,230136,224887,0,24100,27250,0,6,1,5,1.0141828060150146,1.4606502056121826,1,5,0,1.0,0.6,1.0,0.2,0.0,0.0,0.0,0.0,0.2,0.8,29,76,0.20689655172413793,0.10526315789473684,1,1,0,4,6,5,1,0,0.0,0.0,2,3,0,0,1,0,0,-3150
e2ed0419-0eb8-4314-aaca-f79f838cc1a8,15,242784,-1,0,18500,27950,0,0,0,0,0.0,0.0,4,5,0,0.5,0.6,0.5,0.2,0.0,0.0,0.25,0.0,0.6,0.6,54,129,0.2222222222222222,0.11627906976744186,3,0,0,4,0,0,1,0,0.0,0.0,1,3,0,0,0,0,1,-9450
e2ed0419-0eb8-4314-aaca-f79f838cc1a8,16,273868,-1,1,4250,4100,0,2,2,0,1.9322197437286377,0.0,5,1,1,1.0,1.0,0.2,0.0,0.0,0.0,0.0,0.0,0.8,0.2,15,25,0.4666666666666667,0.12,0,0,0,0,1,0,0,0,0.0,0.0,0,0,0,1,0,0,0,150
e2ed0419-0eb8-4314-aaca-f79f838cc1a8,17,293630,288382,0,20950,10100,3,0,1,2,0.6527817249298096,4.206230163574219,4,4,0,0.75,0.75,0.0,0.0,0.0,0.0,0.25,0.5,0.8,0.6,100,44,0.16,0.18181818181818182,2,0,1,3,1,4,1,2,0.0,0.0,1,1,0,0,1,0,0,10850
e2ed0419-0eb8-4314-aaca-f79f838cc1a8,18,312659,307411,0,11250,22900,0,6,3,3,2.192232131958008,2.2879085540771484,1,3,0,0.0,0.6666666666666666,0.0,0.0,0.0,0.0,0.0,0.0,0.4,0.8,14,113,0.21428571428571427,0.07964601769911504,2,0,0,2,3,4,1,0,0.0,0.0,1,2,0,0,1,0,0,-11650
e2ed0419-0eb8-4314-aaca-f79f838cc1a8,19,328672,326110,1,7400,24300,2,7,6,3,3.07235050201416,0.5664852261543274,5,3,1,0.2,0.3333333333333333,0.2,0.3333333333333333,0.0,0.0,0.4,0.3333333333333333,0.4,0.2,60,63,0.25,0.15873015873015872,0,0,1,0,4,5,1,0,0.0,0.0,0,3,1,0,0,0,0,-16900
e2ed0419-0eb8-4314-aaca-f79f838cc1a8,20,344959,-1,1,28350,23900,1,12,4,9,2.0177695751190186,1.2063007354736328,5,1,1,0.2,1.0,0.2,1.0,0.0,0.0,0.0,0.0,0.8,0.2,48,77,0.3333333333333333,0.12987012987012986,1,0,2,4,5,3,1,0,0.0,0.0,2,2,0,1,0,0,0,4450
e2ed0419-0eb8-4314-aaca-f79f838cc1a8,21,356575,351858,1,30550,4400,4,10,5,9,3.2633450031280518,1.5445975065231323,5,1,0,0.2,1.0,0.0,0.0,0.2,0.0,0.2,0.0,0.8,0.2,80,37,0.15,0.16216216216216217,3,0,3,4,4,4,0,0,0.0,0.0,5,1,1,0,0,0,0,26150
f218743d-5e8b-436e-91bd-b7b3664c56c3,1,30049,26212,1,4350,4200,0,1,1,0,0.7878865003585815,0.0,5,2,1,0.8,1.0,0.2,0.5,0.0,0.0,0.0,0.5,0.6,0.4,71,62,0.18309859154929578,0.11290322580645161,1,0,0,0,1,1,0,0,0.0,0.0,0,0,1,0,0,0,0,150
f218743d-5e8b-436e-91bd-b7b3664c56c3,2,45365,-1,1,21750,3500,4,0,1,3,1.9887597560882568,1.6082044839859009,5,2,1,0.2,1.0,0.0,0.5,0.0,0.0,0.2,0.5,0.8,0.2,60,9,0.26666666666666666,0.4444444444444444,3,0,2,4,0,0,0,0,0.0,0.0,2,0,0,1,0,0,0,18250
f218743d-5e8b-436e-91bd-b7b3664c56c3,3,59233,53978,0,25900,23000,4,10,10,4,1.9501311779022217,2.037574291229248,3,4,0,0.3333333333333333,0.75,0.3333333333333333,0.0,0.0,0.5,0.6666666666666666,0.0,0.4,0.6,122,87,0.10655737704918032,0.16091954022988506,3,0,3,4,4,3,1,0,0.0,0.0,1,0,0,0,1,0,0,2900
f218743d-5e8b-436e-91bd-b7b3664c56c3,4,80075,74820,0,18600,24400,0,9,5,4,2.5723326206207275,0.911003589630127,2,3,1,0.5,1.0,0.5,0.0,0.0,0.0,0.5,0.0,0.4,0.6,30,52,0.36666666666666664,0.11538461538461539,1,0,2,4,8,4,1,0,0.0,0.0,2,4,0,0,1,0,0,-5800
f218743d-5e8b-436e-91bd-b7b3664c56c3,5,95150,92851,0,10650,24900,8,11,11,8,2.7033402919769287,2.030120849609375,0,5,0,0.0,0.0,0.0,0.0,0.0,0.2,0.0,0.2,0.0,1.0,46,125,0.08695652173913043,0.12,0,1,2,1,9,5,2,0,0.0,0.0,0,4,0,0,0,0,1,-14250
f218743d-5e8b-436e-91bd-b7b3664c56c3,6,104393,103970,0,23400,24400,19,15,18,16,2.050515651702881,2.156978130340576,2,5,1,1.0,0.4,0.0,0.0,0.5,0.0,0.5,0.4,0.4,0.6,61,96,0.14754098360655737,0.14583333333333334,1,0,5,2,6,4,0,0,0.0,0.0,1,2,0,0,0,0,1,-1000
f218743d-5e8b-436e-91bd-b7b3664c56c3,7,117547,112552,0,5750,25600,0,6,1,5,2.042382001876831,1.3282138109207153,1,5,0,1.0,0.8,1.0,0.0,0.0,0.2,0.0,0.0,0.2,0.8,18,58,0.4444444444444444,0.22413793103448276,0,0,0,0,6,3,2,0,0.0,0.0,0,3,0,0,0,0,1,-19850
f218743d-5e8b-436e-91bd-b7b3664c56c3,8,129531,-1,1,27900,25500,10,8,8,10,0.9248878955841064,3.119495153427124,5,0,1,0.6,0.0,0.0,0.0,0.2,0.0,0.4,0.0,1.0,0.0,70,35,0.17142857142857143,0.17142857142857143,2,0,4,3,5,3,0,0,0.0,0.0,2,2,0,1,0,0,0,2400
f218743d-5e8b-436e-91bd-b7b3664c56c3,9,145091,143567,1,30300,25550,3,6,5,4,2.3657984733581543,0.4843514561653137,5,1,1,0.8,0.0,0.0,1.0,0.0,0.0,0.0,1.0,0.8,0.2,62,21,0.16129032258064516,0.14285714285714285,3,0,3,5,7,4,0,0,0.0,0.0,4,2,1,0,0,0,0,4750
f218743d-5e8b-436e-91bd-b7b3664c56c3,10,157572,154042,0,32050,25550,3,10,4,9,2.02131986618042,1.3768166303634644,4,5,0,0.25,0.6,0.0,0.2,0.25,0.0,0.25,0.2,0.4,0.8,29,66,0.27586206896551724,0.21212121212121213,5,0,2,2,7,6,0,0,0.0,0.0,4,3,0,0,0,0,1,6500
f218743d-5e8b-436e-91bd-b7b3664c56c3,11,176312,173828,1,28350,26950,11,9,7,13,1.804439663887024,1.6473543643951416,5,3,1,0.6,0.0,0.2,0.0,0.2,0.3333333333333333,0.0,0.3333333333333333,0.8,0.2,56,41,0.16071428571428573,0.14634146341463414,3,0,6,4,7,4,0,0,0.0,0.0,3,3,1,0,0,0,0,1400
f218743d-5e8b-436e-91bd-b7b3664c56c3,12,194499,193478,0,24800,7000,7,8,4,11,1.667707920074463,2.6555426120758057,4,5,1,0.0,0.8,0.0,0.2,0.25,0.2,0.25,0.2,0.6,0.8,54,38,0.2222222222222222,0.2631578947368421,3,0,5,4,5,3,0,0,0.0,0.0,3,1,0,0,0,0,1,17800
f218743d-5e8b-436e-91bd-b7b3664c56c3,13,205199,203489,0,1500,23250,0,8,6,2,2.606109619140625,0.5087671279907227,0,5,0,0.0,0.4,0.0,0.0,0.0,0.0,0.0,0.6,0.0,1.0,44,110,0.11363636363636363,0.10909090909090909,0,0,0,0,6,4,0,0,0.0,0.0,0,2,0,0,0,0,1,-21750
f218743d-5e8b-436e-91bd-b7b3664c56c3,14,220403,-1,1,24750,25150,3,10,5,8,0.42180195450782776,1.744154930114746,5,1,1,0.4,0.0,0.2,0.0,0.0,0.0,0.0,0.0,0.8,0.2,64,84,0.171875,0.08333333333333333,1,0,1,5,8,4,0,0,0.0,0.0,2,5,0,1,0,0,0,-400
f218743d-5e8b-436e-91bd-b7b3664c56c3,15,238119,236714,0,30550,23200,5,7,7,5,1.631087064743042,1.510820984840393,2,5,1,0.5,0.6,0.0,0.0,0.5,0.2,0.0,0.2,0.4,0.6,40,26,0.175,0.4230769230769231,5,0,3,5,4,2,0,0,0.0,0.0,3,1,0,0,0,0,1,7350
f218743d-5e8b-436e-91bd-b7b3664c56c3,16,273145,268762,0,4400,4300,2,4,3,3,2.341020345687866,2.042907953262329,3,5,1,1.0,1.0,0.0,0.0,0.0,0.0,0.0,0.0,0.4,0.6,52,78,0.21153846153846154,0.19230769230769232,0,0,2,0,3,2,0,1,0.0,0.0,0,0,0,0,0,0,1,100
f218743d-5e8b-436e-91bd-b7b3664c56c3,17,285670,-1,0,6250,17900,9,21,18,12,1.7747009992599487,2.2647464275360107,4,5,0,0.0,0.4,0.25,0.0,0.0,0.0,0.5,0.2,0.4,0.6,108,166,0.2222222222222222,0.15060240963855423,2,0,4,1,7,5,1,0,0.0,0.0,0,3,0,0,0,0,1,-11650
f218743d-5e8b-436e-91bd-b7b3664c56c3,18,304528,299274,0,3750,21400,4,2,2,4,2.2980990409851074,1.8432036638259888,2,4,0,1.0,0.5,0.0,0.0,0.0,0.0,0.5,0.0,0.2,0.6,22,76,0.3181818181818182,0.15789473684210525,0,0,2,2,3,3,3,0,0.0,0.0,0,2,0,0,1,0,0,-17650
f218743d-5e8b-436e-91bd-b7b3664c56c3,19,319073,313819,0,25500,24700,3,8,4,7,2.836613655090332,1.1257632970809937,1,2,1,1.0,0.0,0.0,0.5,0.0,1.0,0.0,0.5,0.6,0.8,89,48,0.033707865168539325,0.16666666666666666,1,0,3,3,7,5,0,0,0.0,0.0,3,4,0,0,1,0,0,800
f218743d-5e8b-436e-91bd-b7b3664c56c3,20,335867,-1,1,27450,27350,5,11,8,8,1.7126948833465576,1.1974271535873413,5,2,0,0.6,1.0,0.4,0.5,0.0,0.0,0.2,0.0,0.8,0.4,87,32,0.16091954022988506,0.09375,2,0,4,5,5,4,2,0,0.0,0.0,4,3,0,1,0,0,0,100
f218743d-5e8b-436e-91bd-b7b3664c56c3,21,353787,-1,1,30100,22050,13,6,11,8,1.5410186052322388,2.4416918754577637,4,0,1,0.0,0.0,0.0,0.0,0.0,0.0,0.5,0.0,1.0,0.2,54,61,0.18518518518518517,0.0,3,0,7,5,4,4,0,0,0.0,0.0,4,0,0,0,0,1,0,8050
f218743d-5e8b-436e-91bd-b7b3664c56c3,22,362156,-1,1,30450,7700,7,2,4,5,2.0408332347869873,2.3434579372406006,5,1,1,0.4,1.0,0.2,1.0,0.4,0.0,0.2,1.0,0.8,0.2,58,20,0.1896551724137931,0.35,1,0,4,2,1,0,0,0,0.0,0.0,2,0,0,1,0,0,0,22750
f218743d-5e8b-436e-91bd-b7b3664c56c3,23,370449,-1,0,30450,20500,13,15,14,14,1.8003448247909546,1.5441417694091797,2,5,1,0.5,0.4,0.5,0.2,0.0,0.0,0.5,0.0,0.4,0.8,80,72,0.075,0.19444444444444445,2,0,5,2,9,3,1,0,0.0,0.0,4,1,0,0,0,0,1,9950
f218743d-5e8b-436e-91bd-b7b3664c56c3,24,390434,-1,0,30800,27850,2,6,6,2,2.046950340270996,2.9142189025878906,1,5,0,0.0,0.8,1.0,0.2,0.0,0.0,0.0,0.2,0.2,1.0,41,108,0.07317073170731707,0.12962962962962962,3,0,2,5,4,4,2,0,0.0,0.0,4,4,0,0,0,0,1,2950
f218743d-5e8b-436e-91bd-b7b3664c56c3,25,410304,406610,1,9150,25150,0,3,2,1,0.5185412168502808,0.16431604325771332,5,3,1,0.2,0.0,0.2,0.3333333333333333,0.0,0.0,0.2,0.0,0.6,0.2,63,42,0.23809523809523808,0.07142857142857142,1,0,0,3,6,5,2,0,0.0,0.0,0,5,1,0,0,0,0,-16000
f218743d-5e8b-436e-91bd-b7b3664c56c3,26,424581,419327,0,30650,25750,9,7,5,11,2.6092915534973145,2.690840482711792,2,3,0,1.0,0.3333333333333333,0.5,0.3333333333333333,0.0,0.0,1.0,0.0,0.4,0.6,58,36,0.10344827586206896,0.1111111111111111,1,0,4,3,6,3,0,0,0.0,0.0,3,3,0,0,1,0,0,4900
f218743d-5e8b-436e-91bd-b7b3664c56c3,27,448495,443240,0,19900,26950,10,11,13,8,1.7290685176849365,1.62428617477417,1,3,0,1.0,0.3333333333333333,0.0,0.3333333333333333,0.0,0.3333333333333333,0.0,0.0,0.4,0.8,68,46,0.16176470588235295,0.15217391304347827,2,0,5,3,9,4,2,0,0.0,0.0,3,6,0,0,1,0,0,-7050
f218743d-5e8b-436e-91bd-b7b3664c56c3,28,469390,-1,1,14550,27350,0,5,1,4,3.812974452972412,1.1589269638061523,5,0,1,0.6,0.0,0.0,0.0,0.0,0.0,0.2,0.0,1.0,0.0,44,29,0.22727272727272727,0.06896551724137931,0,0,1,4,6,4,0,0,0.0,0.0,1,3,0,1,0,0,0,-12800
f218743d-5e8b-436e-91bd-b7b3664c56c3,29,477726,-1,1,30650,23700,11,10,13,8,2.243974447250366,2.1513381004333496,5,1,1,0.4,1.0,0.0,0.0,0.2,0.0,0.2,0.0,0.8,0.2,77,45,0.16883116883116883,0.044444444444444446,4,0,3,2,6,4,0,1,0.0,0.0,5,1,0,1,0,0,0,6950
f218743d-5e8b-436e-91bd-b7b3664c56c3,30,488588,-1,1,32050,10050,13,13,15,11,1.9387528896331787,1.8716423511505127,5,1,1,0.4,1.0,0.0,0.0,0.0,0.0,0.0,0.0,0.8,0.2,65,39,0.18461538461538463,0.07692307692307693,2,0,4,1,8,2,0,0,0.0,0.0,2,0,0,1,0,0,0,22000
3df4398f-675c-418d-8302-dd55ecff8921,1,12651,11564,0,4450,4450,0,8,5,3,1.3810958862304688,1.0744291543960571,2,5,0,0.5,0.8,0.5,0.2,0.0,0.0,0.5,0.4,0.4,0.8,41,59,0.2682926829268293,0.1864406779661017,1,0,0,0,2,1,0,0,0.0,0.0,0,2,0,0,0,0,1,0
3df4398f-675c-418d-8302-dd55ecff8921,2,32530,27280,0,10600,18600,0,15,3,12,2.155945062637329,1.0021345615386963,2,4,0,0.5,0.25,0.0,0.25,0.0,0.0,0.0,0.0,0.2,0.6,32,168,0.15625,0.08928571428571429,5,0,0,3,6,4,2,0,0.0,0.0,0,4,0,0,1,0,0,-8000
3df4398f-675c-418d-8302-dd55ecff8921,3,42668,41427,0,6400,21150,0,24,13,11,3.2396130561828613,1.0786385536193848,2,5,1,1.0,0.2,0.5,0.2,0.5,0.4,0.0,0.8,0.2,0.8,25,135,0.28,0.14074074074074075,0,0,0,0,5,3,2,0,0.0,0.0,0,4,0,0,0,0,1,-14750
3df4398f-675c-418d-8302-dd55ecff8921,4,57067,-1,1,27400,23900,3,11,5,9,4.125178813934326,1.2260868549346924,5,4,0,0.8,0.5,0.2,0.5,0.2,0.0,0.6,0.0,0.8,0.6,79,144,0.17721518987341772,0.08333333333333333,4,0,1,4,7,4,2,0,0.0,0.0,5,4,0,1,0,0,0,3500
3df4398f-675c-418d-8302-dd55ecff8921,5,75673,70423,0,22100,22300,13,11,8,16,1.6476795673370361,1.327344536781311,3,4,0,0.0,1.0,0.3333333333333333,0.25,0.3333333333333333,0.0,0.3333333333333333,0.25,0.4,0.6,90,82,0.17777777777777778,0.12195121951219512,3,0,3,4,4,4,1,0,0.0,0.0,3,4,0,0,1,0,0,-200
3df4398f-675c-418d-8302-dd55ecff8921,6,83557,83637,0,6400,25000,3,15,4,14,4.374917507171631,1.8834402561187744,0,5,0,0.0,0.8,0.0,0.0,0.0,0.2,0.0,0.0,0.0,1.0,24,134,0.08333333333333333,0.1044776119402985,0,0,1,1,5,2,0,0,0.0,0.0,0,2,0,0,0,0,1,-18600
3df4398f-675c-418d-8302-dd55ecff8921,7,106150,100899,0,27400,25700,4,19,10,13,2.210712194442749,1.6579978466033936,1,4,0,1.0,1.0,0.0,0.0,0.0,0.0,1.0,0.25,0.2,0.8,95,133,0.07368421052631578,0.07518796992481203,5,0,1,3,8,4,1,0,0.0,0.0,3,6,0,0,1,0,0,1700
3df4398f-675c-418d-8302-dd55ecff8921,8,124390,119140,0,9600,27750,0,15,3,12,2.4386160373687744,0.7735342383384705,2,4,0,0.5,0.25,0.0,0.0,0.0,0.0,0.0,0.0,0.2,0.6,32,65,0.09375,0.09230769230769231,1,0,0,1,7,4,1,0,0.0,0.0,0,3,0,0,1,0,0,-18150
3df4398f-675c-418d-8302-dd55ecff8921,9,154928,-1,1,28100,27650,15,16,16,15,2.1221365928649902,2.4461910724639893,5,1,1,0.4,0.0,0.2,0.0,0.6,1.0,0.2,0.0,0.8,0.2,76,68,0.19736842105263158,0.058823529411764705,2,0,5,2,7,1,1,0,0.0,0.0,3,3,0,1,0,0,0,450
3df4398f-675c-418d-8302-dd55ecff8921,10,174976,171978,1,29750,26850,9,9,8,10,1.2004035711288452,1.6569169759750366,5,3,1,0.2,0.0,0.0,0.0,0.4,0.0,0.4,0.3333333333333333,0.8,0.4,117,66,0.1282051282051282,0.24242424242424243,4,0,3,2,6,4,1,0,0.0,0.0,5,2,1,0,0,0,0,2900
3df4398f-675c-418d-8302-dd55ecff8921,11,192255,190662,1,30300,27050,6,11,11,6,1.459861397743225,1.59394109249115,5,4,1,0.4,0.25,0.2,0.25,0.0,0.0,0.4,0.0,0.8,0.6,69,60,0.30434782608695654,0.2,4,0,5,4,8,5,1,0,0.0,0.0,5,4,1,0,0,0,0,3250
3df4398f-675c-418d-8302-dd55ecff8921,12,203805,-1,1,32800,23900,9,25,10,24,2.039628505706787,1.8074499368667603,5,0,1,0.2,0.0,0.0,0.0,0.6,0.0,0.2,0.0,1.0,0.0,81,57,0.14814814814814814,0.05263157894736842,4,0,4,3,8,4,0,0,0.0,0.0,4,4,0,1,0,0,0,8900
3df4398f-675c-418d-8302-dd55ecff8921,13,211589,-1,1,32400,5750,6,0,5,1,2.156338930130005,0.7485750913619995,5,1,1,0.2,1.0,0.0,0.0,0.0,0.0,0.0,0.0,0.8,0.2,72,19,0.2361111111111111,0.2631578947368421,4,0,5,1,0,0,0,0,0.0,0.0,2,0,0,1,0,0,0,26650
3df4398f-675c-418d-8302-dd55ecff8921,14,220076,-1,1,34300,25100,12,32,15,29,2.3015191555023193,2.2028937339782715,5,4,0,0.6,0.25,0.4,0.25,0.0,0.25,0.4,0.0,0.4,0.4,51,97,0.27450980392156865,0.16494845360824742,2,0,3,2,7,2,0,0,0.0,0.0,1,2,0,1,0,0,0,9200
3df4398f-675c-418d-8302-dd55ecff8921,15,237334,235381,0,34450,21400,2,8,6,4,1.8884763717651367,0.8799354434013367,3,5,1,0.0,0.8,0.3333333333333333,0.4,0.0,0.0,0.3333333333333333,0.0,0.6,0.6,94,73,0.14893617021276595,0.2191780821917808,5,0,5,5,4,4,0,0,0.0,0.0,5,1,0,0,0,0,1,13050
3df4398f-675c-418d-8302-dd55ecff8921,16,272837,269630,1,4350,4250,10,0,6,4,1.3190994262695312,2.892146348953247,5,2,0,0.8,0.5,0.2,0.0,0.4,0.5,0.0,0.0,0.6,0.4,87,133,0.1839080459770115,0.06766917293233082,0,0,2,2,1,2,0,0,0.0,0.0,0,1,1,0,0,0,0,100
3df4398f-675c-418d-8302-dd55ecff8921,17,291426,287542,1,22500,15600,11,16,12,15,1.7770792245864868,2.3758325576782227,5,3,1,0.0,1.0,0.2,0.6666666666666666,0.2,0.3333333333333333,0.2,0.3333333333333333,0.8,0.4,169,132,0.13609467455621302,0.09090909090909091,2,0,5,5,4,3,0,0,0.0,0.0,3,1,1,0,0,0,0,6900
3df4398f-675c-418d-8302-dd55ecff8921,18,312198,306948,0,26850,16400,8,3,7,4,1.4179823398590088,2.682793617248535,3,4,1,0.0,0.25,0.0,0.25,0.3333333333333333,0.25,0.0,0.5,0.6,0.6,211,210,0.06635071090047394,0.12857142857142856,2,1,4,5,3,4,1,0,0.0,0.0,5,2,0,0,1,0,0,10450
3df4398f-675c-418d-8302-dd55ecff8921,19,329151,325282,0,13600,24900,1,6,4,3,2.3128843307495117,1.8285762071609497,4,5,0,0.75,0.6,0.25,0.4,0.0,0.0,0.25,0.4,0.6,0.6,96,92,0.13541666666666666,0.13043478260869565,2,0,1,3,4,3,4,0,0.0,0.0,1,4,0,0,0,0,1,-11300
3df4398f-675c-418d-8302-dd55ecff8921,20,338430,-1,0,1200,22450,2,10,3,9,4.641082286834717,2.7211527824401855,2,5,0,1.0,0.2,0.0,0.0,0.0,0.0,0.5,0.6,0.2,0.6,41,134,0.21951219512195122,0.08955223880597014,0,0,1,0,4,2,2,0,0.0,0.0,0,5,0,0,0,0,1,-21250
3df4398f-675c-418d-8302-dd55ecff8921,21,350127,348637,0,23900,22500,7,10,9,8,3.4565892219543457,2.0775279998779297,2,5,0,0.5,0.8,0.0,0.2,0.5,0.2,0.0,0.0,0.2,0.6,56,95,0.125,0.1368421052631579,1,1,2,4,8,5,1,0,0.0,0.0,1,5,0,0,0,0,1,1400
3df4398f-675c-418d-8302-dd55ecff8921,22,359093,-1,0,3550,25100,3,5,3,5,3.1616764068603516,2.0861077308654785,0,5,0,0.0,0.6,0.0,0.0,0.0,0.2,0.0,0.2,0.0,1.0,13,96,0.07692307692307693,0.14583333333333334,0,0,2,0,2,2,1,0,0.0,0.0,0,3,0,0,0,0,1,-21550
3df4398f-675c-418d-8302-dd55ecff8921,23,377040,374028,0,28550,25700,10,7,12,5,2.087114095687866,2.4426310062408447,4,5,1,0.5,0.8,0.5,0.2,0.0,0.0,0.5,0.2,0.8,0.6,149,83,0.09395973154362416,0.1566265060240964,4,0,4,4,5,4,0,0,0.0,0.0,3,1,0,0,0,0,1,2850
3df4398f-675c-418d-8302-dd55ecff8921,24,403992,398745,0,5850,27650,5,14,5,14,2.5206050872802734,1.4626009464263916,3,4,0,0.3333333333333333,0.25,0.0,0.0,0.0,0.0,0.0,0.75,0.2,0.6,47,178,0.1276595744680851,0.07303370786516854,1,0,2,2,7,5,1,0,0.0,0.0,0,5,0,0,1,0,0,-21800
3df4398f-675c-418d-8302-dd55ecff8921,25,420098,419680,0,31850,25600,15,21,18,18,1.8477848768234253,2.4416680335998535,3,5,1,0.3333333333333333,0.4,0.3333333333333333,0.0,0.0,0.2,0.6666666666666666,0.4,0.6,0.6,95,93,0.09473684210526316,0.15053763440860216,4,0,6,3,8,4,2,0,0.0,0.0,5,4,0,0,0,0,1,6250
3df4398f-675c-418d-8302-dd55ecff8921,26,443746,443683,0,24100,26300,6,13,9,10,1.6297478675842285,2.031266927719116,1,5,0,1.0,0.2,1.0,0.0,0.0,0.0,1.0,0.4,0.2,0.8,110,142,0.10909090909090909,0.14084507042253522,2,0,3,4,7,5,1,0,0.0,0.0,4,5,0,0,0,0,1,-2200
b63b2a87-38df-4aec-9af1-7a1e6382bcad,1,11722,11997,0,4250,4250,0,3,1,2,3.9267022609710693,0.49584370851516724,2,5,0,1.0,0.6,0.0,0.0,0.0,0.0,0.0,0.4,0.2,0.6,38,61,0.21052631578947367,0.21311475409836064,0,0,0,0,1,2,0,0,0.0,0.0,0,1,0,0,0,0,1,0
b63b2a87-38df-4aec-9af1-7a1e6382bcad,2,27731,-1,1,10200,19400,0,5,5,0,2.459616184234619,0.0,5,2,1,0.6,0.5,0.2,0.0,0.0,0.0,0.2,0.0,0.6,0.2,26,80,0.38461538461538464,0.0625,1,0,0,3,3,3,1,0,0.0,0.0,0,2,0,1,0,0,0,-9200
b63b2a87-38df-4aec-9af1-7a1e6382bcad,3,43915,40896,1,26200,7750,11,0,8,3,0.9843117594718933,1.6291791200637817,4,1,0,0.25,1.0,0.0,0.0,0.25,0.0,0.25,0.0,0.8,0.2,75,19,0.21333333333333335,0.10526315789473684,4,0,3,4,0,1,0,0,0.0,0.0,3,0,1,0,0,0,0,18450
b63b2a87-38df-4aec-9af1-7a1e6382bcad,4,54968,-1,1,30950,5000,1,3,2,2,1.9508124589920044,0.8206422924995422,5,0,1,0.2,0.0,0.0,0.0,0.0,0.0,0.4,0.0,1.0,0.0,56,19,0.125,0.21052631578947367,4,0,1,2,1,1,0,0,0.0,0.0,2,0,0,1,0,0,0,25950
b63b2a87-38df-4aec-9af1-7a1e6382bcad,5,72504,67250,0,30950,23300,6,5,5,6,1.2887340784072876,1.4057632684707642,0,3,0,0.0,0.3333333333333333,0.0,0.0,0.0,0.3333333333333333,0.0,0.0,0.4,1.0,14,68,0.07142857142857142,0.11764705882352941,3,0,3,3,6,5,0,1,0.0,0.0,4,0,0,0,1,0,0,7650
b63b2a87-38df-4aec-9af1-7a1e6382bcad,6,88036,86449,0,30650,26850,5,16,13,8,3.1442365646362305,1.1105778217315674,1,5,0,0.0,0.4,0.0,0.0,0.0,0.2,0.0,0.2,0.2,0.8,63,82,0.14285714285714285,0.14634146341463414,3,0,3,5,8,5,0,0,0.0,0.0,3,4,0,0,0,0,1,3800
b63b2a87-38df-4aec-9af1-7a1e6382bcad,7,104285,103989,0,19950,27250,0,9,4,5,0.5689382553100586,2.0958828926086426,4,5,1,0.25,0.8,0.25,0.2,0.0,0.0,0.25,0.2,0.6,0.6,37,63,0.35135135135135137,0.23809523809523808,1,0,0,2,4,3,1,0,0.0,0.0,1,2,0,0,0,0,1,-7300
b63b2a87-38df-4aec-9af1-7a1e6382bcad,8,116630,-1,0,4500,26150,0,4,2,2,3.8509318828582764,1.1033037900924683,2,5,0,1.0,0.2,0.0,0.0,0.0,0.0,0.0,0.4,0.4,0.6,11,43,0.36363636363636365,0.3023255813953488,1,0,0,0,4,1,0,0,0.0,0.0,0,2,0,0,0,0,1,-21650
b63b2a87-38df-4aec-9af1-7a1e6382bcad,9,135769,132877,1,25000,27250,3,10,9,4,1.8733490705490112,1.5464298725128174,5,2,1,0.0,0.0,0.2,0.5,0.2,0.0,0.2,0.0,0.6,0.4,36,56,0.4166666666666667,0.08928571428571429,1,0,3,4,9,4,1,0,0.0,0.0,2,4,1,0,0,0,0,-2250
b63b2a87-38df-4aec-9af1-7a1e6382bcad,10,148209,-1,1,30250,26950,4,25,10,19,2.345618486404419,1.8598686456680298,5,0,1,0.4,0.0,0.0,0.0,0.6,0.0,0.4,0.0,1.0,0.0,138,54,0.12318840579710146,0.037037037037037035,4,0,2,3,9,4,0,0,0.0,0.0,4,4,0,1,0,0,0,3300
b63b2a87-38df-4aec-9af1-7a1e6382bcad,11,165784,160530,0,32200,21500,7,7,8,6,1.7106605768203735,1.610713005065918,3,3,0,0.6666666666666666,0.3333333333333333,0.3333333333333333,0.6666666666666666,0.0,0.6666666666666666,0.0,0.0,0.6,0.6,31,46,0.2903225806451613,0.15217391304347827,2,0,3,2,4,5,0,1,0.0,0.0,3,2,0,0,1,0,0,10700
b63b2a87-38df-4aec-9af1-7a1e6382bcad,12,179661,174406,0,32300,25500,2,7,5,4,1.8265126943588257,0.5671737790107727,3,3,0,0.0,1.0,0.3333333333333333,0.3333333333333333,0.0,0.0,0.0,0.0,0.6,0.4,48,33,0.16666666666666666,0.12121212121212122,3,0,1,2,6,4,0,1,0.0,0.0,5,2,0,0,1,0,0,6800
b63b2a87-38df-4aec-9af1-7a1e6382bcad,13,197386,192133,0,28350,24050,4,11,9,6,2.5658369064331055,1.9204521179199219,2,3,0,1.0,0.6666666666666666,0.0,0.0,0.0,0.0,0.0,0.3333333333333333,0.4,0.6,72,85,0.1527777777777778,0.1411764705882353,2,0,5,3,7,4,0,0,0.0,0.0,3,3,0,0,1,0,0,4300
b63b2a87-38df-4aec-9af1-7a1e6382bcad,14,212097,209808,1,26150,26750,1,12,7,6,0.9222355484962463,1.7430919408798218,5,2,1,0.6,0.0,0.0,0.0,0.0,0.0,0.0,0.0,0.6,0.2,53,45,0.22641509433962265,0.17777777777777778,3,0,1,2,8,4,0,0,0.0,0.0,1,2,1,0,0,0,0,-600
b63b2a87-38df-4aec-9af1-7a1e6382bcad,15,228860,-1,1,33700,24000,11,11,17,5,2.541233777999878,1.512206792831421,5,0,1,0.0,0.0,0.0,0.0,0.2,0.0,0.2,0.0,1.0,0.0,78,21,0.1794871794871795,0.14285714285714285,3,0,4,5,6,3,0,0,0.0,0.0,4,2,0,1,0,0,0,9700
b63b2a87-38df-4aec-9af1-7a1e6382bcad,16,269806,264553,0,4250,4450,0,14,4,10,2.5060925483703613,0.33129316568374634,2,3,0,1.0,1.0,0.0,0.0,0.0,0.0,0.0,0.3333333333333333,0.4,0.6,44,60,0.20454545454545456,0.13333333333333333,0,0,0,0,3,2,1,0,0.0,0.0,0,0,0,0,1,0,0,-200
b63b2a87-38df-4aec-9af1-7a1e6382bcad,17,281633,281821,0,11400,20400,0,15,4,11,2.649043083190918,0.8120920062065125,2,5,0,0.5,0.6,0.0,0.4,0.0,0.0,1.0,0.4,0.4,0.6,20,53,0.25,0.24528301886792453,0,1,0,3,6,3,0,0,0.0,0.0,1,0,0,0,0,0,1,-9000
b63b2a87-38df-4aec-9af1-7a1e6382bcad,18,297877,292623,0,3550,15950,4,13,13,4,2.2908499240875244,1.4546741247177124,3,4,0,0.6666666666666666,0.0,0.3333333333333333,0.0,0.0,0.0,0.3333333333333333,0.5,0.4,0.4,31,68,0.22580645161290322,0.29411764705882354,2,0,1,0,5,3,3,0,0.0,0.0,0,2,0,0,1,0,0,-12400
b63b2a87-38df-4aec-9af1-7a1e6382bcad,19,315797,-1,1,26650,27250,18,21,21,18,2.2985141277313232,2.819282054901123,4,1,0,0.25,1.0,0.0,0.0,0.5,1.0,0.25,0.0,0.8,0.2,114,71,0.10526315789473684,0.056338028169014086,3,0,4,4,6,1,0,0,0.0,0.0,3,1,0,0,0,1,0,-600
b63b2a87-38df-4aec-9af1-7a1e6382bcad,20,336433,332733,1,29850,24850,8,10,11,7,1.8956623077392578,1.6450239419937134,5,3,1,0.6,0.0,0.0,0.0,0.0,0.3333333333333333,0.0,0.3333333333333333,0.8,0.2,75,52,0.13333333333333333,0.15384615384615385,3,0,5,5,5,4,0,0,0.0,0.0,5,1,1,0,0,0,0,5000
b63b2a87-38df-4aec-9af1-7a1e6382bcad,21,351207,-1,1,30650,7100,19,11,7,23,1.576149582862854,2.4682953357696533,5,1,1,0.2,0.0,0.0,1.0,0.6,0.0,0.2,1.0,0.8,0.2,90,20,0.14444444444444443,0.3,4,0,5,5,2,3,0,0,0.0,0.0,5,0,0,1,0,0,0,23550
b63b2a87-38df-4aec-9af1-7a1e6382bcad,22,373389,368135,0,31900,24300,6,11,10,7,2.5288665294647217,1.149817705154419,1,4,1,0.0,0.25,0.0,0.0,0.0,0.0,1.0,0.0,0.2,0.8,70,45,0.05714285714285714,0.2,3,0,5,5,6,4,0,0,0.0,0.0,4,1,0,0,1,0,0,7600
b63b2a87-38df-4aec-9af1-7a1e6382bcad,23,389389,-1,1,26900,26700,11,7,15,3,2.1698005199432373,1.2385120391845703,5,2,1,0.2,0.0,0.2,0.0,0.0,0.5,0.0,0.0,0.6,0.2,121,59,0.10743801652892562,0.05084745762711865,3,0,4,4,4,3,1,0,0.0,0.0,3,1,0,1,0,0,0,200
b63b2a87-38df-4aec-9af1-7a1e6382bcad,24,403442,399796,1,30850,20450,4,1,2,3,1.6027237176895142,3.3259437084198,5,2,1,0.2,0.5,0.2,0.5,0.4,0.5,0.2,0.0,0.6,0.2,130,57,0.09230769230769231,0.08771929824561403,3,0,3,4,1,5,2,0,0.0,0.0,4,2,1,0,0,0,0,10400
b63b2a87-38df-4aec-9af1-7a1e6382bcad,25,417112,-1,1,29550,11350,7,3,7,3,2.0694048404693604,0.5683190226554871,5,0,1,0.2,0.0,0.0,0.0,0.0,0.0,0.0,0.0,1.0,0.0,68,5,0.23529411764705882,0.0,2,0,4,2,2,3,0,0,0.0,0.0,4,0,0,1,0,0,0,18200
b63b2a87-38df-4aec-9af1-7a1e6382bcad,26,431433,426658,0,31050,21950,7,1,3,5,0.8924102187156677,1.9948209524154663,4,5,1,0.25,0.4,0.25,0.6,0.0,0.0,0.0,0.0,0.6,0.8,38,47,0.21052631578947367,0.23404255319148937,3,0,4,4,2,3,0,0,0.0,0.0,6,1,0,0,0,0,1,9100
b63b2a87-38df-4aec-9af1-7a1e6382bcad,27,442989,-1,1,28600,18700,9,25,23,11,2.655052900314331,1.2911044359207153,5,3,1,0.6,0.3333333333333333,0.2,0.0,0.2,0.0,0.4,0.0,0.8,0.4,91,45,0.16483516483516483,0.28888888888888886,3,0,4,5,8,2,0,0,0.0,0.0,3,0,0,1,0,0,0,9900
b63b2a87-38df-4aec-9af1-7a1e6382bcad,28,453220,-1,1,28450,13550,6,5,8,3,1.9837862253189087,2.418102264404297,5,1,1,0.2,1.0,0.0,0.0,0.4,0.0,0.2,0.0,0.8,0.2,33,27,0.36363636363636365,0.14814814814814814,1,0,4,2,2,0,0,0,0.0,0.0,3,1,0,1,0,0,0,14900
84581f9a-2db7-4091-8257-dc58ed153d42,1,30211,30394,0,4400,4250,1,2,2,1,2.558392286300659,3.2764999866485596,2,5,0,1.0,0.8,0.5,0.0,0.0,0.0,0.0,0.2,0.4,0.6,34,38,0.35294117647058826,0.23684210526315788,0,0,1,0,1,1,0,0,0.0,0.0,0,1,0,0,0,0,1,150
84581f9a-2db7-4091-8257-dc58ed153d42,2,45122,41748,0,8850,17900,11,11,11,11,2.2848527431488037,1.4375770092010498,4,5,0,0.75,0.4,0.0,0.0,0.0,0.2,0.25,0.2,0.4,0.8,62,204,0.12903225806451613,0.16176470588235295,1,0,2,2,5,4,1,0,0.0,0.21428571428571427,0,4,0,0,0,0,1,-9050
84581f9a-2db7-4091-8257-dc58ed153d42,3,57794,55774,0,1000,23150,0,11,8,3,3.61230206489563,3.391995668411255,0,5,0,0.0,0.6,0.0,0.0,0.0,0.0,0.0,0.4,0.0,1.0,18,101,0.1111111111111111,0.15841584158415842,1,0,0,0,3,1,3,0,0.0,0.0,0,4,0,0,0,0,1,-22150
84581f9a-2db7-4091-8257-dc58ed153d42,4,73102,-1,1,26800,23250,2,5,5,2,1.7698806524276733,0.5608820915222168,5,1,1,0.4,0.0,0.0,1.0,0.0,0.0,0.0,1.0,0.8,0.2,102,60,0.13725490196078433,0.08333333333333333,3,0,4,5,4,2,2,0,0.0,0.0,2,3,0,1,0,0,0,3550
84581f9a-2db7-4091-8257-dc58ed153d42,5,87200,81946,0,29550,23700,6,5,5,6,1.8206332921981812,0.5294252634048462,3,5,0,0.3333333333333333,0.4,0.6666666666666666,0.2,0.0,0.2,0.0,0.4,0.4,0.8,144,142,0.08333333333333333,0.1267605633802817,3,0,3,2,5,4,2,0,0.0,0.0,5,2,0,0,1,0,0,5850
84581f9a-2db7-4091-8257-dc58ed153d42,6,98846,-1,1,12450,24800,0,3,3,0,2.280484199523926,0.0,5,2,1,0.2,0.5,0.2,0.0,0.0,0.0,0.2,0.0,0.6,0.4,30,40,0.36666666666666664,0.225,1,0,0,1,2,0,1,0,0.0,0.3333333333333333,0,3,0,1,0,0,0,-12350
84581f9a-2db7-4091-8257-dc58ed153d42,7,114663,-1,1,29550,12400,9,5,8,6,2.3446784019470215,2.791576623916626,5,3,0,0.4,0.6666666666666666,0.2,0.6666666666666666,0.0,0.3333333333333333,0.6,0.3333333333333333,0.6,0.6,108,49,0.14814814814814814,0.1836734693877551,3,0,4,5,2,2,0,0,0.0,0.0,5,0,0,1,0,0,0,17150
84581f9a-2db7-4091-8257-dc58ed153d42,8,128450,-1,1,28800,1100,1,0,1,0,4.5761590003967285,0.0,5,1,1,0.6,1.0,0.0,0.0,0.0,0.0,0.0,0.0,0.8,0.2,160,5,0.06875,0.8,2,0,2,3,0,0,0,0,0.0,0.0,4,0,0,1,0,0,0,27700
84581f9a-2db7-4091-8257-dc58ed153d42,9,150250,146113,0,29600,18600,2,10,10,2,1.837615728378296,2.4263341426849365,3,5,1,0.6666666666666666,0.6,0.3333333333333333,0.0,0.0,0.0,0.3333333333333333,0.0,0.2,0.6,86,96,0.12790697674418605,0.13541666666666666,2,0,5,4,5,4,0,0,0.0,0.0,5,3,0,0,0,0,1,11000
84581f9a-2db7-4091-8257-dc58ed153d42,10,169130,163877,0,24550,20900,6,6,4,8,1.8029170036315918,2.350834369659424,1,2,0,1.0,0.5,0.0,0.0,0.0,0.0,1.0,0.0,0.6,0.8,72,144,0.041666666666666664,0.0625,2,0,4,5,7,5,1,0,0.0,0.17647058823529413,3,4,0,0,1,0,0,3650
84581f9a-2db7-4091-8257-dc58ed153d42,11,186068,180814,0,15300,25300,0,4,2,2,4.267383575439453,1.465579867362976,3,4,1,0.3333333333333333,0.5,0.3333333333333333,0.0,0.0,0.0,0.3333333333333333,0.5,0.6,0.6,49,89,0.22448979591836735,0.0898876404494382,1,0,1,0,5,3,3,0,0.0,0.25,1,5,0,0,1,0,0,-10000
84581f9a-2db7-4091-8257-dc58ed153d42,12,200318,197594,0,27150,26750,5,6,5,6,2.403224468231201,1.6675872802734375,1,5,1,0.0,0.6,0.0,0.0,0.0,0.0,1.0,0.2,0.2,0.8,53,174,0.07547169811320754,0.10344827586206896,2,0,3,3,5,4,3,0,0.0,0.17647058823529413,2,5,0,0,0,0,1,400
84581f9a-2db7-4091-8257-dc58ed153d42,13,215941,211247,0,4300,25800,0,10,4,6,2.086705446243286,0.8566434979438782,2,5,1,1.0,0.2,0.0,0.0,0.0,0.0,0.0,0.0,0.4,0.8,9,112,0.3333333333333333,0.13392857142857142,0,0,0,1,4,4,2,0,0.0,0.0,0,5,0,0,0,0,1,-21500
84581f9a-2db7-4091-8257-dc58ed153d42,14,229547,-1,1,28850,28050,3,3,3,3,1.5854583978652954,0.7647185921669006,5,3,0,0.4,0.3333333333333333,0.2,0.0,0.0,0.0,0.2,0.0,0.4,0.6,106,69,0.1320754716981132,0.2318840579710145,2,0,2,3,3,4,1,0,0.0,0.0,3,5,0,1,0,0,0,800
84581f9a-2db7-4091-8257-dc58ed153d42,15,250059,243577,0,27950,25450,2,4,4,2,2.5551419258117676,3.1892921924591064,5,4,0,0.6,0.25,0.2,0.5,0.0,0.25,0.2,0.0,0.6,0.4,66,76,0.16666666666666666,0.14473684210526316,2,0,3,3,3,3,2,0,0.0,0.0,4,5,0,0,1,0,0,2500
84581f9a-2db7-4091-8257-dc58ed153d42,16,292491,-1,1,4450,3550,7,3,6,4,2.8617684841156006,3.8067424297332764,5,1,1,1.0,1.0,0.2,1.0,0.2,1.0,0.2,0.0,0.8,0.2,44,42,0.36363636363636365,0.16666666666666666,1,0,1,1,1,1,0,0,0.0,0.0,0,0,0,1,0,0,0,900
84581f9a-2db7-4091-8257-dc58ed153d42,17,314129,308875,0,20600,9800,6,2,2,6,0.5379443168640137,2.0966546535491943,0,1,0,0.0,1.0,0.0,0.0,0.0,0.0,0.0,0.0,0.8,1.0,46,41,0.06521739130434782,0.0975609756097561,2,1,3,3,2,4,0,0,0.0,0.0,3,0,0,0,1,0,0,10800
84581f9a-2db7-4091-8257-dc58ed153d42,18,336675,331420,0,19700,23750,3,3,3,3,0.6564688086509705,2.455662488937378,0,2,0,0.0,1.0,0.0,0.0,0.0,0.0,0.0,0.0,0.6,1.0,15,145,0.06666666666666667,0.020689655172413793,3,0,4,4,4,4,2,0,0.0,0.0,1,3,0,0,1,0,0,-4050
84581f9a-2db7-4091-8257-dc58ed153d42,19,354595,-1,1,12550,25850,0,8,0,8,0.0,1.6332701444625854,4,1,1,0.5,1.0,0.0,1.0,0.0,0.0,0.0,0.0,0.8,0.2,46,67,0.2391304347826087,0.07462686567164178,0,0,1,1,4,2,2,0,0.0,0.0,1,3,0,0,0,1,0,-13300
84581f9a-2db7-4091-8257-dc58ed153d42,20,372515,-1,1,29400,25000,8,9,9,8,1.4541833400726318,1.4880280494689941,5,2,1,0.6,0.5,0.0,0.0,0.0,0.5,0.0,0.5,0.6,0.2,37,26,0.16216216216216217,0.23076923076923078,3,0,5,4,3,1,0,0,0.0,0.0,4,1,0,0,0,1,0,4400
84581f9a-2db7-4091-8257-dc58ed153d42,21,385954,383264,1,30350,2450,15,0,8,7,2.1564371585845947,1.9456201791763306,5,2,1,0.4,0.5,0.0,0.5,0.2,0.5,0.0,0.5,0.6,0.4,120,27,0.1,0.2222222222222222,4,0,4,4,0,0,0,0,0.25,0.0,4,1,1,0,0,0,0,27900
84581f9a-2db7-4091-8257-dc58ed153d42,22,403874,-1,1,31450,23150,10,4,11,3,1.0791722536087036,2.016540765762329,4,0,1,0.0,0.0,0.0,0.0,0.25,0.0,0.25,0.0,1.0,0.2,76,125,0.17105263157894737,0.016,3,0,6,5,2,2,0,0,0.0,0.0,5,2,0,0,0,1,0,8300
84581f9a-2db7-4091-8257-dc58ed153d42,23,419883,-1,1,31350,17800,6,0,6,0,0.7150750756263733,0.0,5,0,1,0.6,0.0,0.0,0.0,0.0,0.0,0.0,0.0,1.0,0.0,163,7,0.0736196319018405,0.42857142857142855,4,0,4,2,0,1,0,0,0.0,0.0,5,0,0,1,0,0,0,13550
20987bbd-21ef-469e-99b9-6654372b543e,1,16882,15794,0,4250,4450,0,2,2,0,3.9464168548583984,0.0,4,5,0,0.75,0.8,0.0,0.2,0.0,0.0,0.25,0.0,0.4,0.6,42,53,0.4523809523809524,0.24528301886792453,0,0,0,0,2,2,0,0,0.0,0.0,0,1,0,0,0,0,1,-200
20987bbd-21ef-469e-99b9-6654372b543e,2,29367,-1,1,11500,19200,3,12,6,9,1.865072250366211,0.8422976136207581,5,2,0,1.0,1.0,0.4,0.0,0.2,0.0,0.0,0.0,0.6,0.4,36,25,0.2222222222222222,0.2,1,0,1,2,4,3,1,0,0.0,0.0,0,3,0,1,0,0,0,-7700
20987bbd-21ef-469e-99b9-6654372b543e,3,41264,-1,1,21800,7850,6,2,3,5,2.963759660720825,2.1646506786346436,5,2,0,0.8,1.0,0.0,0.0,0.0,0.5,0.2,0.0,0.6,0.4,60,23,0.16666666666666666,0.21739130434782608,3,0,2,3,1,0,0,0,0.0,0.0,3,0,0,1,0,0,0,13950
20987bbd-21ef-469e-99b9-6654372b543e,4,56082,-1,1,29550,3200,11,0,6,5,2.0901167392730713,3.178682804107666,5,1,1,0.4,1.0,0.0,0.0,0.4,0.0,0.0,0.0,0.8,0.2,44,17,0.18181818181818182,0.4117647058823529,3,0,4,2,0,0,0,0,0.0,0.0,2,0,0,1,0,0,0,26350
20987bbd-21ef-469e-99b9-6654372b543e,5,71820,-1,1,31700,20900,9,6,11,4,1.1082234382629395,1.5398060083389282,5,0,1,0.4,0.0,0.0,0.0,0.0,0.0,0.2,0.0,1.0,0.0,86,43,0.11627906976744186,0.06976744186046512,5,0,5,5,5,5,0,0,0.0,0.0,5,2,0,1,0,0,0,10800
20987bbd-21ef-469e-99b9-6654372b543e,6,95962,92395,0,31700,5850,11,8,12,7,2.3291141986846924,3.1259024143218994,4,5,1,0.25,0.6,0.25,0.4,0.25,0.0,0.5,0.0,0.8,0.6,113,61,0.10619469026548672,0.21311475409836064,4,0,4,4,3,3,0,0,0.0,0.0,4,0,0,0,0,0,1,25850
20987bbd-21ef-469e-99b9-6654372b543e,7,113882,-1,1,27400,27150,1,10,9,2,1.8785959482192993,0.3290531635284424,2,0,1,0.0,0.0,0.0,0.0,0.0,0.0,0.5,0.0,1.0,0.6,44,28,0.11363636363636363,0.0,3,0,3,5,5,2,0,0,0.0,0.0,3,1,0,0,0,1,0,250
20987bbd-21ef-469e-99b9-6654372b543e,8,129264,125447,1,27600,21500,4,13,11,6,1.507386326789856,1.9692825078964233,5,1,1,0.6,1.0,0.0,0.0,0.2,0.0,0.2,1.0,0.8,0.2,125,45,0.104,0.26666666666666666,5,0,4,3,6,3,1,0,0.0,0.0,5,4,1,0,0,0,0,6100
20987bbd-21ef-469e-99b9-6654372b543e,9,137336,-1,1,30000,23050,0,6,5,1,2.8970024585723877,0.5267269015312195,5,3,0,0.2,0.6666666666666666,0.0,0.3333333333333333,0.0,0.0,0.0,0.3333333333333333,0.6,0.6,57,34,0.22807017543859648,0.20588235294117646,1,0,1,2,5,2,0,0,0.0,0.0,2,1,0,1,0,0,0,6950
20987bbd-21ef-469e-99b9-6654372b543e,10,157872,-1,1,30950,8350,12,2,7,7,1.853513479232788,3.304119110107422,5,1,1,0.4,1.0,0.0,1.0,0.0,0.0,0.8,0.0,0.8,0.2,142,21,0.07042253521126761,0.14285714285714285,4,0,4,4,2,4,0,0,0.0,0.0,5,1,0,1,0,0,0,22600
20987bbd-21ef-469e-99b9-6654372b543e,11,171243,165989,0,31250,26100,7,16,9,14,1.9149123430252075,1.6716890335083008,2,3,0,0.0,1.0,0.0,0.0,0.5,0.0,0.5,0.0,0.4,0.6,30,42,0.2,0.11904761904761904,3,0,3,2,9,5,0,0,0.0,0.0,5,2,0,0,1,0,0,5150
20987bbd-21ef-469e-99b9-6654372b543e,12,188727,183472,0,30100,26100,18,22,13,27,1.69393789768219,1.5511244535446167,0,2,0,0.0,0.0,0.0,0.0,0.0,0.0,0.0,0.0,0.6,1.0,130,60,0.0,0.13333333333333333,4,0,5,4,8,5,0,0,0.0,0.0,5,3,0,0,1,0,0,4000
20987bbd-21ef-469e-99b9-6654372b543e,13,198781,-1,1,31100,26500,10,31,25,16,2.693898916244507,1.471069574356079,5,0,1,0.4,0.0,0.0,0.0,0.2,0.0,0.4,0.0,1.0,0.0,85,38,0.09411764705882353,0.05263157894736842,4,0,4,3,9,3,0,0,0.0,0.0,5,0,0,1,0,0,0,4600
20987bbd-21ef-469e-99b9-6654372b543e,14,220693,218566,0,30950,27050,13,19,16,16,1.4990594387054443,2.6849913597106934,2,5,1,0.5,0.2,0.0,0.2,1.0,0.2,0.0,0.2,0.4,0.6,171,112,0.04093567251461988,0.0625,4,0,6,5,10,5,0,0,0.0,0.0,5,5,0,0,0,0,1,3900
20987bbd-21ef-469e-99b9-6654372b543e,15,240842,-1,1,32650,28650,1,7,5,3,1.3391830921173096,0.47425827383995056,5,4,1,0.2,0.5,0.0,0.25,0.0,0.0,0.0,0.0,0.6,0.6,32,49,0.40625,0.2653061224489796,2,0,1,2,6,2,0,0,0.0,0.0,2,1,0,1,0,0,0,4000
20987bbd-21ef-469e-99b9-6654372b543e,16,280709,278073,0,4400,4150,6,4,1,9,0.26654452085494995,1.99379301071167,2,5,1,1.0,0.4,0.5,0.2,0.0,0.0,0.0,0.6,0.4,0.6,69,106,0.2028985507246377,0.2641509433962264,0,0,2,0,2,1,0,0,0.0,0.0,0,1,0,0,0,0,1,250
20987bbd-21ef-469e-99b9-6654372b543e,17,289597,-1,1,10900,18550,8,25,20,13,1.9296449422836304,2.0115952491760254,5,1,1,0.6,1.0,0.0,0.0,0.2,1.0,0.2,0.0,1.0,0.2,54,43,0.14814814814814814,0.13953488372093023,1,0,2,3,8,2,2,0,0.0,0.0,1,1,0,1,0,0,0,-7650
20987bbd-21ef-469e-99b9-6654372b543e,18,300723,-1,1,19700,8300,14,16,11,19,2.323068141937256,2.6753649711608887,5,1,1,0.6,0.0,0.0,1.0,0.6,1.0,0.2,1.0,0.8,0.2,105,64,0.20952380952380953,0.109375,3,0,5,4,6,2,0,0,0.0,0.0,4,2,0,1,0,0,0,11400
20987bbd-21ef-469e-99b9-6654372b543e,19,309664,-1,1,23050,1000,0,0,0,0,0.0,0.0,5,1,1,0.2,0.0,0.2,1.0,0.0,0.0,0.4,1.0,0.8,0.2,52,21,0.2692307692307692,0.23809523809523808,3,0,1,1,0,0,0,0,0.0,0.0,4,0,0,1,0,0,0,22050
20987bbd-21ef-469e-99b9-6654372b543e,20,328825,323570,0,28500,23250,5,15,4,16,1.3825072050094604,1.8709821701049805,0,2,0,0.0,0.5,0.0,0.0,0.0,0.0,0.0,0.0,0.6,1.0,22,96,0.0,0.020833333333333332,2,0,3,5,7,5,0,0,0.0,0.0,4,0,0,0,1,0,0,5250
20987bbd-21ef-469e-99b9-6654372b543e,21,346149,342541,0,28400,27250,21,24,18,27,1.9423917531967163,1.484684705734253,4,5,0,0.75,0.8,0.25,0.2,0.5,0.2,0.5,0.2,0.6,0.6,67,108,0.11940298507462686,0.09259259259259259,4,0,6,4,9,5,1,0,0.0,0.0,5,5,0,0,0,0,1,1150
20987bbd-21ef-469e-99b9-6654372b543e,22,360449,-1,1,22550,21200,8,9,16,1,2.3320813179016113,0.4112933576107025,5,2,0,0.4,0.0,0.4,0.0,0.0,0.5,0.6,0.0,0.6,0.4,61,57,0.2459016393442623,0.24561403508771928,2,0,5,3,3,2,0,0,0.0,0.0,1,1,0,1,0,0,0,1350
20987bbd-21ef-469e-99b9-6654372b543e,23,376334,372478,0,26200,14850,13,34,12,35,2.322150707244873,1.0379467010498047,2,5,1,0.0,0.8,0.0,0.2,0.0,0.2,0.0,0.0,0.4,0.6,47,89,0.10638297872340426,0.11235955056179775,2,0,5,4,10,5,0,0,0.0,0.0,3,2,0,0,0,0,1,11350
20987bbd-21ef-469e-99b9-6654372b543e,24,395543,-1,1,9100,26100,2,6,4,4,3.0270400047302246,0.5392663478851318,5,2,1,0.8,1.0,0.2,0.5,0.0,0.0,0.0,0.0,0.6,0.4,37,56,0.24324324324324326,0.14285714285714285,2,0,4,5,3,1,1,0,0.0,0.0,2,0,0,1,0,0,0,-17000
20987bbd-21ef-469e-99b9-6654372b543e,25,409927,-1,1,24450,17550,9,12,4,17,0.8224316835403442,1.2604948282241821,5,2,1,0.6,0.5,0.2,0.5,0.2,0.0,0.4,0.0,0.6,0.2,67,45,0.19402985074626866,0.2,3,0,4,5,4,4,0,0,0.0,0.0,4,1,0,1,0,0,0,6900
20987bbd-21ef-469e-99b9-6654372b543e,26,419472,-1,1,27500,1500,14,0,7,7,0.9949312210083008,2.7815804481506348,4,2,0,0.25,1.0,0.25,0.5,0.25,0.0,0.0,1.0,0.8,0.4,66,58,0.19696969696969696,0.1724137931034483,4,0,3,3,0,0,0,0,0.0,0.0,4,0,0,1,0,0,0,26000
20987bbd-21ef-469e-99b9-6654372b543e,27,445247,439992,0,30400,22150,9,9,9,9,2.0511841773986816,1.0991932153701782,1,3,1,0.0,0.3333333333333333,0.0,0.3333333333333333,0.0,0.3333333333333333,0.0,0.6666666666666666,0.4,0.8,34,54,0.17647058823529413,0.16666666666666666,3,0,4,4,6,5,0,0,0.0,0.0,5,3,0,0,1,0,0,8250
20987bbd-21ef-469e-99b9-6654372b543e,28,464864,460748,1,27350,26300,17,21,13,25,2.5595905780792236,2.041980504989624,5,3,0,0.6,0.6666666666666666,0.4,0.3333333333333333,0.2,0.3333333333333333,0.2,0.3333333333333333,0.6,0.6,87,139,0.1724137931034483,0.07194244604316546,2,0,6,5,8,4,2,0,0.0,0.0,4,4,1,0,0,0,0,1050
20987bbd-21ef-469e-99b9-6654372b543e,29,477176,-1,1,27900,25500,8,9,4,13,2.5014278888702393,1.9957947731018066,5,1,1,0.2,0.0,0.0,0.0,0.0,0.0,0.0,0.0,0.8,0.2,39,82,0.2564102564102564,0.07317073170731707,1,0,4,4,6,4,1,0,0.0,0.0,4,1,0,1,0,0,0,2400
20987bbd-21ef-469e-99b9-6654372b543e,30,490342,-1,1,31250,10250,8,6,10,4,1.4600765705108643,0.764690637588501,5,0,1,0.4,0.0,0.0,0.0,0.0,0.0,0.0,0.0,1.0,0.0,102,41,0.13725490196078433,0.0975609756097561,4,0,4,5,4,5,0,0,0.0,0.0,5,3,0,1,0,0,0,21000
20987bbd-21ef-469e-99b9-6654372b543e,31,539340,537860,1,27800,26050,12,18,15,15,1.5720751285552979,1.6545134782791138,5,1,1,0.4,0.0,0.0,1.0,0.4,1.0,0.6,0.0,0.8,0.2,74,98,0.1891891891891892,0.08163265306122448,4,0,6,5,8,5,1,1,0.0,0.0,5,2,1,0,0,0,0,1750
20987bbd-21ef-469e-99b9-6654372b543e,32,550966,-1,1,28850,26750,14,11,13,12,1.7629268169403076,2.463099241256714,5,0,1,0.6,0.0,0.0,0.0,0.2,0.0,0.2,0.0,1.0,0.0,49,25,0.2653061224489796,0.12,2,0,5,5,6,2,0,0,0.0,0.0,4,1,0,1,0,0,0,2100
20987bbd-21ef-469e-99b9-6654372b543e,33,562661,-1,0,30750,23950,21,14,30,5,1.7477163076400757,0.5720468163490295,2,5,0,1.0,0.6,0.5,0.0,0.0,0.0,0.0,0.2,0.2,0.8,50,50,0.08,0.12,3,0,7,4,6,2,1,0,0.0,0.0,4,3,0,0,0,0,1,6800
20987bbd-21ef-469e-99b9-6654372b543e,34,580296,-1,1,29100,27050,12,29,26,15,1.9794385433197021,0.9784466028213501,5,3,1,0.4,0.6666666666666666,0.0,0.3333333333333333,0.0,0.0,0.4,0.0,0.6,0.4,75,79,0.12,0.05063291139240506,3,0,6,5,10,5,0,0,0.0,0.0,4,4,0,1,0,0,0,2050
20987bbd-21ef-469e-99b9-6654372b543e,35,595299,-1,1,30500,24950,20,22,20,22,2.2709994316101074,1.8316490650177002,5,1,1,0.6,0.0,0.2,0.0,0.4,0.0,0.6,1.0,0.8,0.2,130,56,0.06923076923076923,0.05357142857142857,4,0,7,5,10,4,0,0,0.0,0.0,5,5,0,1,0,0,0,5550
20987bbd-21ef-469e-99b9-6654372b543e,36,606532,603966,0,32450,19900,12,25,17,20,1.3107678890228271,1.263550043106079,1,5,1,0.0,0.8,0.0,0.2,0.0,0.4,0.0,0.2,0.2,0.8,101,68,0.039603960396039604,0.19117647058823528,5,0,5,4,9,5,0,0,0.0,0.0,5,2,0,0,0,0,1,12550
20987bbd-21ef-469e-99b9-6654372b543e,37,622524,-1,1,28850,27050,8,14,9,13,2.216580867767334,1.6691800355911255,5,4,1,0.2,0.5,0.2,0.5,0.2,0.5,0.2,0.5,0.6,0.4,50,92,0.26,0.09782608695652174,2,0,2,3,7,3,0,0,0.0,0.0,2,3,0,1,0,0,0,1800
20987bbd-21ef-469e-99b9-6654372b543e,38,641457,640138,1,30750,19600,15,9,15,9,1.7837021350860596,1.9023020267486572,5,3,1,0.0,0.3333333333333333,0.0,0.3333333333333333,0.2,0.3333333333333333,0.4,0.0,1.0,0.4,104,87,0.125,0.06896551724137931,3,0,8,5,9,3,0,0,0.0,0.0,5,5,1,0,0,0,0,11150
20987bbd-21ef-469e-99b9-6654372b543e,39,656926,653011,1,32050,23600,17,13,11,19,3.263718366622925,1.754643440246582,5,4,0,0.4,0.75,0.0,0.5,0.0,0.25,0.4,0.25,0.6,0.4,110,113,0.12727272727272726,0.10619469026548672,4,0,4,2,6,6,0,0,0.0,0.0,5,3,1,0,0,0,0,8450
20987bbd-21ef-469e-99b9-6654372b543e,40,675344,674687,0,28750,25900,11,10,12,9,2.0670583248138428,2.1516499519348145,3,5,1,0.6666666666666666,0.4,0.3333333333333333,0.4,0.0,0.4,0.0,0.0,0.4,0.8,52,87,0.15384615384615385,0.10344827586206896,4,0,5,5,8,4,1,0,0.0,0.0,5,2,0,0,0,0,1,2850
a8899757-baf4-479a-8882-c99a3b911a7a,1,11376,8459,0,4250,4400,0,3,1,2,2.263120412826538,1.7557605504989624,3,5,0,0.6666666666666666,1.0,0.3333333333333333,0.0,0.0,0.0,0.0,0.0,0.6,0.4,50,48,0.18,0.16666666666666666,1,0,0,1,2,2,0,0,0.0,0.0,0,1,0,0,0,0,1,-150
a8899757-baf4-479a-8882-c99a3b911a7a,2,28490,27863,0,10300,20250,0,1,0,1,0.0,0.6548618674278259,2,5,0,0.5,0.4,0.5,0.0,0.0,0.0,0.5,0.2,0.4,0.8,34,108,0.11764705882352941,0.1574074074074074,0,0,1,4,3,5,2,1,0.0,0.0,0,1,0,0,0,0,1,-9950
a8899757-baf4-479a-8882-c99a3b911a7a,3,42564,37310,0,1000,22450,0,1,0,1,0.0,0.9601566791534424,2,4,1,1.0,0.75,0.5,0.0,0.0,0.0,0.5,0.25,0.2,0.6,49,64,0.12244897959183673,0.171875,0,0,0,0,1,2,3,0,0.0,0.0,0,2,0,0,1,0,0,-21450
a8899757-baf4-479a-8882-c99a3b911a7a,4,62034,59716,1,28350,24900,6,7,7,6,2.705967426300049,2.0941860675811768,5,1,1,0.0,1.0,0.0,0.0,0.2,0.0,0.2,0.0,0.8,0.2,101,93,0.13861386138613863,0.03225806451612903,1,0,3,4,8,4,1,0,0.0,0.0,3,5,1,0,0,0,0,3450
a8899757-baf4-479a-8882-c99a3b911a7a,5,75323,74234,0,30250,23700,2,1,1,2,3.541153907775879,3.1771090030670166,2,5,1,0.5,1.0,0.0,0.0,0.0,0.0,0.0,0.0,0.4,0.6,42,86,0.2857142857142857,0.11627906976744186,0,0,2,3,4,4,0,0,0.0,0.0,3,4,0,0,0,0,1,6550
a8899757-baf4-479a-8882-c99a3b911a7a,6,84428,-1,1,24900,24400,0,19,4,15,2.473097085952759,1.0764622688293457,5,1,1,0.6,1.0,0.0,0.0,0.0,0.0,0.0,1.0,0.8,0.2,47,60,0.2127659574468085,0.08333333333333333,1,0,0,3,4,4,1,0,0.0,0.0,2,0,0,1,0,0,0,500
a8899757-baf4-479a-8882-c99a3b911a7a,7,91292,-1,1,29850,14300,0,0,0,0,0.0,0.0,5,1,1,0.4,1.0,0.0,0.0,0.0,0.0,0.2,0.0,0.8,0.2,63,40,0.2222222222222222,0.15,1,0,0,2,1,4,1,0,0.0,0.0,4,1,0,1,0,0,0,15550
a8899757-baf4-479a-8882-c99a3b911a7a,8,103831,101875,1,29300,1000,0,0,0,0,0.0,0.0,5,1,1,0.0,1.0,0.0,0.0,0.0,0.0,0.0,0.0,0.8,0.2,128,30,0.125,0.13333333333333333,1,0,0,3,0,0,0,0,0.0,0.0,2,0,1,0,0,0,0,28300
a8899757-baf4-479a-8882-c99a3b911a7a,9,122474,117627,0,30700,25100,12,12,9,15,2.682339668273926,2.412400245666504,4,5,1,0.25,0.4,0.5,0.4,0.0,0.0,0.25,0.2,0.8,0.6,97,109,0.13402061855670103,0.10091743119266056,2,0,5,5,7,4,1,0,0.0,0.0,5,4,0,0,0,0,1,5600
a8899757-baf4-479a-8882-c99a3b911a7a,10,134492,-1,1,31300,22850,2,8,9,1,2.2282373905181885,0.6742164492607117,5,2,1,0.4,0.5,0.4,0.5,0.0,0.0,0.0,0.0,0.8,0.4,124,70,0.11290322580645161,0.07142857142857142,2,0,1,2,4,2,1,0,0.0,0.0,5,0,0,1,0,0,0,8450
a8899757-baf4-479a-8882-c99a3b911a7a,11,156735,-1,1,31850,1600,4,0,3,1,1.5257858037948608,3.788137197494507,5,0,1,0.6,0.0,0.0,0.0,0.0,0.0,0.0,0.0,1.0,0.0,60,25,0.18333333333333332,0.12,3,0,3,5,0,0,0,0,0.0,0.0,5,0,0,1,0,0,0,30250
a8899757-baf4-479a-8882-c99a3b911a7a,12,170766,-1,1,32350,23800,7,0,1,6,0.7006175518035889,1.7010711431503296,5,2,1,0.4,0.0,0.0,0.5,0.0,0.0,0.0,0.5,0.6,0.4,76,59,0.2236842105263158,0.15254237288135594,4,0,5,4,0,5,2,0,0.0,0.0,4,2,0,1,0,0,0,8550
a8899757-baf4-479a-8882-c99a3b911a7a,13,178419,-1,1,32050,4150,1,0,1,0,0.9548699259757996,0.0,5,0,1,0.2,0.0,0.0,0.0,0.0,0.0,0.0,0.0,1.0,0.0,39,10,0.3333333333333333,0.2,3,0,1,2,0,0,0,0,0.0,0.0,5,0,0,1,0,0,0,27900
a8899757-baf4-479a-8882-c99a3b911a7a,14,194512,-1,1,33150,25100,1,4,1,4,1.0526478290557861,1.150683879852295,5,1,1,0.4,1.0,0.2,0.0,0.0,0.0,0.2,0.0,0.8,0.2,47,86,0.2127659574468085,0.03488372093023256,4,0,2,5,4,3,3,0,0.0,0.0,3,2,0,1,0,0,0,8050
a8899757-baf4-479a-8882-c99a3b911a7a,15,210572,206458,1,33350,22100,0,3,2,1,1.7884314060211182,1.2581998109817505,5,3,1,0.4,0.6666666666666666,0.0,0.6666666666666666,0.0,0.0,0.4,0.0,0.8,0.4,82,51,0.17073170731707318,0.1568627450980392,4,0,0,3,2,4,0,0,0.0,0.0,4,0,1,0,0,0,0,11250
a8899757-baf4-479a-8882-c99a3b911a7a,16,246172,244479,0,4400,4400,6,0,2,4,0.6861714124679565,1.8766543865203857,3,5,1,0.6666666666666666,1.0,0.3333333333333333,0.4,0.0,0.2,0.0,0.0,0.6,0.6,47,101,0.2553191489361702,0.15841584158415842,1,0,2,1,0,0,1,2,0.0,0.0,0,1,0,0,0,0,1,0
a8899757-baf4-479a-8882-c99a3b911a7a,17,262143,258648,0,9350,19250,2,9,6,5,1.3472124338150024,0.4264255166053772,2,5,1,0.0,0.6,0.0,0.2,0.0,0.0,0.5,0.4,0.4,0.6,55,151,0.12727272727272726,0.12582781456953643,1,0,1,4,5,5,1,0,0.0,0.0,0,4,0,0,0,0,1,-9900
a8899757-baf4-479a-8882-c99a3b911a7a,18,270434,269045,0,2100,21650,0,3,0,3,0.0,0.9877896308898926,1,5,0,1.0,0.6,1.0,0.2,0.0,0.0,0.0,0.2,0.2,0.8,17,87,0.17647058823529413,0.13793103448275862,0,0,0,0,2,3,1,0,0.0,0.0,0,2,0,0,0,0,1,-19550
a8899757-baf4-479a-8882-c99a3b911a7a,19,286780,-1,1,27150,25650,3,9,5,7,1.6680231094360352,1.5948432683944702,5,4,0,0.2,0.25,0.2,0.25,0.0,0.0,0.0,0.0,0.6,0.8,80,127,0.1625,0.14173228346456693,2,0,1,4,8,5,1,0,0.0,0.0,3,3,0,1,0,0,0,1500
a8899757-baf4-479a-8882-c99a3b911a7a,20,303500,300118,0,21800,22950,3,9,6,6,1.0061239004135132,0.9965193867683411,2,5,1,0.0,0.4,0.0,0.2,0.5,0.2,0.0,0.4,0.2,0.6,62,130,0.16129032258064516,0.14615384615384616,3,0,3,4,4,3,2,0,0.0,0.0,3,4,0,0,0,0,1,-1150
a8899757-baf4-479a-8882-c99a3b911a7a,21,322229,319465,0,13250,25300,3,7,2,8,3.5379104614257812,1.484042763710022,4,5,1,0.75,0.2,0.0,0.6,0.0,0.0,0.25,0.2,0.6,0.8,38,130,0.18421052631578946,0.13846153846153847,1,1,3,5,5,5,2,0,0.0,0.0,2,5,0,0,0,0,1,-12050
a8899757-baf4-479a-8882-c99a3b911a7a,22,329321,328954,0,15950,24800,4,7,6,5,2.111159086227417,1.154907464981079,1,5,1,1.0,0.6,0.0,0.2,0.0,0.0,0.0,0.4,0.2,0.8,24,118,0.4166666666666667,0.09322033898305085,0,0,2,2,3,2,2,0,0.0,0.0,2,2,0,0,0,0,1,-8850
a0ef3cc6-f5e5-4230-91a2-829d6abfc394,1,19216,13969,0,4250,4350,0,1,1,0,0.925847589969635,0.0,1,4,0,1.0,1.0,0.0,0.0,0.0,0.0,0.0,0.0,0.2,0.8,14,47,0.2857142857142857,0.14893617021276595,0,0,0,0,2,0,0,0,0.0,0.0,0,1,0,0,1,0,0,-100
a0ef3cc6-f5e5-4230-91a2-829d6abfc394,2,35991,30743,0,9800,21100,0,8,5,3,2.8702518939971924,1.6321892738342285,0,2,0,0.0,0.5,0.0,0.0,0.0,0.0,0.0,0.0,0.6,1.0,20,80,0.15,0.1,1,0,0,3,4,5,4,0,0.0,0.0,0,2,0,0,1,0,0,-11300
a0ef3cc6-f5e5-4230-91a2-829d6abfc394,3,45253,-1,1,5500,22100,0,8,3,5,4.592075347900391,0.2505720853805542,5,4,0,0.2,0.25,0.6,0.5,0.0,0.25,0.4,0.25,0.6,0.6,29,99,0.3448275862068966,0.13131313131313133,1,0,0,0,3,5,3,0,0.0,0.0,0,4,0,1,0,0,0,-16600
a0ef3cc6-f5e5-4230-91a2-829d6abfc394,4,63173,-1,1,30650,22500,0,5,4,1,1.599297046661377,0.6537835001945496,4,2,1,0.5,0.5,0.0,0.5,0.0,0.0,0.25,0.0,0.6,0.2,89,85,0.06741573033707865,0.12941176470588237,5,0,0,5,3,5,2,0,0.16666666666666666,0.0,2,2,0,0,0,1,0,8150
a0ef3cc6-f5e5-4230-91a2-829d6abfc394,5,77528,-1,1,32150,5200,0,0,0,0,0.0,0.0,5,1,0,0.4,1.0,0.2,0.0,0.0,0.0,0.2,0.0,0.8,0.2,38,25,0.23684210526315788,0.04,2,0,0,4,0,1,0,0,0.0,0.0,4,1,0,1,0,0,0,26950
a0ef3cc6-f5e5-4230-91a2-829d6abfc394,6,88597,-1,1,31550,20150,3,1,0,4,0.0,2.129493474960327,5,2,1,0.4,0.5,0.2,0.0,0.0,0.0,0.0,0.5,0.8,0.2,104,63,0.09615384615384616,0.09523809523809523,3,0,3,5,1,4,2,0,0.2,0.0,4,1,0,1,0,0,0,11400
a0ef3cc6-f5e5-4230-91a2-829d6abfc394,7,98892,-1,1,31950,6450,2,5,6,1,2.5709784030914307,0.86339271068573,5,1,1,0.4,1.0,0.0,0.0,0.0,0.0,0.0,0.0,0.8,0.2,87,27,0.09195402298850575,0.037037037037037035,4,0,1,4,3,2,1,0,0.2727272727272727,0.0,2,0,0,1,0,0,0,25500
a0ef3cc6-f5e5-4230-91a2-829d6abfc394,8,118989,113740,0,32150,26300,3,1,2,2,2.2548060417175293,4.032927513122559,3,4,0,0.0,0.75,0.0,0.0,0.0,0.0,0.0,0.25,0.4,0.8,120,81,0.1,0.09876543209876543,3,0,5,5,3,4,1,0,0.2222222222222222,0.0,5,3,0,0,1,0,0,5850
a0ef3cc6-f5e5-4230-91a2-829d6abfc394,9,136909,-1,1,30450,25200,0,9,9,0,2.2277302742004395,0.0,4,1,1,0.25,1.0,0.0,0.0,0.0,0.0,0.0,0.0,0.8,0.2,112,56,0.10714285714285714,0.03571428571428571,3,0,1,5,3,4,1,0,0.25,0.0,3,2,0,0,0,1,0,5250
a0ef3cc6-f5e5-4230-91a2-829d6abfc394,10,154964,149877,1,31150,22500,5,5,5,5,0.6437236070632935,2.3507821559906006,5,4,0,0.8,0.75,0.2,0.5,0.0,0.25,0.0,0.0,0.6,0.8,117,74,0.09401709401709402,0.10810810810810811,4,0,3,5,4,5,2,0,0.2,0.0,3,4,1,0,0,0,0,8650
a0ef3cc6-f5e5-4230-91a2-829d6abfc394,11,169433,-1,1,32150,23300,6,9,9,6,2.4118430614471436,3.9622886180877686,5,3,0,0.4,1.0,0.2,0.3333333333333333,0.0,0.0,0.0,0.3333333333333333,0.8,0.6,46,55,0.2391304347826087,0.10909090909090909,2,0,2,3,5,5,1,0,0.2,0.0,3,4,0,1,0,0,0,8850
a0ef3cc6-f5e5-4230-91a2-829d6abfc394,12,190998,-1,1,33200,17300,0,0,0,0,0.0,0.0,5,2,1,0.6,1.0,0.0,0.0,0.0,0.0,0.2,0.0,0.6,0.2,45,45,0.28888888888888886,0.06666666666666667,3,0,0,3,0,1,1,0,0.0,0.0,3,1,0,1,0,0,0,15900
a0ef3cc6-f5e5-4230-91a2-829d6abfc394,13,209158,204765,1,33200,9300,2,6,4,4,2.5651774406433105,1.4671237468719482,5,3,1,0.4,0.6666666666666666,0.2,0.6666666666666666,0.0,0.0,0.4,0.0,0.8,0.4,148,48,0.07432432432432433,0.1875,5,0,2,4,3,5,3,0,0.375,0.0,5,1,1,0,0,0,0,23900
a0ef3cc6-f5e5-4230-91a2-829d6abfc394,14,224230,219792,0,33800,27450,1,21,9,13,2.2951924800872803,1.7693145275115967,1,5,1,0.0,0.8,0.0,0.0,0.0,0.0,0.0,0.2,0.2,0.8,38,78,0.15789473684210525,0.07692307692307693,2,0,1,4,8,5,3,0,0.0,0.0,5,4,0,0,0,0,1,6350
a0ef3cc6-f5e5-4230-91a2-829d6abfc394,15,230820,-1,0,16650,29250,0,0,0,0,0.0,0.0,1,5,0,1.0,0.6,0.0,0.0,0.0,0.0,1.0,0.0,0.2,0.8,21,41,0.14285714285714285,0.21951219512195122,1,0,1,2,0,2,2,0,0.0,0.0,1,2,0,0,0,0,1,-12600
a0ef3cc6-f5e5-4230-91a2-829d6abfc394,16,269054,265376,0,4300,4200,9,1,3,7,2.8543262481689453,2.759381055831909,4,5,1,1.0,0.8,0.25,0.2,0.0,0.2,0.25,0.0,0.6,0.6,39,62,0.3076923076923077,0.14516129032258066,1,0,2,0,1,1,0,0,0.0,0.0,0,0,0,0,0,0,1,100
a0ef3cc6-f5e5-4230-91a2-829d6abfc394,17,285071,279823,0,10500,19000,0,1,1,0,0.7507645487785339,0.0,0,4,0,0.0,0.75,0.0,0.0,0.0,0.0,0.0,0.0,0.2,1.0,18,114,0.05555555555555555,0.13157894736842105,2,0,0,3,3,4,1,0,0.0,0.0,0,1,0,0,1,0,0,-8500
a0ef3cc6-f5e5-4230-91a2-829d6abfc394,18,301640,297758,0,3850,21000,0,0,0,0,0.0,0.0,2,5,1,0.5,0.4,0.0,0.0,0.0,0.0,0.0,0.6,0.4,0.6,69,150,0.17391304347826086,0.11333333333333333,1,0,0,1,1,4,2,0,0.0,0.0,0,5,0,0,0,0,1,-17150
a0ef3cc6-f5e5-4230-91a2-829d6abfc394,19,313032,-1,1,26550,23650,0,4,4,0,2.0072033405303955,0.0,5,1,1,0.2,1.0,0.0,1.0,0.0,0.0,0.2,0.0,0.8,0.2,113,63,0.10619469026548672,0.047619047619047616,3,0,0,5,3,0,1,0,0.0,0.0,2,3,0,1,0,0,0,2900
a0ef3cc6-f5e5-4230-91a2-829d6abfc394,20,328882,328164,0,30100,21400,2,5,5,2,2.112102746963501,1.2780468463897705,3,5,1,0.6666666666666666,0.4,0.0,0.6,0.0,0.0,0.0,0.0,0.6,0.6,107,102,0.08411214953271028,0.14705882352941177,3,0,3,4,5,5,2,0,0.0,0.0,4,3,0,0,0,0,1,8700
a0ef3cc6-f5e5-4230-91a2-829d6abfc394,21,344812,339565,0,20050,24800,0,4,2,2,2.9814798831939697,0.8243000507354736,1,5,0,1.0,1.0,0.0,0.0,0.0,0.4,0.0,0.2,0.2,0.8,40,74,0.1,0.0945945945945946,1,0,0,2,4,3,3,0,0.0,0.5384615384615384,1,3,0,0,1,0,0,-4750
a0ef3cc6-f5e5-4230-91a2-829d6abfc394,22,359322,-1,0,15450,25200,4,7,6,5,1.8532500267028809,1.4408642053604126,1,5,0,1.0,0.8,0.0,0.0,0.0,0.0,0.0,0.0,0.2,0.8,28,79,0.21428571428571427,0.1518987341772152,4,0,1,3,6,4,1,0,0.0,0.0,3,4,0,0,0,0,1,-9750
ff6464b5-9368-49bf-8f5d-99127163bff9,1,13313,-1,1,3750,4150,5,3,4,4,2.119096040725708,2.1891984939575195,5,2,1,1.0,1.0,0.2,0.5,0.2,0.0,0.2,0.0,0.8,0.4,44,47,0.2727272727272727,0.14893617021276595,0,0,2,1,1,1,0,0,0.0,0.0,0,0,0,1,0,0,0,-400
ff6464b5-9368-49bf-8f5d-99127163bff9,2,31685,28909,1,19900,9800,3,14,6,11,3.3301827907562256,2.1805238723754883,5,2,1,0.4,0.5,0.2,0.0,0.2,0.5,0.0,0.5,0.6,0.4,140,79,0.09285714285714286,0.11392405063291139,3,0,1,5,5,3,2,0,0.0,0.0,3,1,1,0,0,0,0,10100
ff6464b5-9368-49bf-8f5d-99127163bff9,3,46313,-1,1,26600,4400,3,4,1,6,4.360347270965576,2.511561393737793,5,2,0,0.4,0.5,0.2,0.0,0.0,0.5,0.6,0.0,0.6,0.4,97,36,0.12371134020618557,0.3055555555555556,2,0,2,2,1,1,4,0,0.0,0.0,3,0,0,1,0,0,0,22200
ff6464b5-9368-49bf-8f5d-99127163bff9,4,66677,63498,0,31300,25200,6,11,9,8,1.8745430707931519,1.4358912706375122,4,5,1,0.25,0.4,0.25,0.2,0.0,0.0,0.25,0.4,0.8,0.6,86,151,0.1511627906976744,0.12582781456953643,4,0,5,5,8,5,2,0,0.0,0.0,4,5,0,0,0,0,1,6100
ff6464b5-9368-49bf-8f5d-99127163bff9,5,89466,84218,0,14650,22050,0,3,1,2,0.6620712280273438,0.8615884184837341,1,3,1,1.0,0.6666666666666666,0.0,0.0,0.0,0.0,0.0,0.0,0.4,0.8,16,90,0.1875,0.12222222222222222,3,0,0,3,4,1,2,0,0.0,0.0,2,4,0,0,1,0,0,-7400
ff6464b5-9368-49bf-8f5d-99127163bff9,6,104428,99650,0,11550,23300,0,7,3,4,1.7400637865066528,1.773216962814331,2,5,1,0.0,0.4,0.0,0.2,0.0,0.0,0.0,0.0,0.4,0.8,38,116,0.3157894736842105,0.19827586206896552,0,0,0,2,7,4,3,0,0.0,0.0,0,5,0,0,0,0,1,-11750
ff6464b5-9368-49bf-8f5d-99127163bff9,7,118687,113437,0,23300,27850,3,3,1,5,1.0504862070083618,2.9026920795440674,2,3,0,0.5,0.3333333333333333,0.5,0.0,0.0,0.3333333333333333,0.0,0.0,0.4,0.6,49,88,0.12244897959183673,0.09090909090909091,4,0,1,1,6,4,2,0,0.0,0.0,1,4,0,0,1,0,0,-4550
ff6464b5-9368-49bf-8f5d-99127163bff9,8,139348,135793,0,13400,26300,1,7,2,6,1.2954093217849731,0.9758365750312805,3,5,1,0.3333333333333333,0.2,0.0,0.0,0.0,0.0,0.0,0.2,0.6,0.6,48,76,0.1875,0.19736842105263158,2,0,1,2,4,3,2,0,0.0,0.0,1,4,0,0,0,0,1,-12900
ff6464b5-9368-49bf-8f5d-99127163bff9,9,154517,-1,1,29400,28450,1,5,3,3,1.1853407621383667,1.1941384077072144,5,1,0,0.6,0.0,0.0,0.0,0.0,0.0,0.0,0.0,0.8,0.2,48,48,0.2708333333333333,0.08333333333333333,1,0,1,1,4,3,1,0,0.0,0.0,3,4,0,1,0,0,0,950
ff6464b5-9368-49bf-8f5d-99127163bff9,10,167714,165528,1,32350,26850,4,18,10,12,2.9992775917053223,1.1169317960739136,5,4,0,0.4,0.75,0.0,0.25,0.0,0.25,0.0,0.0,0.6,0.6,72,90,0.1527777777777778,0.08888888888888889,3,0,1,2,8,4,0,0,0.0,0.0,2,4,1,0,0,0,0,5500
ff6464b5-9368-49bf-8f5d-99127163bff9,11,181450,177121,1,28750,23000,7,13,6,14,2.2883832454681396,1.449017882347107,5,4,1,0.2,0.75,0.2,0.25,0.0,0.25,0.0,0.0,0.8,0.6,87,73,0.13793103448275862,0.1780821917808219,3,0,4,1,5,4,1,0,0.0,0.0,2,3,1,0,0,0,0,5750
ff6464b5-9368-49bf-8f5d-99127163bff9,12,198854,-1,1,25600,7900,5,10,2,13,2.2493531703948975,2.1046414375305176,5,3,0,0.4,0.3333333333333333,0.2,0.0,0.0,0.0,0.0,0.3333333333333333,0.8,0.4,104,64,0.15384615384615385,0.21875,2,0,2,2,5,3,2,0,0.0,0.0,2,1,0,1,0,0,0,17700
ff6464b5-9368-49bf-8f5d-99127163bff9,13,216774,-1,1,28300,25850,4,8,7,5,2.133934497833252,1.6429857015609741,4,0,1,0.5,0.0,0.0,0.0,0.25,0.0,0.0,0.0,1.0,0.2,67,55,0.07462686567164178,0.0,3,0,4,5,5,3,0,0,0.0,0.0,4,3,0,0,0,1,0,2450
ff6464b5-9368-49bf-8f5d-99127163bff9,14,227579,226562,1,30550,10850,11,9,4,16,1.9846781492233276,2.2767128944396973,5,3,0,0.6,0.0,0.2,0.6666666666666666,0.6,0.0,0.0,0.6666666666666666,0.8,0.6,54,43,0.16666666666666666,0.11627906976744186,3,0,4,2,3,4,4,0,0.0,0.0,4,1,1,0,0,0,0,19700
ff6464b5-9368-49bf-8f5d-99127163bff9,15,243556,-1,1,32950,28150,6,1,1,6,0.7595228552818298,2.5037288665771484,5,1,1,0.4,0.0,0.0,1.0,0.0,0.0,0.4,0.0,0.8,0.2,97,79,0.12371134020618557,0.05063291139240506,4,0,4,4,4,4,3,0,0.0,0.0,5,5,0,1,0,0,0,4800
ff6464b5-9368-49bf-8f5d-99127163bff9,16,275923,273040,0,4450,4050,3,10,3,10,0.5906208157539368,2.982658624649048,2,5,0,1.0,0.8,0.5,0.0,1.0,0.0,0.0,0.2,0.4,0.8,40,50,0.125,0.26,1,0,1,1,2,2,2,0,0.0,0.0,0,0,0,0,0,0,1,400
ff6464b5-9368-49bf-8f5d-99127163bff9,17,292188,286940,0,1000,18250,0,7,0,7,0.0,0.7402148842811584,1,4,0,0.0,0.5,0.0,0.0,0.0,0.0,0.0,0.25,0.2,0.8,36,142,0.1388888888888889,0.07746478873239436,0,0,0,0,3,3,3,0,0.0,0.0,0,4,0,0,1,0,0,-17250
ff6464b5-9368-49bf-8f5d-99127163bff9,18,304947,300284,1,22950,21350,6,11,6,11,2.1277902126312256,2.3952505588531494,5,4,1,0.6,0.5,0.2,0.5,0.2,0.0,0.2,0.5,0.8,0.4,65,84,0.16923076923076924,0.14285714285714285,2,0,2,3,6,3,1,0,0.0,0.0,2,4,1,0,0,0,0,1600
ff6464b5-9368-49bf-8f5d-99127163bff9,19,325301,320053,0,24700,23300,3,12,4,11,2.8441178798675537,0.8033457398414612,2,3,1,0.0,0.6666666666666666,0.0,0.0,0.0,0.3333333333333333,0.0,0.0,0.4,0.6,105,131,0.10476190476190476,0.0916030534351145,3,0,1,3,5,5,1,0,0.0,0.0,3,3,0,0,1,0,0,1400
ff6464b5-9368-49bf-8f5d-99127163bff9,20,341340,336091,0,10250,24900,0,16,1,15,3.715147018432617,0.6585546731948853,0,1,0,0.0,1.0,0.0,0.0,0.0,1.0,0.0,0.0,0.8,1.0,20,205,0.0,0.00975609756097561,0,0,1,1,8,4,1,0,0.0,0.0,1,5,0,0,1,0,0,-14650
ff6464b5-9368-49bf-8f5d-99127163bff9,21,358140,-1,1,24650,25300,7,8,12,3,2.3022994995117188,0.3240230679512024,5,0,1,0.4,0.0,0.0,0.0,0.0,0.0,0.2,0.0,1.0,0.0,140,112,0.14285714285714285,0.026785714285714284,3,0,4,5,6,4,2,0,0.0,0.0,4,5,0,1,0,0,0,-650
ff6464b5-9368-49bf-8f5d-99127163bff9,22,374953,373528,1,26950,25250,6,5,4,7,2.123797655105591,1.621163249015808,5,1,0,0.4,1.0,0.2,0.0,0.0,0.0,0.4,0.0,0.8,0.2,107,108,0.14953271028037382,0.05555555555555555,4,0,4,5,4,2,2,0,0.0,0.0,5,2,1,0,0,0,0,1700
ff6464b5-9368-49bf-8f5d-99127163bff9,23,392626,389652,0,30350,4450,6,4,5,5,1.3195186853408813,2.9353950023651123,3,5,1,0.6666666666666666,0.8,0.0,0.2,0.6666666666666666,0.0,0.0,0.2,0.4,0.6,97,64,0.08247422680412371,0.140625,4,0,3,4,1,2,0,0,0.0,0.0,4,1,0,0,0,0,1,25900
ff6464b5-9368-49bf-8f5d-99127163bff9,24,406573,-1,0,29650,27950,4,8,6,6,1.7690688371658325,1.2712091207504272,4,5,1,0.25,0.6,0.0,0.2,0.0,0.0,0.0,0.0,0.8,0.4,68,42,0.14705882352941177,0.19047619047619047,1,0,3,2,4,2,2,0,0.0,0.0,5,2,0,0,0,0,1,1700
7f3483ba-c1d3-4711-a1bd-aad888acb4d9,1,14060,13337,0,4400,4250,4,3,4,3,1.9914275407791138,1.6936877965927124,3,5,0,1.0,1.0,0.0,0.2,0.0,0.2,0.0,0.2,0.4,0.6,39,81,0.1794871794871795,0.20987654320987653,0,0,2,0,3,2,0,0,0.0,0.0,0,0,0,0,0,0,1,150
7f3483ba-c1d3-4711-a1bd-aad888acb4d9,2,30534,-1,1,10450,19700,9,5,7,7,3.220485210418701,2.4268035888671875,5,3,0,0.4,0.6666666666666666,0.0,0.0,0.0,0.3333333333333333,0.2,0.3333333333333333,0.4,0.4,52,124,0.21153846153846154,0.12903225806451613,1,0,2,4,3,3,1,0,0.0,0.0,1,2,0,1,0,0,0,-9250
7f3483ba-c1d3-4711-a1bd-aad888acb4d9,3,51147,48393,1,21550,8100,2,0,1,1,0.9045932292938232,3.7456960678100586,5,2,1,0.0,0.5,0.0,0.0,0.0,0.0,0.2,0.5,0.8,0.4,112,46,0.17857142857142858,0.2391304347826087,3,0,3,2,0,4,0,0,0.23076923076923078,0.0,5,0,1,0,0,0,0,13450
7f3483ba-c1d3-4711-a1bd-aad888acb4d9,4,58420,-1,1,29200,2100,3,6,7,2,3.468759298324585,3.8604629039764404,5,1,1,0.0,1.0,0.2,0.0,0.2,0.0,0.4,1.0,0.8,0.2,97,28,0.18556701030927836,0.10714285714285714,4,0,2,3,3,1,0,0,0.0,0.0,3,0,0,1,0,0,0,27100
7f3483ba-c1d3-4711-a1bd-aad888acb4d9,5,75527,76076,0,30800,24750,9,7,7,9,2.122443914413452,2.506232500076294,2,5,0,0.5,0.8,0.0,0.2,0.5,0.0,0.5,0.4,0.2,0.8,146,149,0.08904109589041095,0.06040268456375839,3,0,4,4,6,5,3,0,0.2857142857142857,0.0,3,5,0,0,0,0,1,6050
7f3483ba-c1d3-4711-a1bd-aad888acb4d9,6,101860,96605,0,20550,25200,0,11,5,6,1.8492457866668701,1.3757339715957642,0,1,0,0.0,0.0,0.0,0.0,0.0,0.0,0.0,0.0,0.8,1.0,76,106,0.0,0.03773584905660377,1,0,0,4,8,5,2,0,0.0,0.0,1,5,0,0,1,0,0,-4650
7f3483ba-c1d3-4711-a1bd-aad888acb4d9,7,120541,116444,1,16050,25100,3,12,6,9,2.0791585445404053,2.410226583480835,5,2,1,0.4,0.5,0.0,0.0,0.0,0.0,0.2,0.0,0.8,0.4,33,48,0.2727272727272727,0.125,0,0,1,1,7,3,1,0,0.0,0.0,2,2,1,0,0,0,0,-9050
7f3483ba-c1d3-4711-a1bd-aad888acb4d9,8,140499,135243,0,28700,26900,6,4,2,8,0.6054253578186035,2.3468849658966064,1,3,0,0.0,0.6666666666666666,1.0,0.0,0.0,0.0,0.0,0.3333333333333333,0.4,0.8,20,86,0.25,0.09302325581395349,2,0,2,2,3,4,1,0,0.0,0.0,1,5,0,0,1,0,0,1800
7f3483ba-c1d3-4711-a1bd-aad888acb4d9,9,157828,154889,0,27100,26900,0,4,4,0,2.0519723892211914,0.0,1,5,0,1.0,0.4,1.0,0.0,0.0,0.2,0.0,0.2,0.2,0.8,40,102,0.1,0.14705882352941177,3,0,1,4,6,4,2,0,0.2,0.0,2,4,0,0,0,0,1,200
7f3483ba-c1d3-4711-a1bd-aad888acb4d9,10,177405,172150,0,2000,27250,0,4,4,0,2.6843667030334473,0.0,2,3,1,0.5,0.6666666666666666,0.0,0.0,0.0,0.0,0.5,0.0,0.4,0.6,34,62,0.17647058823529413,0.16129032258064516,0,0,0,0,2,2,2,0,0.0,0.0,0,3,0,0,1,0,0,-25250
7f3483ba-c1d3-4711-a1bd-aad888acb4d9,11,194921,-1,0,26500,27650,8,5,4,9,1.7901997566223145,2.8150510787963867,3,5,0,0.3333333333333333,0.6,0.0,0.4,0.0,0.0,0.0,0.2,0.4,0.8,109,108,0.07339449541284404,0.12962962962962962,3,0,5,5,6,5,1,0,0.375,0.0,3,3,0,0,0,0,1,-1150
7f3483ba-c1d3-4711-a1bd-aad888acb4d9,12,215059,211979,1,6350,27750,7,7,10,4,2.2255778312683105,1.7028553485870361,5,3,0,0.4,0.6666666666666666,0.2,0.0,0.2,0.0,0.6,0.3333333333333333,0.6,0.6,22,134,0.4090909090909091,0.07462686567164178,1,0,3,2,6,2,2,0,0.6666666666666666,0.0,0,5,1,0,0,0,0,-21400
7f3483ba-c1d3-4711-a1bd-aad888acb4d9,13,232470,231990,0,29350,27250,5,12,8,9,1.5117393732070923,0.8963778018951416,2,5,0,0.5,0.2,0.0,0.2,0.0,0.2,0.0,0.2,0.4,0.6,53,164,0.05660377358490566,0.0975609756097561,4,0,4,4,8,5,2,0,0.0,0.0,3,5,0,0,0,0,1,2100
7f3483ba-c1d3-4711-a1bd-aad888acb4d9,14,243857,242332,0,20950,28150,6,9,8,7,2.277147054672241,3.243804454803467,1,5,1,0.0,0.4,0.0,0.0,0.0,0.4,0.0,0.0,0.2,0.8,55,86,0.16363636363636364,0.22093023255813954,4,0,3,3,5,5,1,0,0.0,0.0,2,4,0,0,0,0,1,-7200
7f3483ba-c1d3-4711-a1bd-aad888acb4d9,15,250516,250374,0,16900,26450,0,11,7,4,3.0017333030700684,1.2949836254119873,1,5,0,0.0,0.2,0.0,0.2,0.0,0.6,0.0,0.4,0.2,0.8,17,122,0.29411764705882354,0.18032786885245902,0,0,1,2,3,1,0,0,0.0,0.0,0,2,0,0,0,0,1,-9550
7f3483ba-c1d3-4711-a1bd-aad888acb4d9,16,292739,-1,1,4300,4250,4,0,1,3,0.6967768669128418,2.049834966659546,5,2,0,0.8,1.0,0.0,0.5,0.0,0.0,0.2,0.0,0.8,0.4,42,49,0.30952380952380953,0.22448979591836735,0,0,2,1,1,1,1,0,0.0,0.0,0,1,0,1,0,0,0,50
7f3483ba-c1d3-4711-a1bd-aad888acb4d9,17,312780,307525,0,20350,10400,2,0,1,1,0.8603665828704834,0.4555414915084839,2,4,0,1.0,0.75,0.5,0.0,0.0,0.0,0.5,0.5,0.4,0.6,134,33,0.06716417910447761,0.24242424242424243,1,0,3,4,1,4,1,0,0.0,0.0,1,0,0,0,1,0,0,9950
7f3483ba-c1d3-4711-a1bd-aad888acb4d9,18,327250,327843,0,9350,25800,1,11,7,5,2.265350341796875,1.1562330722808838,2,5,0,0.5,0.6,0.5,0.2,1.0,0.2,0.5,0.2,0.2,0.6,26,65,0.15384615384615385,0.16923076923076924,0,0,1,3,7,4,0,0,0.0,0.0,1,4,0,0,0,0,1,-16450
7f3483ba-c1d3-4711-a1bd-aad888acb4d9,19,335738,334157,0,1000,24950,0,3,0,3,0.0,2.8074753284454346,0,5,0,0.0,1.0,0.0,0.0,0.0,0.0,0.0,0.2,0.0,1.0,12,45,0.08333333333333333,0.2222222222222222,0,0,0,0,2,1,0,0,0.0,0.0,0,5,0,0,0,0,1,-23950
7f3483ba-c1d3-4711-a1bd-aad888acb4d9,20,351181,-1,0,23400,29050,7,8,12,3,1.7806906700134277,0.6288791298866272,0,5,0,0.0,0.8,0.0,0.0,0.0,0.2,0.0,0.0,0.0,1.0,118,86,0.05084745762711865,0.10465116279069768,2,0,4,5,7,4,1,0,0.0,0.29411764705882354,0,5,0,0,0,0,1,-5650
7f3483ba-c1d3-4711-a1bd-aad888acb4d9,21,369250,-1,0,3750,29150,0,10,6,4,2.5211288928985596,1.251960039138794,1,5,0,0.0,0.8,1.0,0.2,0.0,0.4,0.0,0.2,0.2,0.8,24,126,0.20833333333333334,0.10317460317460317,1,0,0,2,5,1,1,0,0.0,0.0,0,2,0,0,0,0,1,-25400
7f3483ba-c1d3-4711-a1bd-aad888acb4d9,22,387049,385178,0,28050,29750,9,14,5,18,2.119431257247925,1.68329656124115,3,5,0,0.0,0.6,0.3333333333333333,0.0,0.0,0.0,0.0,0.0,0.4,0.8,54,68,0.18518518518518517,0.11764705882352941,2,0,2,3,6,5,2,0,0.0,0.2222222222222222,4,5,0,0,0,0,1,-1700
7f3483ba-c1d3-4711-a1bd-aad888acb4d9,23,405919,400664,0,8900,28250,3,13,12,4,2.420032262802124,2.4097490310668945,2,3,0,0.0,0.6666666666666666,0.0,0.0,0.0,0.3333333333333333,0.0,0.6666666666666666,0.4,0.6,54,81,0.16666666666666666,0.1728395061728395,2,0,3,2,6,3,1,0,0.0,0.0,0,4,0,0,1,0,0,-19350
7f3483ba-c1d3-4711-a1bd-aad888acb4d9,24,417470,-1,1,29400,28150,7,1,4,4,0.5117849707603455,3.5087385177612305,5,2,1,0.2,0.0,0.0,0.5,0.2,0.0,0.2,0.0,0.8,0.4,190,53,0.08421052631578947,0.18867924528301888,3,0,4,3,4,3,1,0,0.0,0.0,4,3,0,1,0,0,0,1250
7f3483ba-c1d3-4711-a1bd-aad888acb4d9,25,435390,-1,1,30350,27250,3,14,13,4,2.6437454223632812,3.1681106090545654,4,2,1,0.5,0.5,0.0,0.5,0.0,0.0,0.5,0.0,0.6,0.2,174,77,0.06321839080459771,0.09090909090909091,4,0,3,5,8,5,2,0,0.0,0.0,5,5,0,0,0,1,0,3100
7f3483ba-c1d3-4711-a1bd-aad888acb4d9,26,454388,449133,0,30950,27150,2,22,6,18,2.048471450805664,1.3146413564682007,2,4,0,0.0,0.75,0.5,0.25,0.0,0.0,0.5,0.0,0.4,0.6,73,138,0.0821917808219178,0.09420289855072464,2,0,2,3,8,4,0,0,0.0,0.0,4,4,0,0,1,0,0,3800
7f3483ba-c1d3-4711-a1bd-aad888acb4d9,27,472751,471694,1,27400,27350,3,3,5,1,2.025261878967285,1.4748549461364746,5,2,0,0.0,0.5,0.4,0.5,0.0,0.0,0.4,0.0,0.8,0.4,52,54,0.25,0.14814814814814814,1,0,1,4,2,3,1,0,0.0,0.125,2,2,1,0,0,0,0,50
7f3483ba-c1d3-4711-a1bd-aad888acb4d9,28,490671,-1,1,30050,27350,9,16,17,8,2.209883689880371,2.0993573665618896,4,3,1,0.0,0.0,0.25,0.6666666666666666,0.25,0.0,0.25,0.3333333333333333,0.6,0.6,131,54,0.07633587786259542,0.1111111111111111,4,0,4,5,7,4,3,0,0.0,0.21052631578947367,5,5,0,0,0,1,0,2700
7f3483ba-c1d3-4711-a1bd-aad888acb4d9,29,516686,512782,1,30000,3900,11,9,6,14,1.659769058227539,2.0214998722076416,5,3,0,0.0,0.6666666666666666,0.2,0.0,0.0,0.0,0.2,0.0,0.6,0.6,101,53,0.1485148514851485,0.16981132075471697,3,0,5,4,4,5,4,0,0.0,0.17647058823529413,3,4,1,0,0,0,0,26100
13cef8eb-6ddb-48f6-80b7-95b52f0bf1f2,1,40069,-1,1,4350,4300,1,6,5,2,4.132342338562012,2.242309331893921,5,2,1,1.0,1.0,0.0,0.5,0.0,0.0,0.4,0.0,0.8,0.2,41,39,0.2682926829268293,0.3076923076923077,2,0,1,1,2,1,0,0,0.0,0.0,0,0,0,1,0,0,0,50
13cef8eb-6ddb-48f6-80b7-95b52f0bf1f2,2,48467,-1,1,18150,1300,3,3,0,6,0.0,2.788638114929199,5,1,1,1.0,1.0,0.0,0.0,0.0,0.0,0.4,0.0,0.8,0.2,98,34,0.14285714285714285,0.2647058823529412,1,0,1,1,1,0,0,0,0.0,0.0,2,0,0,1,0,0,0,16850
13cef8eb-6ddb-48f6-80b7-95b52f0bf1f2,3,66316,-1,1,21600,23250,9,8,4,13,0.5185351371765137,1.729759693145752,5,4,0,0.2,0.75,0.2,0.0,0.0,0.0,0.2,0.0,0.6,0.4,114,117,0.19298245614035087,0.10256410256410256,3,0,4,5,5,3,1,0,0.0,0.0,4,3,0,1,0,0,0,-1650
13cef8eb-6ddb-48f6-80b7-95b52f0bf1f2,4,83852,-1,1,29650,3600,7,4,3,8,2.057838201522827,2.7749056816101074,5,2,0,0.0,0.0,0.0,0.0,0.0,0.0,0.2,0.0,0.6,0.4,106,55,0.1320754716981132,0.18181818181818182,3,0,3,4,1,2,0,0,0.0,0.0,4,0,0,1,0,0,0,26050
13cef8eb-6ddb-48f6-80b7-95b52f0bf1f2,5,101772,-1,1,30750,26250,12,8,15,5,1.4650424718856812,1.5529563426971436,5,0,1,0.6,0.0,0.0,0.0,0.0,0.0,0.0,0.0,1.0,0.0,41,30,0.1951219512195122,0.16666666666666666,2,0,6,4,6,4,0,0,0.0,0.15384615384615385,4,3,0,0,0,1,0,4500
13cef8eb-6ddb-48f6-80b7-95b52f0bf1f2,6,120272,-1,1,30950,1500,11,7,13,5,2.371964931488037,1.8232625722885132,5,1,1,0.6,1.0,0.2,0.0,0.2,0.0,0.2,1.0,0.8,0.2,82,25,0.17073170731707318,0.12,4,0,5,3,2,3,0,0,0.0,0.0,5,0,0,1,0,0,0,29450
13cef8eb-6ddb-48f6-80b7-95b52f0bf1f2,7,141790,136537,0,32650,25700,6,10,7,9,1.6243884563446045,2.0992720127105713,0,1,0,0.0,1.0,0.0,0.0,0.0,1.0,0.0,0.0,0.4,1.0,53,77,0.07547169811320754,0.06493506493506493,4,0,5,4,8,4,1,0,0.0,0.0,4,5,0,0,1,0,0,6950
13cef8eb-6ddb-48f6-80b7-95b52f0bf1f2,8,161059,155804,0,26300,26000,20,19,20,19,2.890463352203369,1.9340898990631104,1,4,1,1.0,0.5,0.0,0.0,0.0,0.75,0.0,0.0,0.2,0.8,46,99,0.043478260869565216,0.1111111111111111,3,0,5,5,6,5,1,0,0.0,0.0,5,4,0,0,1,0,0,300
13cef8eb-6ddb-48f6-80b7-95b52f0bf1f2,9,176518,-1,1,28300,27400,7,6,8,5,1.9088720083236694,2.1841111183166504,5,3,1,0.4,0.3333333333333333,0.0,0.6666666666666666,0.2,0.0,0.0,0.0,0.8,0.4,52,43,0.19230769230769232,0.18604651162790697,2,0,3,4,3,3,1,0,0.0,0.0,4,2,0,1,0,0,0,900
13cef8eb-6ddb-48f6-80b7-95b52f0bf1f2,10,194438,-1,1,28250,27350,5,12,11,6,1.9520853757858276,1.9749088287353516,4,2,1,0.25,0.5,0.25,0.0,0.0,0.5,0.25,0.5,0.6,0.4,87,91,0.14942528735632185,0.04395604395604396,3,0,4,4,7,5,1,0,0.0,0.0,4,5,0,0,0,1,0,900
13cef8eb-6ddb-48f6-80b7-95b52f0bf1f2,11,212358,-1,1,29850,26650,9,17,8,18,2.8320603370666504,2.0893092155456543,4,2,1,0.25,1.0,0.5,1.0,0.0,0.0,0.0,0.0,0.6,0.4,89,92,0.07865168539325842,0.043478260869565216,4,0,6,5,8,4,1,0,0.0,0.0,4,4,0,0,0,1,0,3200
13cef8eb-6ddb-48f6-80b7-95b52f0bf1f2,12,232616,-1,1,30650,23700,11,9,10,10,2.20023250579834,2.313048839569092,5,1,1,0.8,0.0,0.0,1.0,0.2,1.0,0.0,0.0,0.8,0.2,75,62,0.24,0.0967741935483871,4,0,4,5,6,4,1,0,0.0,0.0,4,2,0,1,0,0,0,6950
13cef8eb-6ddb-48f6-80b7-95b52f0bf1f2,13,240633,-1,1,30450,5650,8,5,9,4,1.7740206718444824,2.7664692401885986,5,0,1,0.2,0.0,0.0,0.0,0.2,0.0,0.0,0.0,1.0,0.0,65,21,0.24615384615384617,0.0,2,0,4,2,2,2,0,0,0.0,0.0,2,0,0,1,0,0,0,24800
13cef8eb-6ddb-48f6-80b7-95b52f0bf1f2,14,255069,252388,0,31550,26450,8,5,6,7,2.247483730316162,2.209636926651001,3,5,0,0.3333333333333333,0.4,0.3333333333333333,0.2,0.0,0.0,0.6666666666666666,0.6,0.4,0.8,92,69,0.17391304347826086,0.2318840579710145,5,0,5,4,5,3,0,0,0.0,0.0,3,3,0,0,0,0,1,5100
13cef8eb-6ddb-48f6-80b7-95b52f0bf1f2,15,273276,270133,0,32100,27550,2,6,3,5,1.9031325578689575,1.8077547550201416,2,5,1,0.5,0.6,0.0,0.0,0.0,0.0,0.0,0.0,0.4,0.6,48,61,0.125,0.09836065573770492,4,0,3,5,6,3,0,0,0.0,0.0,4,2,0,0,0,0,1,4550
13cef8eb-6ddb-48f6-80b7-95b52f0bf1f2,16,319113,313861,0,3550,4450,3,4,6,1,2.175781011581421,0.6171827912330627,2,3,0,1.0,0.3333333333333333,0.5,0.0,0.0,0.0,0.0,0.3333333333333333,0.4,0.6,25,45,0.2,0.17777777777777778,0,0,1,0,3,1,0,0,0.0,0.0,0,1,0,0,1,0,0,-900
13cef8eb-6ddb-48f6-80b7-95b52f0bf1f2,17,359670,357320,0,10150,20500,4,3,4,3,2.364152669906616,0.7899121642112732,3,5,0,0.6666666666666666,0.6,0.0,0.2,0.0,0.0,0.3333333333333333,0.2,0.4,0.8,31,81,0.22580645161290322,0.20987654320987653,2,0,2,3,4,3,2,0,0.0,0.0,0,3,0,0,0,0,1,-10350
13cef8eb-6ddb-48f6-80b7-95b52f0bf1f2,18,366929,-1,0,1400,22400,0,5,4,1,3.923046112060547,3.509958028793335,1,5,0,1.0,0.2,1.0,0.0,0.0,0.2,1.0,0.0,0.2,0.8,26,40,0.23076923076923078,0.3,0,0,0,0,1,0,1,0,0.0,0.0,0,1,0,0,0,0,1,-21000
13cef8eb-6ddb-48f6-80b7-95b52f0bf1f2,19,386718,381464,0,29000,25600,6,11,7,10,2.36785888671875,1.9442485570907593,2,4,0,0.0,0.75,0.0,0.25,0.0,0.25,0.5,0.0,0.4,0.6,164,78,0.07317073170731707,0.1794871794871795,3,0,4,4,8,5,3,0,0.0,0.0,4,4,0,0,1,0,0,3400
13cef8eb-6ddb-48f6-80b7-95b52f0bf1f2,20,404302,-1,0,23450,25700,6,8,6,8,1.3721866607666016,1.5205541849136353,1,5,0,0.0,1.0,0.0,0.0,0.0,0.0,0.0,0.0,0.2,1.0,115,67,0.034782608695652174,0.1044776119402985,3,0,6,3,10,5,1,0,0.0,0.0,3,5,0,0,0,0,1,-2250
1aa3bf00-6172-4e39-a6f1-8078b1473c0a,1,10721,6114,0,4250,4350,0,5,1,4,4.230764865875244,1.0483440160751343,0,5,0,0.0,0.4,0.0,0.0,0.0,0.2,0.0,0.2,0.0,1.0,19,64,0.15789473684210525,0.125,0,0,0,0,4,2,0,0,0.0,0.0,0,0,0,0,0,0,1,-100
1aa3bf00-6172-4e39-a6f1-8078b1473c0a,2,27649,22401,0,8900,21000,0,5,4,1,2.8132596015930176,0.8536684513092041,0,1,0,0.0,0.0,0.0,0.0,0.0,0.0,0.0,0.0,0.8,1.0,8,44,0.125,0.09090909090909091,0,0,0,3,5,4,0,0,0.0,0.0,0,3,0,0,1,0,0,-12100
1aa3bf00-6172-4e39-a6f1-8078b1473c0a,3,41097,-1,0,7850,22500,3,12,8,7,3.141932964324951,2.8269500732421875,1,5,0,1.0,0.4,1.0,0.0,0.0,0.2,1.0,0.2,0.2,0.8,35,139,0.2,0.10071942446043165,0,0,2,5,8,4,3,0,0.0,0.15789473684210525,0,4,0,0,0,0,1,-14650
1aa3bf00-6172-4e39-a6f1-8078b1473c0a,4,56847,-1,1,27850,23800,3,7,3,7,2.520993947982788,2.0886597633361816,5,3,1,0.2,0.3333333333333333,0.0,0.3333333333333333,0.0,0.0,0.2,0.0,0.6,0.4,60,62,0.23333333333333334,0.20967741935483872,1,0,3,3,4,4,0,0,0.0,0.0,2,3,0,1,0,0,0,4050
1aa3bf00-6172-4e39-a6f1-8078b1473c0a,5,69188,-1,1,22550,25950,7,8,4,11,2.1905620098114014,1.823358416557312,5,2,1,0.6,0.5,0.2,0.0,0.6,0.5,0.4,0.0,0.6,0.2,87,29,0.1839080459770115,0.10344827586206896,2,0,3,4,6,2,1,0,0.0,0.16666666666666666,5,3,0,1,0,0,0,-3400
1aa3bf00-6172-4e39-a6f1-8078b1473c0a,6,82532,78837,0,29250,7050,6,5,6,5,1.7252912521362305,2.16792368888855,3,5,0,0.3333333333333333,0.6,0.0,0.2,0.3333333333333333,0.0,0.0,0.2,0.6,0.4,76,41,0.13157894736842105,0.36585365853658536,1,0,3,2,2,1,0,0,0.0,0.0,2,0,0,0,0,0,1,22200
1aa3bf00-6172-4e39-a6f1-8078b1473c0a,7,95863,95042,0,5850,27750,4,13,9,8,2.617544651031494,1.6145153045654297,1,5,1,1.0,0.6,0.0,0.0,0.0,0.2,1.0,0.2,0.2,0.8,38,106,0.07894736842105263,0.10377358490566038,0,0,1,1,6,3,0,0,0.0,0.0,0,3,0,0,0,0,1,-21900
1aa3bf00-6172-4e39-a6f1-8078b1473c0a,8,117883,112635,0,22500,27850,3,7,3,7,2.1610918045043945,1.647263765335083,5,4,0,0.4,0.75,0.0,0.0,0.2,0.0,0.2,0.0,0.6,0.6,60,73,0.31666666666666665,0.1643835616438356,0,0,3,4,6,5,3,0,0.0,0.0,2,4,0,0,1,0,0,-5350
1aa3bf00-6172-4e39-a6f1-8078b1473c0a,9,135498,132203,0,18800,27050,2,12,7,7,1.936461329460144,2.021146774291992,2,5,0,0.5,0.2,0.0,0.0,0.0,0.0,0.0,0.2,0.2,0.6,38,78,0.34210526315789475,0.15384615384615385,0,0,1,1,9,3,1,0,0.0,0.0,2,4,0,0,0,0,1,-8250
1aa3bf00-6172-4e39-a6f1-8078b1473c0a,10,151339,149323,0,7600,27250,1,2,1,2,0.5965562462806702,2.1203863620758057,0,5,0,0.0,0.2,0.0,0.0,0.0,0.0,0.0,0.2,0.0,1.0,13,83,0.23076923076923078,0.12048192771084337,0,0,1,2,5,3,2,0,0.0,0.0,0,4,0,0,0,0,1,-19650
1aa3bf00-6172-4e39-a6f1-8078b1473c0a,11,166456,-1,1,26300,28650,3,11,8,6,1.3284271955490112,1.8491626977920532,5,1,0,0.4,0.0,0.0,0.0,0.0,0.0,0.2,0.0,0.8,0.2,61,101,0.18032786885245902,0.06930693069306931,0,0,3,2,6,5,2,0,0.0,0.1875,2,3,0,1,0,0,0,-2350
1aa3bf00-6172-4e39-a6f1-8078b1473c0a,12,185573,-1,1,31350,25000,1,7,4,4,3.3926563262939453,0.6877391338348389,5,1,1,0.6,1.0,0.0,0.0,0.2,1.0,0.2,0.0,0.8,0.2,111,28,0.08108108108108109,0.07142857142857142,2,0,1,2,5,4,0,0,0.0,0.0,4,1,0,1,0,0,0,6350
1aa3bf00-6172-4e39-a6f1-8078b1473c0a,13,198341,-1,1,31550,21200,2,6,4,4,2.0502119064331055,2.5380396842956543,5,0,1,0.2,0.0,0.0,0.0,0.2,0.0,0.2,0.0,1.0,0.0,64,57,0.15625,0.05263157894736842,2,0,2,3,6,4,0,0,0.0,0.0,4,0,0,1,0,0,0,10350
1aa3bf00-6172-4e39-a6f1-8078b1473c0a,14,209760,-1,1,30450,2700,2,2,1,3,0.5680203437805176,2.9183719158172607,5,1,1,0.8,0.0,0.0,0.0,0.0,0.0,0.0,0.0,0.8,0.2,42,29,0.2619047619047619,0.27586206896551724,1,0,1,2,1,1,0,0,0.0,0.0,4,0,0,1,0,0,0,27750
1aa3bf00-6172-4e39-a6f1-8078b1473c0a,15,231006,226875,1,29700,24600,12,12,16,8,1.9259014129638672,1.8540788888931274,5,4,0,0.0,1.0,0.2,0.5,0.4,0.25,0.2,0.0,0.6,0.4,45,86,0.2222222222222222,0.08139534883720931,4,0,5,4,7,4,0,0,0.3333333333333333,0.0,5,4,1,0,0,0,0,5100
1aa3bf00-6172-4e39-a6f1-8078b1473c0a,16,275204,271222,1,4300,4200,0,4,0,4,0.0,1.7124900817871094,5,2,1,1.0,0.5,0.2,0.0,0.0,0.0,0.2,0.0,0.6,0.4,76,62,0.14473684210526316,0.11290322580645161,0,0,0,0,1,1,0,0,0.0,0.0,0,0,1,0,0,0,0,100
1aa3bf00-6172-4e39-a6f1-8078b1473c0a,17,297445,-1,1,22750,13700,7,9,10,6,1.7562201023101807,2.5813581943511963,5,1,1,0.4,0.0,0.0,1.0,0.2,0.0,0.2,0.0,0.8,0.2,144,38,0.10416666666666667,0.21052631578947367,1,0,3,4,2,4,0,0,0.0,0.0,2,2,0,1,0,0,0,9050
1aa3bf00-6172-4e39-a6f1-8078b1473c0a,18,303397,-1,1,24500,2400,1,0,0,1,0.0,3.1317508220672607,5,1,1,0.6,1.0,0.0,1.0,0.2,0.0,0.4,0.0,0.8,0.2,80,11,0.1,0.5454545454545454,1,0,1,1,0,1,0,0,0.0,0.0,2,0,0,1,0,0,0,22100
1aa3bf00-6172-4e39-a6f1-8078b1473c0a,19,318269,-1,0,29950,24700,7,5,6,6,2.2429943084716797,2.1624507904052734,4,5,1,0.25,0.4,0.25,0.2,0.0,0.0,0.0,0.2,0.6,0.4,126,115,0.09523809523809523,0.13043478260869565,3,0,5,4,5,3,0,0,0.17647058823529413,0.0,5,4,0,0,0,0,1,5250
1aa3bf00-6172-4e39-a6f1-8078b1473c0a,20,341534,-1,1,24950,23950,6,6,8,4,2.114210367202759,1.9333263635635376,3,0,1,0.0,0.0,0.0,0.0,0.0,0.0,0.3333333333333333,0.0,1.0,0.4,116,40,0.10344827586206896,0.0,1,0,5,3,4,4,0,0,0.0,0.1,2,2,0,0,0,1,0,1000
1aa3bf00-6172-4e39-a6f1-8078b1473c0a,21,360100,354850,0,30000,16550,18,0,7,11,1.7014033794403076,1.623144268989563,2,3,0,0.0,0.6666666666666666,1.0,0.3333333333333333,0.0,0.0,1.0,0.0,0.4,0.6,53,40,0.20754716981132076,0.15,3,0,7,3,1,2,0,0,0.0,0.0,5,3,0,0,1,0,0,13450
1aa3bf00-6172-4e39-a6f1-8078b1473c0a,22,383813,378564,0,27700,23100,3,9,4,8,2.380288600921631,1.845767855644226,5,4,0,0.4,1.0,0.4,0.0,0.0,0.0,0.0,0.25,0.6,0.6,111,73,0.10810810810810811,0.136986301369863,2,0,3,5,7,4,0,0,0.0,0.0,2,3,0,0,1,0,0,4600
1aa3bf00-6172-4e39-a6f1-8078b1473c0a,23,403019,399751,0,5550,24550,2,2,3,1,1.8786414861679077,0.7586942315101624,0,5,0,0.0,1.0,0.0,0.0,0.0,0.0,0.0,0.0,0.0,1.0,29,63,0.06896551724137931,0.07936507936507936,0,0,2,0,3,2,0,0,0.0,0.0,0,2,0,0,0,0,1,-19000
1aa3bf00-6172-4e39-a6f1-8078b1473c0a,24,420939,-1,1,23550,27750,2,3,2,3,2.3706161975860596,0.6362267136573792,4,1,1,0.0,1.0,0.0,0.0,0.25,0.0,0.25,0.0,0.8,0.2,57,30,0.17543859649122806,0.06666666666666667,1,0,2,4,5,5,0,0,0.0,0.0,1,1,0,0,0,1,0,-4200
1aa3bf00-6172-4e39-a6f1-8078b1473c0a,25,438921,437293,0,30450,23700,7,4,4,7,1.3217461109161377,2.385389804840088,3,5,1,0.0,0.6,0.0,0.0,0.0,0.0,0.0,0.4,0.2,0.4,37,60,0.21621621621621623,0.16666666666666666,1,0,6,4,5,3,1,0,0.0,0.0,4,1,0,0,0,0,1,6750
1aa3bf00-6172-4e39-a6f1-8078b1473c0a,26,456577,451327,0,3750,26750,0,7,3,4,2.6602189540863037,0.49161243438720703,1,4,0,1.0,0.5,0.0,0.25,0.0,0.0,0.0,0.0,0.2,0.8,20,116,0.15,0.09482758620689655,1,0,0,1,6,5,1,0,0.0,0.0,0,4,0,0,1,0,0,-23000
1aa3bf00-6172-4e39-a6f1-8078b1473c0a,27,472674,472507,0,27500,27650,11,16,9,18,2.173656463623047,1.8120579719543457,1,5,0,0.0,0.6,1.0,0.2,0.0,0.2,0.0,0.0,0.2,0.8,45,89,0.1111111111111111,0.10112359550561797,0,0,5,5,8,3,1,0,0.0,0.0,4,5,0,0,0,0,1,-150
1aa3bf00-6172-4e39-a6f1-8078b1473c0a,28,498415,-1,1,7200,27950,0,2,1,1,2.7235209941864014,1.3131844997406006,5,2,0,0.6,0.0,0.2,0.0,0.0,0.0,0.2,0.0,0.6,0.4,67,40,0.2537313432835821,0.25,1,0,0,1,1,3,0,0,0.0,0.0,0,2,0,1,0,0,0,-20750
1aa3bf00-6172-4e39-a6f1-8078b1473c0a,29,515919,514442,0,31000,26450,8,8,6,10,2.6290249824523926,1.891178846359253,2,6,1,0.0,0.3333333333333333,0.5,0.16666666666666666,0.0,0.0,0.0,0.16666666666666666,0.4,0.6,86,49,0.09302325581395349,0.20408163265306123,1,0,4,4,8,5,0,0,0.0,0.0,3,2,0,0,0,0,1,4550
1aa3bf00-6172-4e39-a6f1-8078b1473c0a,30,535991,533062,0,16950,27550,2,5,4,3,3.1998751163482666,0.5989192724227905,4,5,1,0.25,0.2,0.0,0.0,0.0,0.0,0.0,0.2,0.6,0.4,60,76,0.2,0.15789473684210525,1,1,3,2,4,5,1,0,0.5,0.0,1,4,0,0,0,0,1,-10600
9299c0e4-9d62-4c3a-ac5b-fca5b61431df,1,13560,11488,0,4400,4200,5,2,3,4,1.2209235429763794,0.9785928726196289,3,5,1,0.6666666666666666,0.6,0.3333333333333333,0.0,0.0,0.0,0.3333333333333333,0.2,0.6,0.6,43,50,0.23255813953488372,0.24,0,0,2,0,1,1,0,0,0.0,0.0,0,0,0,0,0,0,1,200
9299c0e4-9d62-4c3a-ac5b-fca5b61431df,2,46678,-1,1,11800,18550,2,4,4,2,1.4551646709442139,1.6528854370117188,5,0,1,0.8,0.0,0.0,0.0,0.0,0.0,0.2,0.0,1.0,0.0,30,60,0.26666666666666666,0.1,1,0,1,3,4,2,0,0,0.0,0.0,0,4,0,1,0,0,0,-6750
9299c0e4-9d62-4c3a-ac5b-fca5b61431df,3,63908,-1,1,27200,7950,7,6,7,6,1.172648310661316,1.7892446517944336,5,3,1,0.4,1.0,0.2,0.3333333333333333,0.2,0.0,0.0,0.0,0.8,0.4,63,31,0.1746031746031746,0.22580645161290322,5,0,4,3,3,2,0,0,0.0,0.0,3,0,0,1,0,0,0,19250
9299c0e4-9d62-4c3a-ac5b-fca5b61431df,4,73497,-1,1,27200,1000,1,0,1,0,0.5607450604438782,0.0,5,1,1,0.2,0.0,0.2,1.0,0.0,0.0,0.2,0.0,0.8,0.2,76,26,0.17105263157894737,0.2692307692307692,2,0,2,2,0,0,0,0,0.0,0.0,2,0,0,1,0,0,0,26200
9299c0e4-9d62-4c3a-ac5b-fca5b61431df,5,91650,89611,0,30450,23600,2,6,3,5,2.8755056858062744,2.920152187347412,4,5,0,0.25,0.4,0.0,0.2,0.0,0.2,0.25,0.4,0.6,0.6,98,70,0.12244897959183673,0.24285714285714285,4,0,4,5,7,5,0,0,0.0,0.0,3,3,0,0,0,0,1,6850
9299c0e4-9d62-4c3a-ac5b-fca5b61431df,6,105209,-1,1,23900,21000,4,10,11,3,1.9565075635910034,1.4093049764633179,5,3,0,0.4,0.3333333333333333,0.0,0.3333333333333333,0.0,0.0,0.2,0.6666666666666666,0.6,0.4,105,78,0.20952380952380953,0.07692307692307693,3,0,3,4,7,3,0,0,0.0,0.0,2,3,0,1,0,0,0,2900
9299c0e4-9d62-4c3a-ac5b-fca5b61431df,7,118711,-1,1,23800,10950,2,0,0,2,0.0,3.077279567718506,5,2,1,0.4,0.5,0.0,1.0,0.0,0.0,0.2,0.0,0.6,0.4,120,53,0.15,0.1320754716981132,5,0,3,3,0,3,0,0,0.0,0.0,3,0,0,1,0,0,0,12850
9299c0e4-9d62-4c3a-ac5b-fca5b61431df,8,133581,-1,1,26350,1100,0,0,0,0,0.0,0.0,5,1,1,0.4,1.0,0.0,1.0,0.0,0.0,0.2,0.0,0.8,0.2,90,26,0.18888888888888888,0.19230769230769232,3,0,2,2,0,0,0,0,0.0,0.0,2,0,0,1,0,0,0,25250
9299c0e4-9d62-4c3a-ac5b-fca5b61431df,9,150124,-1,1,29950,26000,4,6,8,2,1.1468576192855835,0.6815073490142822,5,2,1,0.0,0.0,0.2,1.0,0.0,0.0,0.2,0.5,0.8,0.4,57,34,0.2807017543859649,0.2647058823529412,3,0,4,3,5,3,0,0,0.0,0.0,4,3,0,1,0,0,0,3950
9299c0e4-9d62-4c3a-ac5b-fca5b61431df,10,162342,-1,1,30050,8550,17,14,22,9,2.2671234607696533,2.854069232940674,5,0,1,0.6,0.0,0.0,0.0,0.2,0.0,0.2,0.0,1.0,0.0,132,22,0.09848484848484848,0.045454545454545456,4,0,5,3,6,3,0,0,0.0,0.0,5,2,0,1,0,0,0,21500
9299c0e4-9d62-4c3a-ac5b-fca5b61431df,11,176723,-1,1,30850,26750,10,7,6,11,1.046282172203064,2.8781087398529053,5,1,1,0.6,0.0,0.2,0.0,0.0,0.0,0.0,0.0,0.8,0.2,62,27,0.16129032258064516,0.2222222222222222,3,0,5,2,3,4,0,0,0.0,0.0,5,3,0,1,0,0,0,4100
9299c0e4-9d62-4c3a-ac5b-fca5b61431df,12,192043,-1,0,30850,7400,6,0,4,2,0.45921754837036133,3.6853723526000977,3,5,0,0.3333333333333333,0.6,0.3333333333333333,0.6,0.3333333333333333,0.0,0.6666666666666666,0.0,0.6,0.6,160,55,0.0875,0.2727272727272727,4,0,5,5,0,2,0,0,0.0,0.0,5,1,0,0,0,0,1,23450
9299c0e4-9d62-4c3a-ac5b-fca5b61431df,13,208220,206203,1,30500,27650,10,6,8,8,2.0662224292755127,2.0219180583953857,5,2,1,0.4,1.0,0.2,0.5,0.0,0.0,0.2,0.0,0.8,0.4,98,59,0.11224489795918367,0.0847457627118644,3,0,4,2,5,4,1,0,0.0,0.0,4,3,1,0,0,0,0,2850
9299c0e4-9d62-4c3a-ac5b-fca5b61431df,14,228794,-1,0,30850,25950,5,10,3,12,1.7605180740356445,2.3715035915374756,3,4,0,0.3333333333333333,0.75,0.0,0.25,0.6666666666666666,0.0,0.3333333333333333,0.25,0.2,0.6,51,68,0.21568627450980393,0.19117647058823528,3,0,2,3,7,5,0,0,0.0,0.0,4,3,0,0,0,0,1,4900
9299c0e4-9d62-4c3a-ac5b-fca5b61431df,15,246124,-1,1,29300,22900,3,15,13,5,2.2222471237182617,1.3267176151275635,5,4,0,0.6,0.75,0.0,0.0,0.0,0.0,0.0,0.0,0.8,0.4,103,61,0.11650485436893204,0.18032786885245902,2,0,3,4,7,5,0,0,0.0,0.0,3,4,0,1,0,0,0,6400
9299c0e4-9d62-4c3a-ac5b-fca5b61431df,16,286591,285675,0,4300,4250,11,3,6,8,1.8490797281265259,2.3747754096984863,3,5,0,1.0,0.8,0.0,0.0,0.0,0.0,0.0,0.0,0.6,0.4,70,111,0.22857142857142856,0.12612612612612611,0,0,2,1,1,2,0,0,0.0,0.0,0,1,0,0,0,0,1,50
9299c0e4-9d62-4c3a-ac5b-fca5b61431df,17,304766,299515,0,11100,19250,1,8,5,4,2.0873429775238037,0.5638325810432434,0,3,0,0.0,0.6666666666666666,0.0,0.0,0.0,0.0,0.0,0.0,0.4,1.0,11,97,0.09090909090909091,0.07216494845360824,1,0,1,3,3,3,5,0,0.0,0.0,1,4,0,0,1,0,0,-8150
9299c0e4-9d62-4c3a-ac5b-fca5b61431df,18,316308,315855,0,4750,20450,0,6,4,2,3.1174354553222656,2.4636640548706055,0,5,0,0.0,0.4,0.0,0.0,0.0,0.2,0.0,0.2,0.0,1.0,15,109,0.2,0.11009174311926606,0,0,0,1,2,1,5,0,0.0,0.0,0,4,0,0,0,0,1,-15700
9299c0e4-9d62-4c3a-ac5b-fca5b61431df,19,332664,-1,1,26250,21050,9,3,8,4,1.3260340690612793,1.580594539642334,5,3,0,0.2,1.0,0.0,0.0,0.0,0.0,0.2,0.0,0.4,0.6,82,41,0.2073170731707317,0.21951219512195122,3,0,4,3,3,2,2,0,0.0,0.0,3,3,0,1,0,0,0,5200
9299c0e4-9d62-4c3a-ac5b-fca5b61431df,20,359130,354065,0,25500,27250,10,14,11,13,1.704067349433899,1.7177420854568481,3,5,0,0.0,0.6,0.3333333333333333,0.2,0.0,0.2,0.3333333333333333,0.4,0.4,0.8,93,102,0.13978494623655913,0.14705882352941177,3,0,4,5,8,5,2,0,0.0,0.0,3,5,0,0,0,0,1,-1750
9299c0e4-9d62-4c3a-ac5b-fca5b61431df,21,374594,372148,0,15150,27450,5,1,4,2,1.7225713729858398,1.5136171579360962,1,5,0,0.0,0.0,0.0,0.2,0.0,0.2,0.0,0.4,0.2,0.8,56,122,0.21428571428571427,0.16393442622950818,2,0,5,4,3,2,3,0,0.0,0.0,1,5,0,0,0,0,1,-12300
c405829a-45de-461d-8895-90f7fb92db88,1,8240,8658,0,4300,4400,0,3,1,2,0.7499786019325256,3.9547886848449707,1,5,0,1.0,1.0,0.0,0.2,0.0,0.0,0.0,0.0,0.2,0.8,24,47,0.375,0.1702127659574468,0,0,0,0,2,0,0,0,0.0,0.0,0,1,0,0,0,0,1,-100
c405829a-45de-461d-8895-90f7fb92db88,2,13625,-1,0,1000,18150,0,1,0,1,0.0,0.5996837019920349,1,5,0,1.0,0.0,1.0,0.0,0.0,0.0,0.0,0.2,0.2,0.8,23,124,0.30434782608695654,0.1532258064516129,0,0,0,0,1,1,0,0,0.0,0.0,0,0,0,0,0,0,1,-17150
c405829a-45de-461d-8895-90f7fb92db88,3,27912,25013,1,23700,20900,4,8,2,10,2.9582862854003906,2.2246429920196533,5,2,1,0.2,0.5,0.0,1.0,0.0,0.0,0.2,0.5,0.8,0.4,64,49,0.265625,0.24489795918367346,3,0,2,3,3,2,0,0,0.0,0.0,0,0,1,0,0,0,0,2800
c405829a-45de-461d-8895-90f7fb92db88,4,43771,-1,1,26650,24700,3,1,4,0,3.1750364303588867,0.0,5,2,1,0.6,0.5,0.0,0.0,0.0,0.0,0.4,0.5,0.6,0.2,155,60,0.07096774193548387,0.11666666666666667,4,0,3,4,3,3,1,0,0.0,0.0,3,1,0,1,0,0,0,1950
c405829a-45de-461d-8895-90f7fb92db88,5,49374,-1,1,30650,1300,0,0,0,0,0.0,0.0,5,1,1,0.0,1.0,0.2,1.0,0.0,0.0,0.0,1.0,0.8,0.2,45,42,0.3111111111111111,0.14285714285714285,2,0,0,1,0,0,0,0,0.2,0.0,2,0,0,1,0,0,0,29350
c405829a-45de-461d-8895-90f7fb92db88,6,65248,-1,1,30750,23400,4,6,6,4,2.7006683349609375,1.6898229122161865,5,2,1,0.0,1.0,0.2,0.0,0.0,0.0,0.2,0.0,0.8,0.4,70,60,0.2,0.15,0,0,4,3,3,3,1,0,0.0,0.0,3,1,0,1,0,0,0,7350
c405829a-45de-461d-8895-90f7fb92db88,7,70454,-1,1,30450,6500,0,0,0,0,0.0,0.0,5,1,1,0.4,0.0,0.2,0.0,0.0,0.0,0.2,0.0,0.8,0.2,32,31,0.28125,0.0967741935483871,2,1,0,1,0,1,0,0,0.0,0.0,2,0,0,1,0,0,0,23950
c405829a-45de-461d-8895-90f7fb92db88,8,82601,-1,1,30950,26150,5,10,8,7,2.4537148475646973,2.272221326828003,5,2,1,0.0,1.0,0.0,1.0,0.2,0.0,0.4,0.0,1.0,0.4,107,28,0.1308411214953271,0.07142857142857142,3,0,4,3,5,4,2,0,0.07142857142857142,0.0,4,3,0,1,0,0,0,4800
c405829a-45de-461d-8895-90f7fb92db88,9,104681,99427,0,30150,7550,2,5,3,4,1.9550758600234985,1.0896954536437988,0,5,0,0.0,0.6,0.0,0.0,0.0,0.2,0.0,0.0,0.0,1.0,36,52,0.1111111111111111,0.17307692307692307,2,0,2,2,2,2,0,0,0.0,0.0,4,0,0,0,1,0,0,22600
c405829a-45de-461d-8895-90f7fb92db88,10,120059,-1,1,29650,29850,7,6,4,9,2.7908897399902344,2.4339141845703125,5,4,1,0.0,0.75,0.0,0.25,0.0,0.0,0.0,0.0,0.6,0.4,88,42,0.14772727272727273,0.16666666666666666,1,0,7,4,3,3,1,0,0.23529411764705882,0.0,5,4,0,1,0,0,0,-200
c405829a-45de-461d-8895-90f7fb92db88,11,137956,132702,0,31100,26850,2,4,1,5,4.25834321975708,1.9994611740112305,1,4,0,0.0,0.75,0.0,0.25,0.0,0.25,0.0,0.0,0.2,0.8,34,39,0.2647058823529412,0.1794871794871795,3,0,3,1,1,2,1,0,0.2,0.0,3,3,0,0,1,0,0,4250
c405829a-45de-461d-8895-90f7fb92db88,12,150032,144778,0,7150,27650,0,12,2,10,1.0728027820587158,1.7752612829208374,1,4,1,0.0,0.5,0.0,0.25,0.0,0.0,0.0,0.25,0.2,0.8,29,154,0.3793103448275862,0.05194805194805195,1,0,0,1,5,4,2,0,0.0,0.0,0,4,0,0,1,0,0,-20500
c405829a-45de-461d-8895-90f7fb92db88,13,160588,-1,1,22150,27950,5,2,5,2,0.9689261317253113,2.6469130516052246,5,2,1,0.4,0.5,0.0,0.5,0.0,0.0,0.2,0.5,0.6,0.4,112,60,0.15178571428571427,0.2,1,0,3,4,3,2,1,0,0.2222222222222222,0.0,1,3,0,1,0,0,0,-5800
c405829a-45de-461d-8895-90f7fb92db88,14,174948,169693,0,29150,27450,0,0,0,0,0.0,0.0,4,4,0,0.25,0.25,0.25,0.25,0.0,0.0,0.0,0.25,0.4,0.8,29,46,0.13793103448275862,0.2826086956521739,2,0,0,2,2,3,3,0,0.0,0.0,3,3,0,0,1,0,0,1700
c405829a-45de-461d-8895-90f7fb92db88,15,192598,188272,0,19250,27550,7,12,7,12,1.9851162433624268,2.1142427921295166,2,5,0,0.5,0.8,0.0,0.2,0.0,0.2,0.5,0.2,0.2,0.8,45,89,0.2,0.10112359550561797,1,0,3,2,6,5,4,0,0.0,0.0,1,5,0,0,0,0,1,-8300
c405829a-45de-461d-8895-90f7fb92db88,16,221365,218457,0,4100,4700,0,3,1,2,4.668211936950684,1.4198981523513794,2,5,0,1.0,0.6,0.5,0.2,0.0,0.0,0.0,0.0,0.4,0.8,35,66,0.14285714285714285,0.16666666666666666,0,0,0,0,1,1,1,0,0.0,0.0,0,0,0,0,0,0,1,-600
c405829a-45de-461d-8895-90f7fb92db88,17,233062,-1,0,1000,20200,0,0,0,0,0.0,0.0,1,5,0,0.0,0.6,0.0,0.0,0.0,0.0,1.0,0.4,0.2,0.8,31,50,0.2903225806451613,0.24,0,0,0,0,0,3,0,0,0.0,0.0,0,1,0,0,0,0,1,-19200
c405829a-45de-461d-8895-90f7fb92db88,18,249416,244161,0,24000,23300,4,1,3,2,2.30704665184021,0.807816207408905,2,4,0,0.0,0.5,0.0,0.0,0.0,0.0,0.0,0.25,0.4,0.6,60,124,0.23333333333333334,0.07258064516129033,1,0,2,2,1,4,2,0,0.0,0.0,3,3,0,0,1,0,0,700
c405829a-45de-461d-8895-90f7fb92db88,19,266899,264010,0,8200,25200,7,1,4,4,1.9024624824523926,2.2417643070220947,4,5,1,0.25,0.2,0.25,0.0,0.0,0.0,0.5,0.6,0.6,0.6,69,175,0.2028985507246377,0.10285714285714286,1,0,2,1,3,5,2,0,0.0,0.0,0,5,0,0,0,0,1,-17000
c405829a-45de-461d-8895-90f7fb92db88,20,292723,288249,0,29000,25200,13,20,17,16,1.813086986541748,2.331690788269043,4,5,1,0.5,0.2,0.25,0.0,0.25,0.0,0.5,0.2,0.4,0.8,147,204,0.09523809523809523,0.08333333333333333,2,0,6,5,7,5,2,0,0.0,0.2631578947368421,5,5,0,0,0,0,1,3800
c405829a-45de-461d-8895-90f7fb92db88,21,310105,305748,0,11600,25200,0,7,3,4,2.618159294128418,0.7099086046218872,1,5,0,1.0,0.2,1.0,0.0,0.0,0.0,0.0,0.2,0.2,1.0,72,130,0.18055555555555555,0.14615384615384616,0,0,1,1,3,4,2,0,0.0,0.0,1,4,0,0,0,0,1,-13600
c405829a-45de-461d-8895-90f7fb92db88,22,325189,-1,1,27550,25200,6,10,10,6,3.0713541507720947,3.2668380737304688,5,3,1,0.2,0.3333333333333333,0.2,0.0,0.2,0.0,0.2,1.0,0.8,0.6,114,129,0.14912280701754385,0.09302325581395349,3,0,5,3,6,5,1,0,0.0,0.0,4,4,0,1,0,0,0,2350
c405829a-45de-461d-8895-90f7fb92db88,23,345122,341728,0,24350,24900,2,8,4,6,2.6910247802734375,2.371415615081787,4,5,1,0.25,0.4,0.5,0.4,0.0,0.2,0.25,0.2,0.8,0.6,126,88,0.12698412698412698,0.1590909090909091,2,0,3,3,6,5,1,0,0.0,0.0,3,3,0,0,0,0,1,-550
c405829a-45de-461d-8895-90f7fb92db88,24,367737,-1,1,19650,24600,4,1,4,1,0.9765675663948059,1.0401238203048706,5,1,1,0.4,0.0,0.0,0.0,0.0,0.0,0.0,1.0,0.8,0.2,84,96,0.17857142857142858,0.08333333333333333,1,0,2,4,1,3,0,0,0.0,0.0,0,3,0,1,0,0,0,-4950
c405829a-45de-461d-8895-90f7fb92db88,25,379862,-1,1,27750,10600,14,20,16,18,2.0633811950683594,1.7093374729156494,5,1,1,0.2,1.0,0.2,1.0,0.0,0.0,0.2,0.0,0.8,0.2,82,74,0.2073170731707317,0.06756756756756757,4,0,5,3,7,4,0,0,0.0,0.0,3,2,0,1,0,0,0,17150
c405829a-45de-461d-8895-90f7fb92db88,26,397784,396732,1,30200,1000,3,0,2,1,2.760577440261841,4.342185020446777,5,1,1,0.4,1.0,0.0,1.0,0.0,0.0,0.0,0.0,0.8,0.2,67,33,0.16417910447761194,0.15151515151515152,4,0,2,2,0,0,0,0,0.0,0.0,3,0,1,0,0,0,0,29200
c405829a-45de-461d-8895-90f7fb92db88,27,409243,408824,0,30500,25750,7,22,17,12,2.2407944202423096,1.6181310415267944,2,5,0,0.5,0.2,0.0,0.0,0.0,0.2,0.5,0.4,0.2,0.8,26,74,0.2692307692307692,0.22972972972972974,2,0,4,1,7,2,0,0,0.0,0.0,3,1,0,0,0,0,1,4750
bcbfd0e6-9d80-424a-bdee-09a78aaa8f27,1,9131,9006,0,4100,4350,0,3,3,0,1.8297094106674194,0.0,2,5,1,0.5,0.8,0.0,0.4,0.0,0.0,0.5,0.0,0.4,0.8,35,86,0.2857142857142857,0.19767441860465115,0,0,0,0,1,1,1,0,0.0,0.0,0,1,0,0,0,0,1,-250
bcbfd0e6-9d80-424a-bdee-09a78aaa8f27,2,21514,16267,0,9700,18400,0,8,4,4,3.945718765258789,1.4642248153686523,1,1,0,1.0,0.0,0.0,0.0,0.0,1.0,0.0,1.0,0.6,0.8,16,101,0.375,0.12871287128712872,0,0,0,2,4,3,3,0,0.0,0.0,0,4,0,0,1,0,0,-8700
bcbfd0e6-9d80-424a-bdee-09a78aaa8f27,3,31956,32532,0,6400,18950,2,11,7,6,2.478719472885132,1.7230132818222046,2,5,0,0.5,0.6,0.0,0.0,0.0,0.6,0.5,0.2,0.4,0.8,50,145,0.14,0.13793103448275862,0,0,1,1,4,3,2,0,0.0,0.0,0,4,0,0,0,0,1,-12550
bcbfd0e6-9d80-424a-bdee-09a78aaa8f27,4,48944,43696,0,27750,22800,1,5,2,4,4.314243316650391,1.530318260192871,1,1,1,1.0,0.0,0.0,0.0,0.0,0.0,0.0,0.0,0.8,0.8,30,77,0.13333333333333333,0.05194805194805195,0,0,2,4,4,5,2,0,0.0,0.0,3,4,0,0,1,0,0,4950
bcbfd0e6-9d80-424a-bdee-09a78aaa8f27,5,57681,57586,0,28900,24900,0,5,3,2,2.8216311931610107,0.8622428178787231,1,5,1,0.0,0.6,0.0,0.2,0.0,0.2,0.0,0.0,0.2,0.8,26,110,0.19230769230769232,0.10909090909090909,1,0,0,1,6,4,1,0,0.0,0.0,5,5,0,0,0,0,1,4000
bcbfd0e6-9d80-424a-bdee-09a78aaa8f27,6,78209,72961,0,26650,24800,0,9,5,4,2.2452025413513184,1.8907616138458252,3,3,0,0.3333333333333333,0.6666666666666666,0.0,0.3333333333333333,0.0,0.0,0.0,0.3333333333333333,0.4,0.6,48,95,0.1875,0.09473684210526316,0,0,0,4,5,5,1,0,0.0,0.0,2,4,0,0,1,0,0,1850
bcbfd0e6-9d80-424a-bdee-09a78aaa8f27,7,94790,89542,0,27800,24400,0,10,5,5,2.118591547012329,3.0142526626586914,1,1,0,0.0,0.0,0.0,0.0,0.0,1.0,0.0,0.0,0.8,0.8,75,55,0.06666666666666667,0.07272727272727272,4,0,0,4,6,5,2,0,0.0,0.0,2,4,0,0,1,0,0,3400
bcbfd0e6-9d80-424a-bdee-09a78aaa8f27,8,111634,107311,1,30450,25200,0,6,1,5,4.451632499694824,2.1089348793029785,4,5,1,0.75,0.4,0.0,0.4,0.0,0.0,0.25,0.0,0.6,0.6,121,156,0.09090909090909091,0.08333333333333333,2,0,1,4,5,5,2,0,0.0,0.0,5,5,1,0,0,0,0,5250
bcbfd0e6-9d80-424a-bdee-09a78aaa8f27,9,132651,129156,1,27600,25200,3,14,7,10,1.550919532775879,2.1825757026672363,5,4,1,0.4,0.75,0.0,0.5,0.2,0.0,0.2,0.25,0.8,0.4,112,123,0.125,0.10569105691056911,3,0,2,4,8,5,2,0,0.18181818181818182,0.0,2,4,1,0,0,0,0,2400
bcbfd0e6-9d80-424a-bdee-09a78aaa8f27,10,142031,-1,1,27350,25300,1,6,5,2,1.9779493808746338,1.866670846939087,5,0,1,0.6,0.0,0.0,0.0,0.0,0.0,0.0,0.0,1.0,0.0,118,59,0.09322033898305085,0.06779661016949153,2,0,2,3,4,4,2,0,0.0,0.0,2,5,0,1,0,0,0,2050
bcbfd0e6-9d80-424a-bdee-09a78aaa8f27,11,166165,-1,1,29550,25100,0,8,7,1,1.415299654006958,0.27506446838378906,3,3,1,0.0,0.0,0.0,0.6666666666666666,0.0,0.0,0.0,0.3333333333333333,0.6,0.6,64,77,0.140625,0.18181818181818182,3,0,1,4,7,4,1,0,0.08333333333333333,0.0,4,5,0,0,0,1,0,4450
bcbfd0e6-9d80-424a-bdee-09a78aaa8f27,12,185298,181807,1,27800,24200,5,6,5,6,0.9022776484489441,2.62369704246521,5,2,1,0.6,0.0,0.0,0.0,0.0,0.0,0.4,0.5,0.6,0.4,68,73,0.20588235294117646,0.1232876712328767,3,0,3,5,6,5,1,0,0.0,0.0,3,4,1,0,0,0,0,3600
bcbfd0e6-9d80-424a-bdee-09a78aaa8f27,13,208259,-1,1,29800,25200,2,13,9,6,2.816225528717041,1.7548052072525024,5,3,0,0.4,0.6666666666666666,0.2,0.6666666666666666,0.0,0.0,0.2,0.0,0.8,0.6,82,80,0.15853658536585366,0.075,5,0,1,4,7,4,2,0,0.3333333333333333,0.0,5,4,0,1,0,0,0,4600
bcbfd0e6-9d80-424a-bdee-09a78aaa8f27,14,227407,222160,0,31250,24000,1,8,6,3,2.332984209060669,0.6982979774475098,1,2,0,0.0,0.0,0.0,0.0,0.0,0.0,0.0,0.0,0.6,0.8,70,52,0.1,0.11538461538461539,3,0,1,3,6,5,1,0,0.0,0.0,5,2,0,0,1,0,0,7250
bcbfd0e6-9d80-424a-bdee-09a78aaa8f27,15,246070,241806,1,32450,27200,0,11,10,1,2.2039296627044678,0.5805128812789917,5,3,1,0.2,0.6666666666666666,0.2,0.6666666666666666,0.0,0.0,0.2,0.3333333333333333,0.8,0.6,54,62,0.25925925925925924,0.0967741935483871,1,0,0,3,7,5,2,0,0.0,0.0,3,4,1,0,0,0,0,5250
bcbfd0e6-9d80-424a-bdee-09a78aaa8f27,16,257365,254464,0,4200,4600,0,0,0,0,0.0,0.0,4,5,1,1.0,1.0,0.25,0.4,0.0,0.0,0.5,0.2,0.6,0.6,45,89,0.4222222222222222,0.1797752808988764,0,0,0,0,0,1,0,0,0.0,0.0,0,1,0,0,0,0,1,-400
bcbfd0e6-9d80-424a-bdee-09a78aaa8f27,17,266491,-1,1,9450,19250,0,3,3,0,2.5154941082000732,0.0,5,2,1,0.8,0.5,0.0,0.5,0.0,0.0,0.2,0.0,0.6,0.2,29,69,0.3793103448275862,0.17391304347826086,1,0,0,3,1,2,2,0,0.0,0.0,0,2,0,1,0,0,0,-9800
bcbfd0e6-9d80-424a-bdee-09a78aaa8f27,18,280895,-1,1,22250,9350,0,34,23,11,3.269850254058838,2.2274155616760254,5,1,0,0.4,0.0,0.0,0.0,0.6,1.0,0.0,0.0,0.8,0.2,110,49,0.17272727272727273,0.1836734693877551,1,0,0,2,8,3,1,0,0.0,0.0,1,1,0,1,0,0,0,12900
bcbfd0e6-9d80-424a-bdee-09a78aaa8f27,19,286158,-1,1,26750,1000,0,0,0,0,0.0,0.0,5,0,1,0.4,0.0,0.0,0.0,0.0,0.0,0.0,0.0,1.0,0.0,61,9,0.19672131147540983,0.0,1,0,0,1,0,0,0,0,0.0,0.0,3,0,0,1,0,0,0,25750
bcbfd0e6-9d80-424a-bdee-09a78aaa8f27,20,298761,-1,1,27850,22400,0,2,1,1,2.673208713531494,0.5723984837532043,5,0,1,0.6,0.0,0.0,0.0,0.0,0.0,0.0,0.0,1.0,0.0,129,52,0.10077519379844961,0.057692307692307696,5,0,2,4,1,4,1,0,0.0,0.0,3,1,0,1,0,0,0,5450
bcbfd0e6-9d80-424a-bdee-09a78aaa8f27,21,313848,-1,1,30000,6700,1,0,0,1,0.0,0.9179891347885132,5,0,1,0.4,0.0,0.0,0.0,0.2,0.0,0.0,0.0,1.0,0.0,117,13,0.08547008547008547,0.15384615384615385,4,0,3,5,0,4,1,0,0.0,0.0,5,0,0,1,0,0,0,23300
bcbfd0e6-9d80-424a-bdee-09a78aaa8f27,22,333806,-1,1,30300,26150,4,2,0,6,0.0,2.399752378463745,5,2,1,0.6,0.0,0.0,0.5,0.2,0.0,0.0,0.0,0.6,0.2,68,33,0.11764705882352941,0.06060606060606061,4,0,2,5,2,4,1,0,0.0,0.0,5,2,0,1,0,0,0,4150
bcbfd0e6-9d80-424a-bdee-09a78aaa8f27,23,345677,-1,1,30000,13150,0,26,23,3,2.9770424365997314,0.7247694134712219,5,1,1,0.0,1.0,0.0,0.0,0.2,0.0,0.2,1.0,0.8,0.2,134,49,0.13432835820895522,0.061224489795918366,4,0,0,4,8,4,1,0,0.0,0.2777777777777778,5,5,0,1,0,0,0,16850
bcbfd0e6-9d80-424a-bdee-09a78aaa8f27,24,360894,355647,0,31750,21100,4,25,10,19,3.0353357791900635,1.8715347051620483,1,5,0,1.0,0.0,1.0,0.0,0.0,0.4,1.0,0.0,0.2,0.8,59,188,0.1016949152542373,0.11702127659574468,4,0,1,5,10,4,1,0,0.0,0.0,4,4,0,0,1,0,0,10650
bcbfd0e6-9d80-424a-bdee-09a78aaa8f27,25,375879,-1,1,30450,28350,3,5,6,2,1.9594465494155884,1.0557239055633545,5,2,1,0.6,0.5,0.0,0.0,0.0,0.0,0.0,0.0,0.6,0.4,91,79,0.0989010989010989,0.0759493670886076,4,0,2,3,3,3,1,0,0.0,0.1,3,3,0,1,0,0,0,2100
351c34b5-30fd-4be2-bb48-fe6654668696,1,5167,-1,1,4250,4250,0,5,2,3,4.1693525314331055,1.826906681060791,5,0,1,1.0,0.0,0.0,0.0,0.2,0.0,0.0,0.0,1.0,0.0,42,58,0.23809523809523808,0.10344827586206896,0,0,0,0,3,1,1,0,0.0,0.0,0,0,0,1,0,0,0,0
351c34b5-30fd-4be2-bb48-fe6654668696,2,14716,-1,1,21650,1700,4,0,2,2,0.9865095019340515,3.746971368789673,5,0,1,0.6,0.0,0.0,0.0,0.4,0.0,0.0,0.0,1.0,0.0,93,30,0.12903225806451613,0.03333333333333333,2,0,2,2,0,0,0,0,0.0,0.0,2,0,0,1,0,0,0,19950
351c34b5-30fd-4be2-bb48-fe6654668696,3,35452,30199,0,24700,20400,0,3,2,1,0.6369560956954956,0.6100910305976868,0,4,0,0.0,0.75,0.0,0.0,0.0,0.0,0.0,0.0,0.2,1.0,19,67,0.2631578947368421,0.16417910447761194,2,0,0,2,4,5,1,0,0.0,0.0,4,3,0,0,1,0,0,4300
351c34b5-30fd-4be2-bb48-fe6654668696,4,49109,-1,1,23650,25100,5,16,16,5,1.9585320949554443,2.1294009685516357,5,2,1,0.6,0.0,0.2,0.0,0.0,0.0,0.2,0.5,0.6,0.4,161,74,0.09316770186335403,0.10810810810810811,3,0,2,4,7,5,1,0,0.0,0.0,1,4,0,1,0,0,0,-1450
351c34b5-30fd-4be2-bb48-fe6654668696,5,58455,-1,1,27550,24800,0,1,1,0,4.310478687286377,0.0,5,1,1,0.6,0.0,0.0,0.0,0.0,0.0,0.0,0.0,0.8,0.2,72,44,0.1388888888888889,0.13636363636363635,3,0,2,3,2,3,1,0,0.0,0.0,4,2,0,1,0,0,0,2750
351c34b5-30fd-4be2-bb48-fe6654668696,6,68216,-1,1,28100,4350,0,0,0,0,0.0,0.0,5,3,1,1.0,0.6666666666666666,0.2,0.0,0.0,0.0,0.4,0.3333333333333333,0.6,0.4,121,31,0.09917355371900827,0.16129032258064516,5,0,1,2,0,2,1,0,0.0,0.0,5,1,0,1,0,0,0,23750
351c34b5-30fd-4be2-bb48-fe6654668696,7,89993,85801,0,28550,23500,2,7,2,7,3.512352466583252,1.541849136352539,4,5,1,1.0,0.8,0.0,0.2,0.0,0.0,0.25,0.4,0.6,0.4,86,162,0.13953488372093023,0.08641975308641975,3,1,2,5,3,5,3,0,0.0,0.0,3,3,0,0,0,0,1,5050
351c34b5-30fd-4be2-bb48-fe6654668696,8,104250,99985,1,20950,20650,0,13,7,6,3.147650957107544,1.9572490453720093,5,3,0,0.4,0.0,0.0,0.3333333333333333,0.2,0.3333333333333333,0.2,0.3333333333333333,0.6,0.4,152,122,0.11842105263157894,0.16393442622950818,0,0,1,2,7,5,3,0,0.0,0.0,1,4,1,0,0,0,0,300
351c34b5-30fd-4be2-bb48-fe6654668696,9,113686,-1,1,26550,10800,3,3,3,3,1.964854121208191,1.8490686416625977,5,1,1,0.0,0.0,0.0,1.0,0.0,0.0,0.4,0.0,0.8,0.2,110,37,0.17272727272727273,0.08108108108108109,3,0,1,3,2,4,1,0,0.0,0.0,3,3,0,1,0,0,0,15750
351c34b5-30fd-4be2-bb48-fe6654668696,10,131606,-1,1,29900,19800,1,12,6,7,2.1551480293273926,2.5972423553466797,4,3,0,0.5,0.6666666666666666,0.0,0.0,0.0,0.0,0.0,0.3333333333333333,0.4,0.2,142,83,0.1056338028169014,0.14457831325301204,5,0,1,5,6,5,1,0,0.0,0.0,4,4,0,0,0,1,0,10100
351c34b5-30fd-4be2-bb48-fe6654668696,11,149677,-1,1,28300,13850,1,5,2,4,0.8383828401565552,2.2492268085479736,5,2,1,0.2,0.5,0.2,0.0,0.2,0.0,0.2,0.0,0.8,0.2,51,33,0.27450980392156865,0.21212121212121213,2,0,1,5,3,3,1,0,0.0,0.0,5,1,0,1,0,0,0,14450
351c34b5-30fd-4be2-bb48-fe6654668696,12,167903,164937,1,31200,24700,4,9,3,10,2.6033122539520264,0.7555910348892212,5,4,1,0.2,0.5,0.2,0.0,0.2,0.0,0.4,0.25,0.6,0.4,119,78,0.11764705882352941,0.1282051282051282,3,0,5,5,6,5,1,0,0.0,0.0,6,3,1,0,0,0,0,6500
351c34b5-30fd-4be2-bb48-fe6654668696,13,178767,176284,0,32500,23900,8,16,14,10,3.297092914581299,2.4933369159698486,2,6,1,0.5,0.3333333333333333,0.5,0.0,0.0,0.3333333333333333,0.5,0.3333333333333333,0.4,0.6,146,84,0.06164383561643835,0.19047619047619047,3,0,5,4,7,4,2,0,0.0,0.0,5,3,0,0,0,0,1,8600
351c34b5-30fd-4be2-bb48-fe6654668696,14,194453,191306,0,17250,23000,6,5,2,9,1.4120148420333862,1.7491776943206787,4,5,0,0.75,0.6,0.0,0.4,0.0,0.0,0.25,0.4,0.4,0.6,76,107,0.14473684210526316,0.14953271028037382,0,0,2,3,4,5,1,0,0.0,0.0,0,3,0,0,0,0,1,-5750
351c34b5-30fd-4be2-bb48-fe6654668696,15,209921,206237,0,11400,24400,2,7,3,6,2.873309850692749,1.4023000001907349,1,5,0,0.0,0.4,0.0,0.0,0.0,0.0,1.0,0.2,0.2,0.8,41,104,0.14634146341463414,0.14423076923076922,2,0,2,4,5,5,2,0,0.0,0.0,1,4,0,0,0,0,1,-13000
351c34b5-30fd-4be2-bb48-fe6654668696,16,218200,-1,0,3750,4650,0,4,1,3,3.4162423610687256,1.879231572151184,0,5,0,0.0,0.6,0.0,0.0,0.0,0.0,0.0,0.2,0.0,1.0,39,63,0.1282051282051282,0.38095238095238093,0,0,0,1,2,2,0,0,0.0,0.0,0,1,0,0,0,0,1,-900
351c34b5-30fd-4be2-bb48-fe6654668696,17,231821,-1,1,9000,19350,1,6,2,5,1.0659276247024536,1.0744892358779907,5,4,0,0.6,0.75,0.0,0.0,0.0,0.0,0.4,0.0,0.4,0.4,34,104,0.3235294117647059,0.1346153846153846,3,0,1,3,3,3,3,0,0.0,0.0,1,3,0,1,0,0,0,-10350
351c34b5-30fd-4be2-bb48-fe6654668696,18,248670,-1,1,17850,7400,4,1,3,2,2.491978645324707,4.436086654663086,5,2,1,0.6,1.0,0.0,0.0,0.0,0.0,0.0,0.5,0.6,0.2,131,28,0.1297709923664122,0.21428571428571427,2,0,3,5,1,3,0,1,0.0,0.0,4,0,0,1,0,0,0,10450
351c34b5-30fd-4be2-bb48-fe6654668696,19,254404,-1,1,26150,1500,1,0,1,0,0.7424232959747314,0.0,5,0,1,0.6,0.0,0.0,0.0,0.0,0.0,0.0,0.0,1.0,0.0,60,24,0.23333333333333334,0.041666666666666664,3,0,1,2,0,0,0,0,0.0,0.0,2,0,0,1,0,0,0,24650
351c34b5-30fd-4be2-bb48-fe6654668696,20,270437,270265,0,26950,22200,5,3,2,6,2.5416226387023926,1.7619452476501465,3,5,0,0.6666666666666666,0.2,0.3333333333333333,0.4,0.0,0.0,0.0,0.2,0.4,0.6,124,130,0.12096774193548387,0.19230769230769232,4,0,5,5,3,5,2,0,0.0,0.0,4,0,0,0,0,0,1,4750
351c34b5-30fd-4be2-bb48-fe6654668696,21,293449,-1,1,27950,24650,2,11,6,7,2.120009660720825,1.8719185590744019,4,2,1,0.0,1.0,0.0,0.5,0.0,0.0,0.0,0.0,0.6,0.2,128,89,0.15625,0.0898876404494382,3,0,3,4,7,4,2,0,0.0,0.0,2,3,0,0,0,1,0,3300
351c34b5-30fd-4be2-bb48-fe6654668696,22,308864,-1,1,28100,7550,8,1,2,7,1.8516796827316284,3.3947737216949463,5,1,1,0.4,1.0,0.2,1.0,0.0,0.0,0.2,0.0,0.8,0.2,62,18,0.1774193548387097,0.16666666666666666,5,0,3,4,1,0,0,0,0.0,0.0,4,0,0,1,0,0,0,20550
351c34b5-30fd-4be2-bb48-fe6654668696,23,320743,315491,0,30850,10500,0,11,8,3,3.4391632080078125,2.066566228866577,4,4,0,0.25,0.75,0.5,0.0,0.0,0.25,0.5,0.25,0.6,0.6,183,120,0.08743169398907104,0.125,5,0,0,3,7,4,1,0,0.0,0.0,4,0,0,0,1,0,0,20350
351c34b5-30fd-4be2-bb48-fe6654668696,24,342781,342352,0,21250,24900,2,16,13,5,1.435327410697937,2.8180787563323975,1,5,1,0.0,0.4,0.0,0.0,0.0,0.0,0.0,0.0,0.2,0.8,50,132,0.08,0.1590909090909091,3,0,2,5,11,4,1,0,0.0,0.0,2,4,0,0,0,0,1,-3650
351c34b5-30fd-4be2-bb48-fe6654668696,25,360795,360315,0,8700,25700,2,0,1,1,1.0040836334228516,0.8677487969398499,2,5,0,1.0,0.2,0.0,0.4,0.0,0.0,0.0,0.4,0.4,0.8,38,88,0.2631578947368421,0.2159090909090909,3,0,3,4,1,5,3,0,0.0,0.0,0,5,0,0,0,0,1,-17000
351c34b5-30fd-4be2-bb48-fe6654668696,26,379573,-1,0,13000,25600,5,6,5,6,1.4306501150131226,1.2288390398025513,0,5,0,0.0,0.4,0.0,0.0,0.0,0.0,0.0,0.0,0.0,1.0,36,181,0.08333333333333333,0.08839779005524862,1,0,3,4,6,5,1,0,0.0,0.0,1,5,0,0,0,0,1,-12600
f7282b88-c653-4ce5-b4b6-8a2963548662,1,16932,12753,1,3600,4250,0,3,2,1,3.9779305458068848,1.4625650644302368,5,3,1,1.0,1.0,0.0,0.6666666666666666,0.0,0.0,0.0,0.0,0.8,0.6,37,67,0.2702702702702703,0.14925373134328357,0,0,0,0,1,1,0,0,0.0,0.0,0,0,1,0,0,0,0,-650
f7282b88-c653-4ce5-b4b6-8a2963548662,2,34852,-1,1,20600,4600,0,3,0,3,0.0,0.7097446918487549,3,2,1,0.0,0.5,0.0,0.5,0.0,0.0,0.0,0.0,0.6,0.4,58,13,0.1206896551724138,0.23076923076923078,2,0,0,4,1,3,1,0,0.0,0.0,2,0,0,0,0,1,0,16000
f7282b88-c653-4ce5-b4b6-8a2963548662,3,48352,-1,1,23250,25100,8,19,13,14,2.2563135623931885,1.9786936044692993,5,2,1,0.2,0.5,0.2,1.0,0.0,0.0,0.2,0.5,0.8,0.4,125,67,0.176,0.16417910447761194,3,0,4,4,7,5,1,0,0.0,0.0,2,3,0,1,0,0,0,-1850
f7282b88-c653-4ce5-b4b6-8a2963548662,4,62642,59448,1,26650,7600,5,2,3,4,1.1179885864257812,0.9790257811546326,5,3,0,0.0,0.3333333333333333,0.2,0.0,0.0,0.0,0.6,0.0,0.6,0.4,97,44,0.17525773195876287,0.20454545454545456,5,0,3,5,1,4,1,0,0.16666666666666666,0.0,5,2,1,0,0,0,0,19050
f7282b88-c653-4ce5-b4b6-8a2963548662,5,84373,80533,1,30200,26350,4,7,3,8,1.861594557762146,1.3207409381866455,5,4,1,0.0,0.5,0.2,0.5,0.0,0.0,0.4,0.25,0.8,0.6,60,111,0.26666666666666666,0.10810810810810811,2,0,3,5,3,5,1,0,0.0,0.0,4,3,1,0,0,0,0,3850
f7282b88-c653-4ce5-b4b6-8a2963548662,6,95753,-1,1,29350,26550,6,5,9,2,0.9368945360183716,0.4986557960510254,5,2,1,0.6,1.0,0.4,0.5,0.0,0.0,0.0,0.0,0.6,0.4,61,38,0.16393442622950818,0.13157894736842105,3,0,3,4,3,1,1,0,0.0,0.0,3,2,0,1,0,0,0,2800
f7282b88-c653-4ce5-b4b6-8a2963548662,7,110588,-1,1,29750,19800,1,12,9,4,2.0277295112609863,2.1827473640441895,5,1,0,0.6,1.0,0.2,0.0,0.2,1.0,0.0,0.0,0.8,0.2,103,40,0.1553398058252427,0.075,3,0,2,3,4,5,1,0,0.0,0.0,4,1,0,1,0,0,0,9950
f7282b88-c653-4ce5-b4b6-8a2963548662,8,117710,-1,1,30750,9850,4,0,2,2,1.0115293264389038,0.6767563819885254,5,1,1,0.0,1.0,0.2,1.0,0.0,1.0,0.0,0.0,0.8,0.2,65,39,0.23076923076923078,0.10256410256410256,3,0,1,4,0,4,1,1,0.0,0.0,4,1,0,1,0,0,0,20900
f7282b88-c653-4ce5-b4b6-8a2963548662,9,131570,-1,1,32050,25300,1,11,5,7,1.9623661041259766,2.642664670944214,5,3,1,0.2,0.6666666666666666,0.0,0.3333333333333333,0.2,0.0,0.4,0.0,0.4,0.6,97,112,0.1134020618556701,0.0625,4,0,2,4,5,3,2,0,0.0,0.0,3,2,0,1,0,0,0,6750
f7282b88-c653-4ce5-b4b6-8a2963548662,10,144992,139737,0,31450,20100,3,0,0,3,0.0,1.2569389343261719,1,3,1,0.0,0.3333333333333333,0.0,0.3333333333333333,0.0,0.0,0.0,0.0,0.4,0.8,40,60,0.15,0.2,4,0,1,3,0,5,1,0,0.0,0.0,4,1,0,0,1,0,0,11350
f7282b88-c653-4ce5-b4b6-8a2963548662,11,159738,154483,0,31350,25200,2,11,7,6,2.3090531826019287,1.9289236068725586,2,4,0,0.0,0.0,0.0,0.25,0.0,0.0,0.0,0.25,0.2,0.6,45,102,0.17777777777777778,0.16666666666666666,2,0,1,3,5,4,1,0,0.0,0.0,4,3,0,0,1,0,0,6150
f7282b88-c653-4ce5-b4b6-8a2963548662,12,173995,-1,1,27500,25300,0,7,4,3,3.508883476257324,2.5717170238494873,5,1,1,0.0,0.0,0.0,0.0,0.2,0.0,0.4,0.0,0.8,0.2,62,84,0.1774193548387097,0.047619047619047616,4,0,1,5,6,2,2,0,0.0,0.0,5,3,0,1,0,0,0,2200
f7282b88-c653-4ce5-b4b6-8a2963548662,13,193341,188085,0,30950,26050,5,11,7,9,2.728034496307373,2.2023348808288574,1,4,0,0.0,0.25,0.0,0.0,0.0,0.0,0.0,0.0,0.2,0.8,61,66,0.08196721311475409,0.12121212121212122,4,0,2,3,8,5,1,0,0.0,0.0,4,5,0,0,1,0,0,4900
f7282b88-c653-4ce5-b4b6-8a2963548662,14,213381,210761,1,21650,27650,4,16,3,17,1.5334786176681519,1.2241783142089844,4,3,0,0.0,0.6666666666666666,0.0,0.0,0.0,0.0,0.25,0.3333333333333333,0.6,0.2,101,99,0.15841584158415842,0.10101010101010101,4,0,4,5,9,5,2,0,0.2,0.0,2,3,1,0,0,0,0,-6000
f7282b88-c653-4ce5-b4b6-8a2963548662,15,227329,-1,0,28950,27150,2,5,4,3,1.6394983530044556,2.552686929702759,2,5,0,0.5,0.4,0.0,0.2,0.0,0.0,0.5,0.0,0.4,0.6,104,137,0.0673076923076923,0.12408759124087591,3,0,4,5,6,5,2,0,0.26666666666666666,0.0,3,4,0,0,0,0,1,1800
f7282b88-c653-4ce5-b4b6-8a2963548662,16,261350,-1,1,4300,4300,0,0,0,0,0.0,0.0,5,0,1,0.8,0.0,0.0,0.0,0.0,0.0,0.0,0.0,1.0,0.0,44,32,0.25,0.09375,0,0,0,0,0,1,0,0,0.0,0.0,0,0,0,1,0,0,0,0
f7282b88-c653-4ce5-b4b6-8a2963548662,17,267099,-1,1,21200,1000,0,0,0,0,0.0,0.0,5,0,1,0.2,0.0,0.0,0.0,0.0,0.0,0.2,0.0,1.0,0.0,44,16,0.29545454545454547,0.25,1,0,0,0,0,0,0,0,0.0,0.0,2,0,0,1,0,0,0,20200
f7282b88-c653-4ce5-b4b6-8a2963548662,18,283443,278188,0,24950,22600,1,8,3,6,1.4632657766342163,1.381502628326416,1,3,0,0.0,0.3333333333333333,0.0,0.0,0.0,0.0,0.0,0.3333333333333333,0.4,0.8,45,99,0.17777777777777778,0.10101010101010101,4,1,2,4,4,5,1,0,0.0,0.0,5,2,0,0,1,0,0,2350
f7282b88-c653-4ce5-b4b6-8a2963548662,19,296650,291773,1,23200,25600,3,2,3,2,0.6893596649169922,1.0129611492156982,5,2,1,0.6,1.0,0.0,0.0,0.2,0.0,0.0,0.0,0.6,0.2,67,56,0.16417910447761194,0.10714285714285714,3,0,3,5,2,3,3,0,0.0,0.0,4,4,1,0,0,0,0,-2400
f7282b88-c653-4ce5-b4b6-8a2963548662,20,307047,-1,0,26600,23800,7,7,6,8,2.1402456760406494,1.758949637413025,1,5,0,0.0,0.4,0.0,0.0,1.0,0.2,0.0,0.0,0.2,0.8,119,92,0.06722689075630252,0.15217391304347827,5,0,1,4,2,3,2,0,0.0,0.0,3,2,0,0,0,0,1,2800
f7282b88-c653-4ce5-b4b6-8a2963548662,21,324967,-1,1,17600,27350,0,6,6,0,2.9169270992279053,0.0,2,0,1,0.5,0.0,0.0,0.0,0.0,0.0,0.0,0.0,1.0,0.6,64,47,0.140625,0.02127659574468085,0,0,1,4,4,2,1,0,0.0,0.0,1,4,0,0,0,1,0,-9750
f7282b88-c653-4ce5-b4b6-8a2963548662,22,339220,-1,0,25250,26650,9,4,7,6,1.5878140926361084,2.143355369567871,0,5,0,0.0,0.8,0.0,0.0,0.0,0.4,0.0,0.0,0.0,1.0,34,105,0.0,0.06666666666666667,3,0,3,4,4,4,4,0,0.0,0.0,3,4,0,0,0,0,1,-1400
f7282b88-c653-4ce5-b4b6-8a2963548662,23,357140,-1,1,18800,26650,11,6,8,9,2.4977757930755615,2.771987199783325,3,0,1,0.3333333333333333,0.0,0.0,0.0,0.0,0.0,0.3333333333333333,0.0,1.0,0.4,88,121,0.125,0.01652892561983471,3,0,4,5,5,3,3,0,0.0,0.0,0,3,0,0,0,1,0,-7850
f7282b88-c653-4ce5-b4b6-8a2963548662,24,379074,374549,1,25500,27550,0,2,1,1,4.933735370635986,4.712106704711914,5,4,1,0.6,0.5,0.0,0.25,0.0,0.0,0.2,0.25,0.4,0.4,74,63,0.16216216216216217,0.2222222222222222,5,0,2,5,3,4,3,0,0.0,0.0,5,5,1,0,0,0,0,-2050
f7282b88-c653-4ce5-b4b6-8a2963548662,25,387380,-1,1,29300,8400,0,4,0,4,0.0,1.4986839294433594,5,1,1,0.6,1.0,0.2,1.0,0.4,0.0,0.2,0.0,0.8,0.2,42,17,0.21428571428571427,0.11764705882352941,2,0,0,4,1,3,0,0,0.0,0.0,4,0,0,1,0,0,0,20900
f7282b88-c653-4ce5-b4b6-8a2963548662,26,406476,401221,0,29550,24800,12,7,5,14,1.9844682216644287,2.1252479553222656,2,4,0,1.0,0.5,0.0,0.25,0.0,0.0,0.0,0.0,0.4,0.6,42,66,0.19047619047619047,0.13636363636363635,3,0,3,3,4,5,2,1,0.0,0.0,4,2,0,0,1,0,0,4750
f7282b88-c653-4ce5-b4b6-8a2963548662,27,420676,416838,0,26600,25100,6,10,8,8,1.4852283000946045,1.6412922143936157,1,5,1,0.0,0.4,0.0,0.0,0.0,0.0,0.0,0.2,0.2,0.8,111,97,0.05405405405405406,0.16494845360824742,5,0,4,4,5,4,3,0,0.0,0.0,3,5,0,0,0,0,1,1500
d9db156e-3fe7-4aee-9cdd-4ae877a1362b,1,6667,-1,1,4450,4250,0,1,1,0,3.894796133041382,0.0,5,1,1,1.0,1.0,0.2,0.0,0.0,0.0,0.0,0.0,0.8,0.2,36,36,0.25,0.2222222222222222,0,0,0,0,1,1,0,0,0.0,0.0,0,0,0,1,0,0,0,200
d9db156e-3fe7-4aee-9cdd-4ae877a1362b,2,19549,-1,1,20600,9300,4,0,1,3,0.6928890943527222,2.0154433250427246,5,0,1,0.6,0.0,0.0,0.0,0.2,0.0,0.4,0.0,1.0,0.0,65,13,0.2153846153846154,0.23076923076923078,2,0,3,5,0,0,0,0,0.0,0.0,1,0,0,1,0,0,0,11300
d9db156e-3fe7-4aee-9cdd-4ae877a1362b,3,30494,-1,1,23700,2500,4,0,1,3,1.3376492261886597,3.1642284393310547,5,0,1,0.6,0.0,0.0,0.0,0.0,0.0,0.4,0.0,1.0,0.0,129,31,0.09302325581395349,0.22580645161290322,4,0,1,4,0,1,3,0,0.0,0.0,3,0,0,1,0,0,0,21200
d9db156e-3fe7-4aee-9cdd-4ae877a1362b,4,43801,-1,1,27000,25700,8,10,2,16,3.9243040084838867,1.6870124340057373,5,1,1,0.4,1.0,0.2,0.0,0.4,0.0,0.0,0.0,0.8,0.2,74,37,0.16216216216216217,0.13513513513513514,5,0,5,3,5,3,0,0,0.0,0.0,4,3,0,1,0,0,0,1300
d9db156e-3fe7-4aee-9cdd-4ae877a1362b,5,64125,-1,1,30700,8700,4,3,3,4,1.5713268518447876,1.5026979446411133,5,2,0,0.6,0.5,0.2,0.0,0.0,0.0,0.6,0.0,0.6,0.4,121,34,0.11570247933884298,0.23529411764705882,5,0,2,5,3,3,0,0,0.0,0.0,4,0,0,1,0,0,0,22000
d9db156e-3fe7-4aee-9cdd-4ae877a1362b,6,85577,80330,0,31750,25900,5,9,4,10,2.680400848388672,1.7148548364639282,2,4,1,0.5,0.75,0.0,0.25,0.0,0.25,0.0,0.0,0.4,0.6,47,47,0.19148936170212766,0.2553191489361702,4,0,2,4,7,4,0,0,0.0,0.0,4,3,0,0,1,0,0,5850
d9db156e-3fe7-4aee-9cdd-4ae877a1362b,7,112017,106770,0,29500,27750,6,2,2,6,0.5823910236358643,1.5312800407409668,0,2,0,0.0,1.0,0.0,0.0,0.0,0.0,0.0,0.0,0.6,1.0,56,37,0.017857142857142856,0.05405405405405406,4,0,3,4,7,4,1,0,0.0,0.0,4,4,0,0,1,0,0,1750
d9db156e-3fe7-4aee-9cdd-4ae877a1362b,8,121288,-1,1,23450,27750,7,5,9,3,1.4740198850631714,3.346287488937378,5,1,1,0.4,0.0,0.2,0.0,0.0,0.0,0.2,1.0,0.8,0.2,71,43,0.18309859154929578,0.09302325581395349,1,0,4,5,5,3,1,0,0.0,0.0,4,3,0,1,0,0,0,-4300
d9db156e-3fe7-4aee-9cdd-4ae877a1362b,9,139776,136901,0,30100,26250,10,7,10,7,1.8450390100479126,1.7478017807006836,3,5,1,0.0,0.2,0.0,0.2,0.3333333333333333,0.2,0.3333333333333333,0.0,0.4,0.6,46,52,0.15217391304347827,0.21153846153846154,4,0,6,4,7,4,0,0,0.0,0.0,5,2,0,0,0,0,1,3850
d9db156e-3fe7-4aee-9cdd-4ae877a1362b,10,157214,151966,0,19400,26750,9,11,5,15,2.744506359100342,1.742775321006775,2,3,1,0.0,0.0,0.0,0.0,0.0,0.0,0.0,0.3333333333333333,0.4,0.6,59,41,0.11864406779661017,0.17073170731707318,4,0,4,5,9,4,0,0,0.0,0.0,3,4,0,0,1,0,0,-7350
d9db156e-3fe7-4aee-9cdd-4ae877a1362b,11,176745,171498,0,9450,27150,0,11,3,8,1.9367245435714722,1.8708560466766357,3,4,0,0.6666666666666666,0.5,0.0,0.25,0.0,0.25,0.0,0.75,0.6,0.6,29,119,0.3793103448275862,0.07563025210084033,0,0,0,2,7,5,0,0,0.0,0.0,0,5,0,0,1,0,0,-17700
d9db156e-3fe7-4aee-9cdd-4ae877a1362b,12,196326,191078,0,22300,27150,1,13,8,6,2.222403049468994,1.3298755884170532,1,4,0,0.0,0.5,0.0,0.25,0.0,0.5,0.0,0.0,0.2,0.8,57,114,0.10526315789473684,0.09649122807017543,3,0,5,5,7,5,0,0,0.0,0.0,3,3,0,0,1,0,0,-4850
d9db156e-3fe7-4aee-9cdd-4ae877a1362b,13,220368,215121,0,11000,27550,0,9,1,8,3.408390760421753,1.6080424785614014,0,4,0,0.0,0.5,0.0,0.0,0.0,0.25,0.0,0.25,0.2,1.0,20,137,0.05,0.06569343065693431,0,0,0,3,5,5,2,0,0.0,0.0,1,5,0,0,1,0,0,-16550
d9db156e-3fe7-4aee-9cdd-4ae877a1362b,14,231096,229344,0,27750,28150,11,12,8,15,1.357926845550537,1.8438000679016113,1,5,0,1.0,0.6,1.0,0.2,0.0,0.4,0.0,0.0,0.2,1.0,32,62,0.125,0.12903225806451613,1,0,4,2,7,3,0,0,0.0,0.0,3,4,0,0,0,0,1,-400
d9db156e-3fe7-4aee-9cdd-4ae877a1362b,15,251291,-1,1,21850,28550,3,10,4,9,2.0436954498291016,1.5598645210266113,5,2,1,0.0,0.0,0.0,0.5,0.2,0.0,0.2,0.0,0.6,0.4,50,47,0.22,0.1702127659574468,1,0,2,3,6,3,1,0,0.0,0.0,1,4,0,1,0,0,0,-6700
d9db156e-3fe7-4aee-9cdd-4ae877a1362b,16,261170,259352,0,4450,4250,5,4,3,6,0.6952056288719177,1.205788016319275,1,5,0,1.0,1.0,0.0,0.2,0.0,0.0,1.0,0.0,0.2,0.8,35,55,0.17142857142857143,0.2,0,0,2,0,3,2,0,0,0.0,0.0,0,0,0,0,0,0,1,200
d9db156e-3fe7-4aee-9cdd-4ae877a1362b,17,293316,288069,0,5600,18300,4,6,3,7,1.8398030996322632,1.3069640398025513,1,2,0,1.0,0.5,0.0,0.0,0.0,0.0,0.0,0.5,0.6,0.8,19,105,0.21052631578947367,0.05714285714285714,1,0,2,2,6,5,0,1,0.0,0.0,0,5,0,0,1,0,0,-12700
d9db156e-3fe7-4aee-9cdd-4ae877a1362b,18,306971,307001,0,7500,21750,4,10,5,9,1.5028096437454224,1.6283140182495117,0,5,0,0.0,0.8,0.0,0.0,0.0,0.0,0.0,0.0,0.0,1.0,27,79,0.14814814814814814,0.189873417721519,2,0,2,2,7,4,1,0,0.0,0.0,0,4,0,0,0,0,1,-14250
d9db156e-3fe7-4aee-9cdd-4ae877a1362b,19,321665,-1,0,27400,22250,4,6,5,5,1.2915351390838623,0.8785346746444702,2,5,0,0.5,0.4,0.0,0.0,0.0,0.0,0.5,0.2,0.4,0.6,54,69,0.18518518518518517,0.21739130434782608,1,0,3,3,7,5,1,0,0.0,0.0,2,3,0,0,0,0,1,5150
d9db156e-3fe7-4aee-9cdd-4ae877a1362b,20,334070,334662,0,7700,28650,1,7,2,6,2.692633628845215,1.184099793434143,3,5,0,0.3333333333333333,0.4,0.3333333333333333,0.2,0.0,0.0,0.0,0.2,0.2,0.8,47,50,0.3617021276595745,0.16,0,0,1,1,5,5,1,0,0.0,0.0,0,5,0,0,0,0,1,-20950
d9db156e-3fe7-4aee-9cdd-4ae877a1362b,21,350599,-1,1,28750,27950,13,19,10,22,2.4813191890716553,1.608628511428833,5,1,1,0.0,1.0,0.0,0.0,0.4,0.0,0.2,1.0,0.8,0.2,47,81,0.2553191489361702,0.07407407407407407,1,0,3,4,7,4,2,0,0.0,0.0,3,3,0,1,0,0,0,800
d9db156e-3fe7-4aee-9cdd-4ae877a1362b,22,371408,367891,1,25350,25400,5,13,10,8,2.329329490661621,1.5057144165039062,5,4,0,0.2,0.5,0.0,0.0,0.0,0.25,0.2,0.25,0.6,0.4,136,58,0.15441176470588236,0.15517241379310345,1,0,4,4,8,5,0,0,0.0,0.0,4,3,1,0,0,0,0,-50
d9db156e-3fe7-4aee-9cdd-4ae877a1362b,23,398391,393144,0,30550,26550,6,17,10,13,2.669065237045288,1.4284424781799316,3,4,1,1.0,0.25,0.0,0.0,0.0,0.0,0.0,0.25,0.2,0.4,119,106,0.07563025210084033,0.08490566037735849,4,0,4,5,8,5,1,0,0.0,0.0,3,4,0,0,1,0,0,4000
d9db156e-3fe7-4aee-9cdd-4ae877a1362b,24,416311,-1,1,11700,19350,2,20,16,6,1.7840110063552856,1.2912042140960693,3,0,1,0.0,0.0,0.0,0.0,0.0,0.0,0.0,0.0,1.0,0.4,37,25,0.2702702702702703,0.0,0,0,4,2,9,4,0,0,0.0,0.0,1,3,0,0,0,1,0,-7650
d9db156e-3fe7-4aee-9cdd-4ae877a1362b,25,432325,-1,1,28950,11450,8,0,4,4,1.854630708694458,3.4854533672332764,5,2,1,0.2,0.5,0.0,0.0,0.4,0.0,0.2,0.0,0.6,0.2,68,19,0.20588235294117646,0.2631578947368421,1,0,6,4,0,1,0,0,0.0,0.0,5,0,0,1,0,0,0,17500
d9db156e-3fe7-4aee-9cdd-4ae877a1362b,26,454598,-1,1,31250,21950,13,8,9,12,2.0983495712280273,1.9480730295181274,4,1,1,0.5,1.0,0.0,1.0,0.5,0.0,0.0,0.0,0.8,0.2,80,94,0.1375,0.031914893617021274,3,0,7,4,5,5,0,1,0.0,0.0,4,3,0,0,0,1,0,9300
d9db156e-3fe7-4aee-9cdd-4ae877a1362b,27,468359,-1,1,30600,2750,6,0,1,5,0.6866417527198792,3.0882890224456787,5,1,1,0.2,1.0,0.0,0.0,0.0,0.0,0.6,0.0,0.8,0.2,50,16,0.16,0.125,3,0,3,3,0,1,0,0,0.0,0.0,5,0,0,1,0,0,0,27850
d9db156e-3fe7-4aee-9cdd-4ae877a1362b,28,481113,476432,0,30750,23350,2,16,9,9,2.849447250366211,1.568934679031372,2,5,0,0.5,0.8,0.0,0.2,0.0,0.2,0.5,0.4,0.2,0.6,39,95,0.15384615384615385,0.18947368421052632,3,0,3,3,10,5,0,0,0.0,0.0,4,3,0,0,0,0,1,7400
d9db156e-3fe7-4aee-9cdd-4ae877a1362b,29,504721,501974,0,30750,27150,10,17,17,10,1.9542360305786133,2.550541400909424,3,5,0,0.3333333333333333,0.6,0.0,0.2,0.0,0.2,0.6666666666666666,0.2,0.4,0.6,103,100,0.06796116504854369,0.11,2,0,5,3,9,5,0,0,0.0,0.0,4,3,0,0,0,0,1,3600
d9db156e-3fe7-4aee-9cdd-4ae877a1362b,30,515182,-1,0,17250,26850,6,2,3,5,0.8221715092658997,2.3326451778411865,0,5,0,0.0,0.4,0.0,0.0,0.0,0.2,0.0,0.0,0.0,1.0,27,61,0.37037037037037035,0.26229508196721313,0,0,3,3,3,2,1,0,0.0,0.0,1,3,0,0,0,0,1,-9600
b9e6964c-9dc2-4d86-9a6b-be7cff8a039a,1,12756,8219,1,4400,4200,0,0,0,0,0.0,0.0,5,2,1,1.0,1.0,0.2,0.5,0.0,0.0,0.0,0.0,0.6,0.4,41,30,0.24390243902439024,0.3333333333333333,0,0,1,0,0,0,0,0,0.0,0.0,1,0,1,0,0,0,0,200
b9e6964c-9dc2-4d86-9a6b-be7cff8a039a,2,23018,-1,1,17550,2700,0,2,0,2,0.0,1.0243536233901978,5,0,1,0.4,0.0,0.0,0.0,0.0,0.0,0.2,0.0,1.0,0.0,43,7,0.23255813953488372,0.14285714285714285,2,0,0,2,1,0,3,0,0.2857142857142857,0.0,3,0,0,1,0,0,0,14850
b9e6964c-9dc2-4d86-9a6b-be7cff8a039a,3,39391,-1,1,25250,24900,7,4,6,5,1.3469866514205933,0.7260352373123169,5,3,1,0.8,0.6666666666666666,0.4,0.0,0.0,0.0,0.4,0.3333333333333333,0.6,0.6,71,120,0.23943661971830985,0.08333333333333333,3,1,4,5,5,4,2,0,0.4117647058823529,0.0,4,5,0,1,0,0,0,350
b9e6964c-9dc2-4d86-9a6b-be7cff8a039a,4,51462,-1,1,30050,5500,1,6,1,6,4.5654425621032715,2.047513246536255,5,0,1,0.6,0.0,0.0,0.0,0.2,0.0,0.0,0.0,1.0,0.0,59,33,0.1016949152542373,0.0,2,0,3,2,2,2,0,0,0.0,0.0,3,0,0,1,0,0,0,24550
b9e6964c-9dc2-4d86-9a6b-be7cff8a039a,5,74013,68763,0,31250,26550,14,13,11,16,1.792642593383789,2.0821404457092285,2,4,1,0.0,0.75,0.0,0.0,0.0,0.25,0.5,0.25,0.4,0.6,95,121,0.08421052631578947,0.05785123966942149,4,0,6,5,9,5,1,0,0.0,0.0,5,4,0,0,1,0,0,4700
b9e6964c-9dc2-4d86-9a6b-be7cff8a039a,6,89917,-1,1,29700,21350,3,7,4,6,3.0171022415161133,1.5908913612365723,4,1,1,0.0,1.0,0.0,0.0,0.0,0.0,0.25,0.0,0.8,0.2,98,39,0.09183673469387756,0.10256410256410256,2,0,2,5,5,3,1,0,0.0,0.0,3,4,0,1,0,0,0,8350
b9e6964c-9dc2-4d86-9a6b-be7cff8a039a,7,139938,-1,1,29350,23650,5,11,7,9,1.0134484767913818,1.3765672445297241,3,1,1,0.0,1.0,0.3333333333333333,1.0,0.0,0.0,0.3333333333333333,0.0,0.8,0.4,47,110,0.19148936170212766,0.05454545454545454,3,0,4,5,5,4,0,0,0.4375,0.0,4,2,0,0,0,1,0,5700
b9e6964c-9dc2-4d86-9a6b-be7cff8a039a,8,152930,-1,1,29950,14600,8,7,8,7,1.4170516729354858,1.9555962085723877,5,1,0,0.4,0.0,0.0,0.0,0.0,1.0,0.4,0.0,0.8,0.2,67,27,0.14925373134328357,0.1111111111111111,3,0,4,5,2,1,0,0,0.0,0.0,2,1,0,1,0,0,0,15350
b9e6964c-9dc2-4d86-9a6b-be7cff8a039a,9,169938,-1,1,30850,22050,7,8,8,7,2.555771827697754,2.4373397827148438,5,1,1,0.4,1.0,0.2,0.0,0.0,0.0,0.2,0.0,0.8,0.2,127,36,0.05511811023622047,0.05555555555555555,4,0,6,5,6,5,2,0,0.0,0.0,5,5,0,1,0,0,0,8800
b9e6964c-9dc2-4d86-9a6b-be7cff8a039a,10,191142,186362,1,31350,10300,5,6,5,6,2.342390775680542,1.757960319519043,5,2,1,0.6,0.5,0.2,0.5,0.4,0.0,0.4,0.0,0.8,0.4,85,39,0.2,0.2564102564102564,5,0,4,3,3,5,1,0,0.47058823529411764,0.0,5,1,1,0,0,0,0,21050
b9e6964c-9dc2-4d86-9a6b-be7cff8a039a,11,208445,204577,1,31450,27050,3,8,5,6,2.705995559692383,1.3556398153305054,5,2,0,0.2,1.0,0.0,0.0,0.2,0.5,0.0,0.5,0.6,0.4,53,45,0.20754716981132076,0.1111111111111111,5,0,2,5,4,3,1,0,0.35294117647058826,0.0,5,4,1,0,0,0,0,4400
b9e6964c-9dc2-4d86-9a6b-be7cff8a039a,12,222440,-1,1,31350,25650,2,6,4,4,2.0734312534332275,1.7878199815750122,5,3,0,0.6,0.0,0.2,0.0,0.0,0.0,0.0,0.3333333333333333,0.6,0.4,65,144,0.15384615384615385,0.0763888888888889,1,0,2,5,4,1,1,0,0.0,0.0,3,3,0,1,0,0,0,5700
b9e6964c-9dc2-4d86-9a6b-be7cff8a039a,13,237434,-1,1,31750,9850,2,8,5,5,2.230015277862549,1.1446502208709717,5,1,1,0.2,0.0,0.2,1.0,0.0,0.0,0.0,1.0,0.8,0.2,46,18,0.2391304347826087,0.2777777777777778,3,0,2,2,4,1,0,0,0.0,0.0,2,0,0,1,0,0,0,21900
b9e6964c-9dc2-4d86-9a6b-be7cff8a039a,14,255354,-1,1,31850,24900,8,8,10,6,0.9025379419326782,2.151932954788208,4,2,1,0.5,0.0,0.25,0.0,0.0,0.0,0.25,0.5,0.6,0.4,66,76,0.15151515151515152,0.09210526315789473,1,0,5,5,7,3,0,0,0.375,0.0,5,3,0,0,0,1,0,6950
b9e6964c-9dc2-4d86-9a6b-be7cff8a039a,15,269664,-1,1,31750,22750,3,12,7,8,2.917039155960083,0.6606815457344055,5,3,1,0.0,1.0,0.0,0.3333333333333333,0.0,0.0,0.2,0.0,0.8,0.2,71,49,0.16901408450704225,0.10204081632653061,4,0,4,3,5,3,0,0,0.5,0.0,3,2,0,1,0,0,0,9000
b9e6964c-9dc2-4d86-9a6b-be7cff8a039a,16,305819,-1,1,3650,4400,9,0,3,6,2.4096314907073975,3.4938242435455322,5,3,1,1.0,1.0,0.4,0.0,0.2,0.0,0.2,0.0,0.4,0.4,57,56,0.17543859649122806,0.16071428571428573,0,0,2,1,0,1,0,1,0.0,0.0,0,1,0,1,0,0,0,-750
b9e6964c-9dc2-4d86-9a6b-be7cff8a039a,17,320577,-1,1,19750,1500,5,1,5,1,0.832314670085907,0.4702001214027405,5,0,1,0.0,0.0,0.0,0.0,0.0,0.0,0.2,0.0,1.0,0.0,100,16,0.18,0.1875,0,1,2,2,1,0,0,0,0.0,0.0,3,0,0,1,0,0,0,18250
b9e6964c-9dc2-4d86-9a6b-be7cff8a039a,18,339351,334387,1,28150,22200,12,5,9,8,1.0755130052566528,2.4799036979675293,5,4,1,0.4,0.25,0.0,0.25,0.2,0.0,0.0,0.5,0.6,0.8,134,91,0.09701492537313433,0.2087912087912088,4,0,5,5,2,4,1,0,0.0,0.0,4,2,1,0,0,0,0,5950
b9e6964c-9dc2-4d86-9a6b-be7cff8a039a,19,357271,-1,1,29300,21000,10,7,8,9,2.6252095699310303,3.1124513149261475,4,0,1,0.25,0.0,0.0,0.0,0.25,0.0,0.25,0.0,1.0,0.2,88,64,0.13636363636363635,0.09375,5,0,3,5,4,5,0,0,0.0,0.0,5,2,0,0,0,1,0,8300
b9e6964c-9dc2-4d86-9a6b-be7cff8a039a,20,379647,-1,1,29750,10200,6,3,8,1,2.0604705810546875,0.9276590347290039,5,2,1,0.0,1.0,0.2,0.0,0.0,0.5,0.2,0.5,0.6,0.2,131,64,0.17557251908396945,0.15625,5,0,5,5,1,2,0,0,0.0,0.6666666666666666,4,0,0,1,0,0,0,19550
b9e6964c-9dc2-4d86-9a6b-be7cff8a039a,21,396774,-1,1,30850,24800,13,4,5,12,2.40525221824646,2.80407977104187,5,4,0,0.4,0.75,0.2,0.25,0.0,0.25,0.2,0.0,0.8,0.6,130,74,0.08461538461538462,0.10810810810810811,5,0,6,5,4,5,2,0,0.0,0.26666666666666666,5,4,0,1,0,0,0,6050
b9e6964c-9dc2-4d86-9a6b-be7cff8a039a,22,411332,-1,1,29500,8400,4,8,12,0,1.325637936592102,0.0,5,0,1,0.4,0.0,0.0,0.0,0.0,0.0,0.2,0.0,1.0,0.0,72,25,0.20833333333333334,0.0,2,0,3,1,3,2,1,0,0.0,0.0,4,3,0,1,0,0,0,21100
b9e6964c-9dc2-4d86-9a6b-be7cff8a039a,23,429252,-1,1,32450,26300,4,3,4,3,0.8320852518081665,0.7936251163482666,2,0,1,1.0,0.0,0.0,0.0,0.5,0.0,0.0,0.0,1.0,0.6,83,48,0.0963855421686747,0.041666666666666664,4,0,4,5,3,1,2,0,0.0,0.4,4,4,0,0,0,1,0,6150
b9e6964c-9dc2-4d86-9a6b-be7cff8a039a,24,443123,-1,1,32250,23400,19,15,19,15,2.134467363357544,2.343092679977417,5,1,1,0.4,0.0,0.2,0.0,0.6,0.0,0.0,0.0,0.8,0.2,132,43,0.11363636363636363,0.046511627906976744,4,0,8,5,6,4,0,0,0.0,0.3076923076923077,5,3,0,1,0,0,0,8850
b9e6964c-9dc2-4d86-9a6b-be7cff8a039a,25,458799,-1,1,30350,1300,10,0,1,9,1.004953145980835,2.8280797004699707,5,2,1,0.4,1.0,0.2,0.5,0.2,0.0,0.0,0.0,0.6,0.4,40,12,0.3,0.5,0,0,4,1,0,0,0,0,0.0,0.0,4,0,0,1,0,0,0,29050
b9e6964c-9dc2-4d86-9a6b-be7cff8a039a,26,472053,469355,0,31100,26000,0,4,3,1,2.192518472671509,0.7354868650436401,1,5,0,1.0,0.4,1.0,0.2,0.0,0.0,0.0,0.0,0.2,1.0,64,36,0.046875,0.3333333333333333,3,0,1,2,2,3,1,0,0.0,0.6666666666666666,3,3,0,0,0,0,1,5100
b9e6964c-9dc2-4d86-9a6b-be7cff8a039a,27,489389,486232,0,31650,25050,9,8,9,8,1.6338316202163696,1.8580412864685059,1,5,0,0.0,0.6,0.0,0.0,0.0,0.2,0.0,0.2,0.2,0.8,41,50,0.12195121951219512,0.16,3,0,7,4,6,4,2,0,0.0,0.3125,4,4,0,0,0,0,1,6600
489338c2-71c4-4d7b-90f2-cb124986bd4b,1,48166,43407,0,4150,4050,0,14,8,6,2.746521472930908,2.5956008434295654,4,5,1,0.75,0.8,0.0,0.2,0.5,0.0,0.0,0.0,0.6,0.4,47,63,0.2978723404255319,0.15873015873015872,1,0,0,2,5,2,0,0,0.0,0.0,0,0,0,0,0,0,1,100
489338c2-71c4-4d7b-90f2-cb124986bd4b,2,56436,56661,0,1000,16500,0,0,0,0,0.0,0.0,1,5,0,0.0,0.8,0.0,0.2,0.0,0.0,0.0,0.2,0.2,0.8,30,83,0.2,0.1566265060240964,0,0,0,0,0,2,1,0,0.0,0.0,0,1,0,0,0,0,1,-15500
489338c2-71c4-4d7b-90f2-cb124986bd4b,3,63540,62436,0,23900,21700,3,10,8,5,2.0562305450439453,0.8961851000785828,2,5,0,0.5,0.6,0.0,0.2,0.5,0.4,0.0,0.4,0.4,0.6,72,64,0.1111111111111111,0.203125,0,0,2,4,4,3,0,0,0.0,0.0,1,2,0,0,0,0,1,2200
489338c2-71c4-4d7b-90f2-cb124986bd4b,4,72761,71686,0,4300,23750,0,12,8,4,1.937624216079712,0.8805400729179382,1,5,0,1.0,0.8,0.0,0.0,0.0,0.2,0.0,0.2,0.2,0.8,12,76,0.25,0.17105263157894737,0,0,0,0,5,3,1,0,0.0,0.0,0,1,0,0,0,0,1,-19450
489338c2-71c4-4d7b-90f2-cb124986bd4b,5,85184,80833,1,28300,23750,8,13,7,14,2.768078088760376,1.1354589462280273,5,4,0,0.2,0.5,0.0,0.5,0.2,0.25,0.2,0.25,0.6,0.6,82,66,0.14634146341463414,0.25757575757575757,3,0,6,3,9,2,0,0,0.0,0.0,3,3,1,0,0,0,0,4550
489338c2-71c4-4d7b-90f2-cb124986bd4b,6,98974,-1,1,25450,27050,4,4,4,4,2.7235777378082275,1.622206687927246,5,1,1,0.6,0.0,0.0,1.0,0.0,0.0,0.2,0.0,0.8,0.2,59,41,0.2033898305084746,0.12195121951219512,2,0,2,4,5,5,0,0,0.0,0.0,3,2,0,1,0,0,0,-1600
489338c2-71c4-4d7b-90f2-cb124986bd4b,7,108192,107823,0,30100,27050,4,11,8,7,2.0994791984558105,1.1871429681777954,1,5,0,0.0,0.4,0.0,0.2,0.0,0.0,1.0,0.2,0.2,0.8,57,48,0.07017543859649122,0.1875,4,0,1,2,6,3,0,0,0.0,0.0,4,3,0,0,0,0,1,3050
489338c2-71c4-4d7b-90f2-cb124986bd4b,8,118931,-1,1,16000,27050,7,5,3,9,1.6610468626022339,1.80046546459198,5,1,0,0.2,1.0,0.0,0.0,0.2,0.0,0.4,0.0,0.8,0.2,97,67,0.16494845360824742,0.05970149253731343,1,0,4,4,3,5,0,0,0.0,0.0,0,3,0,1,0,0,0,-11050
489338c2-71c4-4d7b-90f2-cb124986bd4b,9,137008,132935,1,30100,21800,4,6,5,5,2.4477219581604004,1.225131630897522,5,4,0,0.6,0.25,0.2,0.5,0.0,0.25,0.2,0.25,0.6,0.6,65,48,0.24615384615384617,0.2916666666666667,1,0,1,4,3,2,0,0,0.0,0.0,2,2,1,0,0,0,0,8300
489338c2-71c4-4d7b-90f2-cb124986bd4b,10,158710,155796,1,30150,13400,19,4,13,10,1.4555389881134033,2.462231159210205,4,3,1,1.0,1.0,0.25,0.3333333333333333,0.0,0.0,0.0,0.3333333333333333,0.8,0.6,68,48,0.19117647058823528,0.14583333333333334,2,0,4,3,2,3,0,0,0.0,0.0,4,2,1,0,0,0,0,16750
489338c2-71c4-4d7b-90f2-cb124986bd4b,11,166983,-1,1,29250,8500,3,8,6,5,2.60915207862854,1.5988569259643555,5,0,1,0.2,0.0,0.0,0.0,0.0,0.0,0.0,0.0,1.0,0.0,58,17,0.2413793103448276,0.11764705882352941,3,0,2,1,4,4,0,0,0.0,0.0,2,0,0,1,0,0,0,20750
489338c2-71c4-4d7b-90f2-cb124986bd4b,12,188073,182823,0,32350,24300,6,3,6,3,2.513439893722534,0.8552944660186768,3,4,0,0.3333333333333333,1.0,0.0,0.0,0.0,0.0,0.3333333333333333,0.0,0.4,0.6,93,67,0.13978494623655913,0.1044776119402985,1,0,5,4,5,3,1,0,0.0,0.0,4,4,0,0,1,0,0,8050
489338c2-71c4-4d7b-90f2-cb124986bd4b,13,201427,200882,0,27200,24950,7,9,8,8,2.2603635787963867,2.974684715270996,4,5,1,0.0,0.2,0.0,0.2,0.25,0.0,0.25,0.0,0.6,0.2,90,34,0.2,0.17647058823529413,2,0,5,4,4,4,0,0,0.0,0.0,2,2,0,0,0,0,1,2250
489338c2-71c4-4d7b-90f2-cb124986bd4b,14,211820,211237,0,1800,22900,0,5,2,3,3.096034526824951,0.6818256378173828,2,5,0,0.0,0.4,0.0,0.2,0.0,0.2,1.0,0.4,0.4,0.8,52,98,0.19230769230769232,0.14285714285714285,0,0,0,0,3,3,1,0,0.0,0.0,0,2,0,0,0,0,1,-21100
489338c2-71c4-4d7b-90f2-cb124986bd4b,15,219251,-1,1,25600,25350,4,18,16,6,2.202745199203491,1.8665004968643188,5,0,1,0.2,0.0,0.0,0.0,0.2,0.0,0.2,0.0,1.0,0.0,149,25,0.12080536912751678,0.04,1,0,2,3,9,4,0,0,0.0,0.0,3,0,0,1,0,0,0,250
489338c2-71c4-4d7b-90f2-cb124986bd4b,16,260317,259889,0,4250,4450,0,2,2,0,3.416085720062256,0.0,2,5,1,1.0,0.4,0.0,0.0,0.0,0.0,0.0,0.0,0.4,0.6,42,81,0.16666666666666666,0.18518518518518517,0,0,0,0,2,2,1,0,0.0,0.0,0,0,0,0,0,0,1,-200
489338c2-71c4-4d7b-90f2-cb124986bd4b,17,271635,268762,0,10100,18450,9,16,17,8,2.0601325035095215,2.703098773956299,2,5,1,1.0,0.4,0.0,0.2,0.0,0.2,0.0,0.4,0.4,0.6,52,177,0.09615384615384616,0.096045197740113,3,0,3,4,8,5,2,0,0.4,0.0,0,5,0,0,0,0,1,-8350
489338c2-71c4-4d7b-90f2-cb124986bd4b,18,285614,282916,0,2600,22550,0,8,1,7,5.134013652801514,1.6677948236465454,2,5,1,1.0,0.6,0.0,0.2,0.0,0.0,0.5,0.0,0.4,0.6,11,115,0.2727272727272727,0.10434782608695652,1,0,0,0,5,4,3,0,0.0,0.0,0,3,0,0,0,0,1,-19950
489338c2-71c4-4d7b-90f2-cb124986bd4b,19,294380,-1,1,27000,25000,3,13,10,6,2.50481915473938,1.6297260522842407,5,0,1,0.4,0.0,0.0,0.0,0.4,0.0,0.4,0.0,1.0,0.0,111,20,0.08108108108108109,0.0,3,0,1,2,6,4,0,0,0.0,0.0,1,0,0,1,0,0,0,2000
489338c2-71c4-4d7b-90f2-cb124986bd4b,20,312540,307290,0,28800,17750,10,6,10,6,1.945324182510376,0.9124407768249512,3,4,1,0.6666666666666666,0.75,0.0,0.25,0.3333333333333333,0.0,0.3333333333333333,0.25,0.6,0.4,93,76,0.08602150537634409,0.14473684210526316,4,0,5,2,4,3,0,0,0.0,0.0,4,2,0,0,1,0,0,11050
489338c2-71c4-4d7b-90f2-cb124986bd4b,21,325217,-1,1,29600,19950,4,7,5,6,2.372612714767456,3.062161445617676,5,0,1,0.4,0.0,0.0,0.0,0.2,0.0,0.0,0.0,1.0,0.0,32,55,0.1875,0.03636363636363636,3,0,3,4,8,4,1,0,0.0,0.0,4,2,0,1,0,0,0,9650
489338c2-71c4-4d7b-90f2-cb124986bd4b,22,342059,-1,1,30350,1000,0,0,0,0,0.0,0.0,5,1,1,0.4,0.0,0.0,1.0,0.0,0.0,0.0,1.0,0.8,0.2,44,22,0.22727272727272727,0.4090909090909091,5,0,1,5,0,0,0,0,0.25,0.0,5,0,0,1,0,0,0,29350
489338c2-71c4-4d7b-90f2-cb124986bd4b,23,355663,350412,0,31050,21800,12,17,14,15,2.643430471420288,2.1473653316497803,4,4,0,0.5,0.75,0.0,0.25,0.0,0.5,0.0,0.25,0.6,0.6,43,74,0.11627906976744186,0.13513513513513514,4,0,4,2,10,5,0,0,0.0,0.0,5,2,0,0,1,0,0,9250
489338c2-71c4-4d7b-90f2-cb124986bd4b,24,373796,370800,1,28600,24750,2,16,12,6,1.8211137056350708,2.1274631023406982,5,4,1,0.4,0.5,0.2,0.5,0.0,0.0,0.4,0.25,0.8,0.6,56,48,0.25,0.16666666666666666,4,0,2,4,6,3,0,0,0.0,0.0,3,2,1,0,0,0,0,3850
489338c2-71c4-4d7b-90f2-cb124986bd4b,25,397892,392642,0,23350,13900,2,4,4,2,3.5736594200134277,0.9662938714027405,2,1,1,1.0,0.0,0.0,0.0,0.0,0.0,0.0,1.0,0.8,0.6,45,69,0.08888888888888889,0.11594202898550725,1,0,1,3,4,4,1,0,0.0,0.0,4,1,0,0,1,0,0,9450
489338c2-71c4-4d7b-90f2-cb124986bd4b,26,414284,-1,0,29750,18500,9,9,8,10,2.0791966915130615,2.5483717918395996,2,5,0,0.5,0.6,0.5,0.2,0.0,0.0,1.0,0.4,0.2,0.8,72,175,0.18055555555555555,0.10285714285714286,2,0,3,4,9,3,1,0,0.09090909090909091,0.0,2,5,0,0,0,0,1,11250
489338c2-71c4-4d7b-90f2-cb124986bd4b,27,426870,-1,0,1000,28150,0,6,0,6,0.0,1.6995619535446167,1,5,0,0.0,0.2,0.0,0.2,0.0,0.0,0.0,0.2,0.2,0.8,26,81,0.19230769230769232,0.19753086419753085,0,0,0,0,6,2,0,0,0.0,0.0,0,3,0,0,0,0,1,-27150
489338c2-71c4-4d7b-90f2-cb124986bd4b,28,444980,444251,0,24600,27550,4,21,11,14,2.852290391921997,1.4168184995651245,3,5,0,0.0,0.2,0.0,0.0,0.0,0.4,0.0,0.4,0.4,0.4,69,92,0.17391304347826086,0.14130434782608695,1,0,2,2,9,4,2,0,0.14285714285714285,0.0,2,4,0,0,0,0,1,-2950
d02d1507-5e53-4284-b69e-60a6f1255033,1,15200,12154,0,4300,4700,0,3,0,3,0.0,1.0445109605789185,3,5,0,0.6666666666666666,0.8,0.6666666666666666,0.0,0.0,0.0,0.3333333333333333,0.0,0.4,0.6,65,39,0.18461538461538463,0.3333333333333333,0,0,0,1,1,1,0,0,0.0,0.0,0,0,0,0,0,0,1,-400
d02d1507-5e53-4284-b69e-60a6f1255033,2,36722,31466,0,11000,19750,12,5,11,6,1.6474404335021973,1.250981092453003,1,1,0,0.0,1.0,0.0,0.0,0.0,0.0,0.0,0.0,0.8,0.8,37,128,0.05405405405405406,0.0546875,1,0,5,4,4,4,1,0,0.0,0.0,1,4,0,0,1,0,0,-8750
d02d1507-5e53-4284-b69e-60a6f1255033,3,55878,52231,0,9450,20400,7,4,2,9,2.265874147415161,3.0806753635406494,1,5,0,0.0,0.2,0.0,0.0,0.0,0.0,0.0,0.2,0.2,0.8,84,164,0.16666666666666666,0.13414634146341464,0,0,2,2,6,5,1,0,0.0,0.0,0,5,0,0,0,0,1,-10950
d02d1507-5e53-4284-b69e-60a6f1255033,4,74975,72459,1,27100,22950,3,9,7,5,1.936472773551941,2.4323248863220215,5,4,1,0.0,0.25,0.2,0.5,0.2,0.0,0.6,0.0,1.0,0.4,134,83,0.13432835820895522,0.1927710843373494,3,0,4,3,6,3,1,0,0.0,0.0,4,3,1,0,0,0,0,4150
d02d1507-5e53-4284-b69e-60a6f1255033,5,86203,80948,0,24450,18650,15,15,13,17,2.1472132205963135,2.713078260421753,0,3,0,0.0,0.6666666666666666,0.0,0.0,0.0,0.0,0.0,0.0,0.4,1.0,181,206,0.04419889502762431,0.06796116504854369,4,0,4,3,7,5,0,0,0.0,0.0,4,3,0,0,1,0,0,5800
d02d1507-5e53-4284-b69e-60a6f1255033,6,103290,101508,0,12050,22800,2,11,7,6,1.8309725522994995,1.5831860303878784,1,5,0,0.0,0.6,0.0,0.2,0.0,0.0,0.0,0.0,0.2,0.8,23,62,0.13043478260869565,0.1774193548387097,0,0,2,3,5,3,1,0,0.0,0.0,0,3,0,0,0,0,1,-10750
d02d1507-5e53-4284-b69e-60a6f1255033,7,113442,-1,1,27000,27350,5,13,7,11,2.320409059524536,2.2975804805755615,5,2,1,0.0,1.0,0.0,1.0,0.4,0.0,0.2,0.5,0.8,0.4,163,31,0.10429447852760736,0.0967741935483871,2,0,5,2,6,4,0,0,0.0,0.0,4,3,0,1,0,0,0,-350
d02d1507-5e53-4284-b69e-60a6f1255033,8,135386,130132,0,27950,27250,9,18,11,16,2.7065634727478027,1.5710283517837524,1,4,0,0.0,0.5,0.0,0.0,0.0,0.25,0.0,0.0,0.2,0.8,101,130,0.0297029702970297,0.06153846153846154,5,0,4,5,7,5,2,0,0.0,0.0,6,4,0,0,1,0,0,700
d02d1507-5e53-4284-b69e-60a6f1255033,9,160342,155877,1,22750,27450,7,10,8,9,1.9149389266967773,1.3306618928909302,5,3,1,0.8,0.6666666666666666,0.2,0.3333333333333333,0.2,0.0,0.2,0.3333333333333333,0.4,0.4,133,77,0.06766917293233082,0.15584415584415584,3,0,3,3,6,4,2,0,0.0,0.0,5,4,1,0,0,0,0,-4700
d02d1507-5e53-4284-b69e-60a6f1255033,10,172857,169949,1,28850,25100,7,19,11,15,2.400921583175659,2.2304394245147705,5,3,1,0.0,0.6666666666666666,0.2,0.6666666666666666,0.0,0.0,0.4,0.0,0.8,0.4,139,88,0.1366906474820144,0.07954545454545454,1,0,5,1,7,5,1,0,0.0,0.0,5,5,1,0,0,0,0,3750
d02d1507-5e53-4284-b69e-60a6f1255033,11,190777,-1,1,28900,24950,3,12,6,9,2.787360429763794,1.5531249046325684,2,1,0,0.0,0.0,0.0,0.0,0.0,1.0,0.0,0.0,0.8,0.6,100,42,0.05,0.19047619047619047,4,0,3,4,6,5,1,0,0.0,0.0,5,3,0,0,0,1,0,3950
d02d1507-5e53-4284-b69e-60a6f1255033,12,207504,-1,1,30500,20900,7,10,8,9,2.326923370361328,2.2867164611816406,5,3,1,0.0,0.0,0.2,0.6666666666666666,0.4,0.3333333333333333,0.0,0.3333333333333333,0.8,0.6,135,48,0.11851851851851852,0.20833333333333334,5,0,5,4,5,4,0,0,0.0,0.0,5,2,0,1,0,0,0,9600
d02d1507-5e53-4284-b69e-60a6f1255033,13,232189,227805,0,30750,8050,9,9,5,13,2.7111918926239014,2.871424436569214,4,5,1,0.25,0.6,0.0,0.6,0.5,0.2,0.5,0.0,0.8,0.6,76,85,0.19736842105263158,0.17647058823529413,3,0,5,3,2,3,0,0,0.0,0.0,4,0,0,0,0,0,1,22700
d02d1507-5e53-4284-b69e-60a6f1255033,14,249328,245776,0,15050,25600,5,13,6,12,2.9844160079956055,1.818891167640686,4,5,1,0.5,0.2,0.0,0.2,0.0,0.0,0.0,0.0,0.6,0.4,50,135,0.22,0.1111111111111111,2,0,5,2,7,6,1,0,0.0,0.0,1,5,0,0,0,0,1,-10550
d02d1507-5e53-4284-b69e-60a6f1255033,15,257631,-1,1,10700,26550,1,4,2,3,2.7270216941833496,1.1180559396743774,5,2,0,0.8,0.5,0.4,0.5,0.0,0.0,0.4,0.0,0.6,0.4,65,43,0.15384615384615385,0.11627906976744186,3,0,1,3,2,2,0,0,0.0,0.0,2,1,0,1,0,0,0,-15850
d02d1507-5e53-4284-b69e-60a6f1255033,16,298647,-1,0,4000,4700,6,0,2,4,0.8080092668533325,2.7731966972351074,3,5,0,1.0,0.6,0.0,0.4,0.0,0.2,0.0,0.0,0.4,0.6,32,63,0.25,0.20634920634920634,0,0,2,0,0,1,0,0,0.0,0.0,0,1,0,0,0,0,1,-700
d02d1507-5e53-4284-b69e-60a6f1255033,17,315633,-1,0,9700,19250,5,19,7,17,1.8573262691497803,1.7412824630737305,4,5,0,0.75,0.0,0.0,0.2,0.0,0.2,0.0,0.4,0.4,0.4,50,196,0.18,0.1326530612244898,2,0,3,4,5,4,2,0,0.0,0.0,1,4,0,0,0,0,1,-9550
d02d1507-5e53-4284-b69e-60a6f1255033,18,331155,325901,0,1900,19500,2,5,1,6,2.748166561126709,2.6658201217651367,2,4,0,1.0,0.25,0.0,0.25,0.5,0.25,0.0,0.25,0.4,0.6,32,120,0.3125,0.11666666666666667,0,0,1,0,5,3,1,0,0.0,0.0,0,4,0,0,1,0,0,-17600
d02d1507-5e53-4284-b69e-60a6f1255033,19,338582,-1,1,29250,21300,9,25,12,22,1.8852118253707886,1.6952229738235474,5,2,0,0.2,0.0,0.4,0.5,0.0,0.0,0.4,0.5,0.6,0.4,93,67,0.1827956989247312,0.11940298507462686,4,0,3,3,6,4,0,0,0.0,0.0,5,4,0,1,0,0,0,7950
d02d1507-5e53-4284-b69e-60a6f1255033,20,353918,-1,1,29150,20750,3,8,7,4,2.1777422428131104,0.9175946116447449,5,2,1,0.4,0.0,0.2,0.5,0.2,0.0,0.2,0.5,0.8,0.4,116,31,0.11206896551724138,0.1935483870967742,4,0,4,3,3,3,1,0,0.0,0.0,4,2,0,1,0,0,0,8400
d02d1507-5e53-4284-b69e-60a6f1255033,21,367208,-1,1,32300,10050,3,9,3,9,3.0719051361083984,1.6027668714523315,5,2,1,0.2,0.0,0.2,0.5,0.2,0.5,0.2,0.5,0.8,0.4,79,49,0.0759493670886076,0.20408163265306123,3,0,2,2,4,4,0,0,0.0,0.0,5,1,0,1,0,0,0,22250
d02d1507-5e53-4284-b69e-60a6f1255033,22,375081,-1,1,28250,1800,0,18,3,15,3.3159191608428955,1.6210004091262817,5,1,1,0.2,1.0,0.0,1.0,0.0,1.0,0.0,0.0,0.8,0.2,54,26,0.18518518518518517,0.07692307692307693,3,0,2,2,3,1,0,0,0.0,0.0,5,0,0,1,0,0,0,26450
d02d1507-5e53-4284-b69e-60a6f1255033,23,390731,-1,1,32700,25200,2,7,4,5,2.1934471130371094,2.1567788124084473,5,2,1,0.6,1.0,0.0,0.5,0.0,0.0,0.4,0.0,0.6,0.2,156,57,0.07051282051282051,0.07017543859649122,4,0,2,4,5,3,2,0,0.0,0.0,5,2,0,1,0,0,0,7500
d02d1507-5e53-4284-b69e-60a6f1255033,24,409879,404624,0,30950,11250,3,7,5,5,2.306495189666748,0.8982634544372559,3,4,1,0.0,0.75,0.3333333333333333,0.25,0.0,0.25,0.3333333333333333,0.0,0.6,0.6,140,72,0.09285714285714286,0.1527777777777778,4,0,2,3,4,5,1,0,0.0,0.0,4,3,0,0,1,0,0,19700
d02d1507-5e53-4284-b69e-60a6f1255033,25,424802,-1,1,29350,27350,5,7,2,10,2.2124247550964355,1.9701505899429321,5,1,1,0.4,0.0,0.2,1.0,0.0,0.0,0.2,0.0,0.8,0.2,125,47,0.136,0.0425531914893617,4,0,3,4,6,2,0,0,0.0,0.0,5,5,0,1,0,0,0,2000
d02d1507-5e53-4284-b69e-60a6f1255033,26,441385,436132,0,30950,22000,3,6,0,9,0.0,2.2919740676879883,1,3,0,0.0,0.6666666666666666,0.0,0.0,0.0,0.0,1.0,0.3333333333333333,0.4,0.8,72,50,0.06944444444444445,0.16,3,0,1,2,5,5,1,0,0.0,0.0,5,1,0,0,1,0,0,8950
d02d1507-5e53-4284-b69e-60a6f1255033,27,453359,-1,1,28050,25100,3,12,8,7,1.860572099685669,1.487227201461792,5,1,1,0.2,0.0,0.2,0.0,0.2,0.0,0.2,0.0,0.8,0.2,93,61,0.12903225806451613,0.08196721311475409,3,0,2,4,7,5,0,0,0.0,0.0,4,3,0,1,0,0,0,2950
d02d1507-5e53-4284-b69e-60a6f1255033,28,476871,475640,1,29900,11350,6,13,7,12,2.171973466873169,1.5612773895263672,5,4,1,0.2,1.0,0.0,0.0,0.0,0.0,0.2,0.0,0.6,0.4,158,68,0.0759493670886076,0.19117647058823528,3,0,3,5,6,4,0,0,0.0,0.0,5,2,1,0,0,0,0,18550
e2f49be0-bb4f-4968-b96b-a608a18bb7ba,1,31765,-1,1,4400,4350,0,0,0,0,0.0,0.0,5,2,0,1.0,1.0,0.2,0.5,0.0,0.0,0.0,0.0,0.6,0.4,34,48,0.29411764705882354,0.16666666666666666,0,0,0,0,0,1,0,0,0.0,0.0,0,1,0,1,0,0,0,50
e2f49be0-bb4f-4968-b96b-a608a18bb7ba,2,38202,-1,1,19400,1000,3,0,1,2,1.9656200408935547,2.3257930278778076,5,1,1,0.2,1.0,0.0,1.0,0.2,0.0,0.2,0.0,0.8,0.2,106,29,0.16037735849056603,0.3103448275862069,2,1,1,1,0,0,0,0,0.0,0.0,0,0,0,1,0,0,0,18400
e2f49be0-bb4f-4968-b96b-a608a18bb7ba,3,53054,-1,0,25250,23450,10,15,14,11,2.1001453399658203,1.519257664680481,4,5,0,0.25,0.6,0.25,0.4,0.25,0.2,0.0,0.2,0.6,0.6,121,147,0.1487603305785124,0.10204081632653061,4,0,5,4,7,6,0,1,0.0,0.0,4,2,0,0,0,0,1,1800
e2f49be0-bb4f-4968-b96b-a608a18bb7ba,4,69340,64093,0,18150,21850,11,23,13,21,2.1673645973205566,1.6434382200241089,1,3,0,0.0,0.0,1.0,0.3333333333333333,1.0,0.3333333333333333,0.0,0.3333333333333333,0.4,0.8,36,132,0.16666666666666666,0.11363636363636363,1,0,5,3,7,4,1,1,0.0,0.0,0,3,0,0,1,0,0,-3700
e2f49be0-bb4f-4968-b96b-a608a18bb7ba,5,83983,78734,0,5100,24300,2,2,2,2,3.2379961013793945,1.0127545595169067,0,4,0,0.0,0.25,0.0,0.0,0.0,0.25,0.0,0.0,0.2,1.0,13,74,0.3076923076923077,0.20270270270270271,0,0,1,2,2,3,1,0,0.0,0.0,0,3,0,0,1,0,0,-19200
e2f49be0-bb4f-4968-b96b-a608a18bb7ba,6,95455,-1,1,22250,24200,7,13,6,14,3.00658917427063,2.689361333847046,5,4,0,0.4,0.25,0.2,0.25,0.2,0.0,0.4,0.75,0.6,0.6,60,76,0.25,0.14473684210526316,1,0,5,2,7,2,1,0,0.0,0.0,1,4,0,1,0,0,0,-1950
e2f49be0-bb4f-4968-b96b-a608a18bb7ba,7,114336,109932,1,25600,25200,5,20,9,16,2.808490037918091,1.7335163354873657,5,4,0,0.2,0.5,0.6,0.0,0.0,0.0,0.4,0.5,0.6,0.6,107,114,0.1588785046728972,0.12280701754385964,4,1,5,4,8,4,2,0,0.0,0.0,1,5,1,0,0,0,0,400
e2f49be0-bb4f-4968-b96b-a608a18bb7ba,8,128448,-1,1,25750,24350,2,8,8,2,2.77280330657959,2.4439103603363037,5,1,1,0.2,0.0,0.2,0.0,0.0,0.0,0.2,0.0,0.8,0.2,65,28,0.24615384615384617,0.21428571428571427,0,0,2,2,3,1,0,1,0.0,0.0,2,1,0,1,0,0,0,1400
e2f49be0-bb4f-4968-b96b-a608a18bb7ba,9,136756,-1,1,28150,4350,1,12,3,10,2.524311065673828,2.128063678741455,4,1,1,0.25,1.0,0.25,0.0,0.25,0.0,0.25,0.0,0.8,0.2,42,11,0.19047619047619047,0.2727272727272727,3,0,1,3,2,2,0,0,0.0,0.0,3,0,0,1,0,0,0,23800
e2f49be0-bb4f-4968-b96b-a608a18bb7ba,10,152981,147733,0,30400,24450,1,16,12,5,2.6892623901367188,3.0641376972198486,0,3,0,0.0,0.6666666666666666,0.0,0.0,0.0,0.0,0.0,0.0,0.4,1.0,107,227,0.037383177570093455,0.03524229074889868,3,0,3,4,7,4,0,1,0.0,0.0,3,5,0,0,1,0,0,5950
e2f49be0-bb4f-4968-b96b-a608a18bb7ba,11,160816,-1,1,30700,25100,7,5,3,9,0.6874158978462219,3.137248992919922,5,1,1,0.6,0.0,0.2,0.0,0.2,0.0,0.2,0.0,0.8,0.2,98,103,0.19387755102040816,0.04854368932038835,2,0,3,2,6,3,1,0,0.0,0.0,3,2,0,1,0,0,0,5600
e2f49be0-bb4f-4968-b96b-a608a18bb7ba,12,166311,166923,0,31550,25000,0,7,5,2,4.053187370300293,0.3933103680610657,1,5,0,0.0,0.6,1.0,0.0,0.0,0.6,0.0,0.0,0.2,0.8,33,49,0.18181818181818182,0.2653061224489796,1,0,1,1,3,2,0,0,0.0,0.0,4,0,0,0,0,0,1,6550
e2f49be0-bb4f-4968-b96b-a608a18bb7ba,13,178238,172989,0,22000,25000,3,22,6,19,3.038524866104126,1.4877294301986694,2,4,0,0.0,0.0,0.5,0.25,0.0,0.5,0.5,0.25,0.4,0.6,38,108,0.23684210526315788,0.16666666666666666,1,0,1,2,7,4,0,0,0.0,0.0,1,4,0,0,1,0,0,-3000
e2f49be0-bb4f-4968-b96b-a608a18bb7ba,14,197285,192036,0,5250,25100,0,14,9,5,3.1952767372131348,0.506624698638916,4,4,1,0.75,0.5,0.25,0.0,0.0,0.0,0.0,0.0,0.4,0.6,98,124,0.12244897959183673,0.0967741935483871,0,0,0,1,5,3,1,0,0.0,0.0,0,5,0,0,1,0,0,-19850
e2f49be0-bb4f-4968-b96b-a608a18bb7ba,15,211847,206604,0,25850,28350,2,15,4,13,2.0908656120300293,1.3865700960159302,2,5,0,0.5,0.2,0.0,0.2,0.0,0.0,0.0,0.2,0.2,0.8,48,71,0.22916666666666666,0.15492957746478872,3,0,2,2,9,5,1,0,0.0,0.0,2,5,0,0,0,0,1,-2500
e2f49be0-bb4f-4968-b96b-a608a18bb7ba,16,246570,241319,0,4300,4200,0,2,2,0,0.514647364616394,0.0,5,4,0,0.8,1.0,0.2,0.25,0.0,0.0,0.2,0.0,0.4,0.4,61,69,0.3114754098360656,0.2463768115942029,0,1,0,0,1,1,0,0,0.0,0.0,0,0,0,0,1,0,0,100
e2f49be0-bb4f-4968-b96b-a608a18bb7ba,17,263328,-1,1,12900,18950,3,8,2,9,2.921985626220703,2.6185226440429688,5,3,1,0.2,0.6666666666666666,0.4,0.3333333333333333,0.2,0.0,0.4,0.3333333333333333,0.6,0.4,60,123,0.2833333333333333,0.13008130081300814,0,0,2,1,4,4,3,1,0.0,0.0,0,5,0,1,0,0,0,-6050
e2f49be0-bb4f-4968-b96b-a608a18bb7ba,18,283421,279154,1,20900,7050,2,4,3,3,0.9502413868904114,2.2103235721588135,5,4,1,0.2,0.5,0.0,0.5,0.2,0.0,0.6,0.25,0.8,0.4,123,66,0.1951219512195122,0.21212121212121213,2,0,3,4,4,3,1,0,0.0,0.0,4,1,1,0,0,0,0,13850
e2f49be0-bb4f-4968-b96b-a608a18bb7ba,19,301341,-1,1,24450,2400,9,0,5,4,0.9085091352462769,2.0161232948303223,5,4,1,0.4,0.75,0.4,0.25,0.0,0.0,0.4,0.5,0.8,0.4,110,42,0.21818181818181817,0.21428571428571427,5,0,5,3,1,0,0,0,0.0,0.0,3,0,0,0,0,1,0,22050
e2f49be0-bb4f-4968-b96b-a608a18bb7ba,20,322565,317314,0,24050,24000,5,21,11,15,2.4226362705230713,0.9261602759361267,1,4,0,0.0,0.75,0.0,0.25,0.0,0.0,1.0,0.0,0.2,0.8,119,84,0.04201680672268908,0.14285714285714285,2,1,4,3,8,5,1,0,0.0,0.0,4,5,0,0,1,0,0,50
e2f49be0-bb4f-4968-b96b-a608a18bb7ba,21,339792,338537,0,12000,23650,6,8,6,8,0.8072798848152161,0.6351710557937622,2,5,0,1.0,0.8,0.0,0.2,0.5,0.0,0.0,0.0,0.4,0.6,31,114,0.25806451612903225,0.12280701754385964,1,0,4,3,4,4,2,0,0.0,0.0,1,6,0,0,0,0,1,-11650
e2f49be0-bb4f-4968-b96b-a608a18bb7ba,22,346625,-1,0,1200,24250,0,2,0,2,0.0,2.9233505725860596,0,5,0,0.0,0.4,0.0,0.0,0.0,0.0,0.0,0.0,0.0,1.0,9,68,0.4444444444444444,0.19117647058823528,0,0,0,0,3,1,1,0,0.0,0.0,0,2,0,0,0,0,1,-23050
e2f49be0-bb4f-4968-b96b-a608a18bb7ba,23,364835,362288,0,22850,25700,7,8,3,12,0.5219985842704773,1.539576530456543,3,5,0,0.6666666666666666,1.0,0.0,0.2,0.0,0.0,0.3333333333333333,0.0,0.4,0.6,29,90,0.3448275862068966,0.1111111111111111,1,0,3,1,6,4,1,0,0.0,0.0,1,4,0,0,0,0,1,-2850
e2f49be0-bb4f-4968-b96b-a608a18bb7ba,24,384564,379314,0,5750,22950,5,9,11,3,1.8261685371398926,4.169000625610352,2,4,0,0.5,1.0,0.0,0.25,0.0,0.25,0.0,0.25,0.4,0.6,18,85,0.2222222222222222,0.11764705882352941,1,0,2,1,7,4,2,0,0.0,0.0,0,4,0,0,1,0,0,-17200
e2f49be0-bb4f-4968-b96b-a608a18bb7ba,25,401149,395899,0,28600,21850,2,26,13,15,2.8548529148101807,1.9407463073730469,1,3,0,0.0,0.6666666666666666,0.0,0.0,0.0,0.6666666666666666,0.0,0.3333333333333333,0.4,0.8,27,72,0.3333333333333333,0.2222222222222222,1,0,3,1,6,2,0,0,0.0,0.0,1,4,0,0,1,0,0,6750
e2f49be0-bb4f-4968-b96b-a608a18bb7ba,26,421428,418196,0,27150,29350,12,31,16,27,2.400670051574707,2.2331430912017822,4,5,1,0.25,0.4,0.5,0.0,0.25,0.2,0.5,0.2,0.4,0.8,70,76,0.24285714285714285,0.15789473684210525,2,0,7,5,9,4,1,0,0.0,0.0,3,3,0,0,0,0,1,-2200
e2f49be0-bb4f-4968-b96b-a608a18bb7ba,27,436680,-1,1,21050,28150,0,9,5,4,2.602625608444214,0.5801103711128235,5,2,1,0.2,0.5,0.2,0.0,0.0,0.5,0.2,0.5,0.6,0.2,113,49,0.1592920353982301,0.16326530612244897,2,0,0,3,3,2,2,0,0.0,0.0,1,3,0,1,0,0,0,-7100
e2f49be0-bb4f-4968-b96b-a608a18bb7ba,28,456649,452969,0,26850,25600,6,8,5,9,1.3510286808013916,1.8453222513198853,4,5,1,0.25,1.0,0.5,0.4,0.25,0.0,0.0,0.0,0.4,0.8,69,51,0.2028985507246377,0.11764705882352941,2,0,3,2,4,4,0,0,0.0,0.0,2,2,0,0,0,0,1,1250
92bdd6e7-dd52-49e3-8ba3-dece8d450005,1,8152,-1,1,4650,3350,0,3,1,2,3.7767417430877686,0.558062732219696,5,2,1,1.0,0.5,0.2,0.0,0.0,0.0,0.0,0.5,0.6,0.2,15,20,0.4,0.1,0,0,0,1,1,1,2,0,0.0,0.0,0,0,0,1,0,0,0,1300
92bdd6e7-dd52-49e3-8ba3-dece8d450005,2,19771,-1,1,20250,1200,0,0,0,0,0.0,0.0,5,0,1,0.2,0.0,0.0,0.0,0.0,0.0,0.4,0.0,1.0,0.0,89,14,0.16853932584269662,0.14285714285714285,1,0,0,2,0,0,0,0,0.0,0.0,2,0,0,1,0,0,0,19050
92bdd6e7-dd52-49e3-8ba3-dece8d450005,3,34740,29493,0,27950,22100,0,1,1,0,3.4411237239837646,0.0,0,1,0,0.0,1.0,0.0,0.0,0.0,0.0,0.0,0.0,0.8,1.0,9,172,0.0,0.011627906976744186,2,0,0,3,1,3,1,0,0.0,0.0,2,1,0,0,1,0,0,5850
92bdd6e7-dd52-49e3-8ba3-dece8d450005,4,56954,51706,0,29250,24800,5,4,3,6,2.6247012615203857,1.3788785934448242,3,4,1,0.0,0.5,0.3333333333333333,0.0,0.0,0.0,0.0,0.25,0.6,0.4,128,122,0.0859375,0.07377049180327869,4,0,2,5,6,4,2,0,0.0,0.0,5,3,0,0,1,0,0,4450
92bdd6e7-dd52-49e3-8ba3-dece8d450005,5,81990,76742,0,11800,26950,4,8,6,6,2.632012128829956,1.3556402921676636,2,3,0,0.0,0.3333333333333333,0.0,0.3333333333333333,0.0,0.3333333333333333,0.5,0.0,0.4,0.6,37,95,0.2702702702702703,0.06315789473684211,0,0,1,2,7,4,1,0,0.0,0.0,0,5,0,0,1,0,0,-15150
92bdd6e7-dd52-49e3-8ba3-dece8d450005,6,135135,-1,1,27450,26750,0,14,9,5,2.2782468795776367,1.7013221979141235,5,3,0,0.6,0.6666666666666666,0.4,0.3333333333333333,0.0,0.3333333333333333,0.2,0.3333333333333333,0.6,0.4,48,124,0.22916666666666666,0.08064516129032258,3,0,0,5,8,5,1,0,0.0,0.0,3,4,0,1,0,0,0,700
92bdd6e7-dd52-49e3-8ba3-dece8d450005,7,153055,-1,1,28600,22600,5,18,17,6,2.4197654724121094,0.648230254650116,4,1,0,0.25,1.0,0.25,0.0,0.0,0.0,0.5,1.0,0.8,0.2,90,187,0.16666666666666666,0.0106951871657754,4,0,3,4,8,4,1,0,0.0,0.0,5,3,0,0,0,1,0,6000
92bdd6e7-dd52-49e3-8ba3-dece8d450005,8,165610,-1,1,30150,6150,2,4,2,4,2.6727983951568604,1.5105451345443726,5,2,1,0.4,0.5,0.0,0.5,0.0,0.5,0.2,0.0,0.8,0.4,68,38,0.1323529411764706,0.15789473684210525,4,0,1,3,3,0,0,0,0.23076923076923078,0.0,5,0,0,1,0,0,0,24000
92bdd6e7-dd52-49e3-8ba3-dece8d450005,9,183530,-1,1,30050,24650,3,6,2,7,0.804905116558075,1.6762176752090454,4,0,1,0.5,0.0,0.0,0.0,0.0,0.0,0.25,0.0,1.0,0.2,56,13,0.125,0.15384615384615385,3,0,2,3,3,2,0,0,0.0,0.0,3,3,0,0,0,1,0,5400
92bdd6e7-dd52-49e3-8ba3-dece8d450005,10,193686,-1,1,30150,9750,1,0,1,0,0.5646884441375732,0.0,5,0,1,0.8,0.0,0.0,0.0,0.0,0.0,0.2,0.0,1.0,0.0,67,11,0.1791044776119403,0.18181818181818182,1,0,1,1,1,0,0,0,0.2857142857142857,0.0,4,0,0,1,0,0,0,20400
92bdd6e7-dd52-49e3-8ba3-dece8d450005,11,213663,209435,1,31250,21700,9,20,7,22,2.7313573360443115,1.9122151136398315,5,3,0,0.4,0.0,0.4,0.3333333333333333,0.0,0.0,0.2,0.3333333333333333,0.8,0.6,125,185,0.144,0.043243243243243246,4,0,3,5,8,5,2,0,0.0,0.0,5,4,1,0,0,0,0,9550
92bdd6e7-dd52-49e3-8ba3-dece8d450005,12,240920,235673,0,33200,24700,1,5,1,5,0.5912846922874451,1.295295000076294,3,4,0,0.0,0.75,0.6666666666666666,0.0,0.0,0.0,0.0,0.0,0.4,0.6,61,72,0.18032786885245902,0.1527777777777778,3,0,3,4,4,2,1,0,0.0,0.0,5,5,0,0,1,0,0,8500
92bdd6e7-dd52-49e3-8ba3-dece8d450005,13,250511,-1,1,33000,24300,6,3,3,6,1.2789758443832397,0.763309895992279,5,0,1,0.4,0.0,0.0,0.0,0.2,0.0,0.0,0.0,1.0,0.0,43,49,0.23255813953488372,0.061224489795918366,2,0,3,3,3,4,0,0,0.0,0.0,4,2,0,1,0,0,0,8700
92bdd6e7-dd52-49e3-8ba3-dece8d450005,14,270126,264878,0,32800,10800,2,5,2,5,2.369004011154175,1.201238989830017,1,4,0,0.0,1.0,0.0,0.25,0.0,0.0,0.0,0.0,0.2,0.8,72,105,0.09722222222222222,0.08571428571428572,4,0,2,3,5,4,0,0,0.14285714285714285,0.0,5,2,0,0,1,0,0,22000
92bdd6e7-dd52-49e3-8ba3-dece8d450005,15,288029,282880,0,32350,26600,4,3,1,6,4.149636745452881,1.2512773275375366,1,5,0,0.0,0.6,0.0,0.2,0.0,0.0,0.0,0.0,0.2,0.8,71,103,0.15492957746478872,0.13592233009708737,0,0,1,2,7,4,1,0,0.0,0.0,2,4,0,0,0,0,1,5750
92bdd6e7-dd52-49e3-8ba3-dece8d450005,16,303769,299283,0,4550,4400,8,5,1,12,3.745368003845215,2.2715718746185303,3,5,0,1.0,0.8,0.0,0.2,0.3333333333333333,0.0,0.3333333333333333,0.0,0.4,0.4,39,55,0.23076923076923078,0.14545454545454545,0,0,3,0,2,2,0,1,0.0,0.0,0,1,0,0,0,0,1,150
92bdd6e7-dd52-49e3-8ba3-dece8d450005,17,318454,313207,0,7300,18550,0,3,0,3,0.0,0.678727388381958,1,1,0,1.0,1.0,0.0,0.0,0.0,0.0,0.0,0.0,0.8,0.8,17,74,0.17647058823529413,0.08108108108108109,0,0,1,0,3,2,2,0,0.0,0.0,0,2,0,0,1,0,0,-11250
92bdd6e7-dd52-49e3-8ba3-dece8d450005,18,337868,334946,1,9850,17050,0,5,1,4,4.682742118835449,1.087327003479004,5,3,0,0.6,0.3333333333333333,0.4,0.6666666666666666,0.0,0.3333333333333333,0.2,0.0,0.8,0.6,64,95,0.15625,0.1368421052631579,0,0,0,3,4,4,4,0,0.0,0.2,0,3,1,0,0,0,0,-7200
92bdd6e7-dd52-49e3-8ba3-dece8d450005,19,357194,354942,0,29300,23050,4,8,6,6,1.7524100542068481,1.795816421508789,4,5,1,0.5,0.2,0.25,0.2,0.25,0.0,0.0,0.2,0.6,0.4,80,38,0.125,0.21052631578947367,4,0,5,5,5,3,0,0,0.0,0.0,3,2,0,0,0,0,1,6250
92bdd6e7-dd52-49e3-8ba3-dece8d450005,20,382320,378011,0,18700,24350,1,9,4,6,2.385409355163574,0.7777652144432068,2,5,0,0.5,0.6,0.0,0.4,0.0,0.2,0.0,0.4,0.4,0.6,81,91,0.13580246913580246,0.12087912087912088,2,0,1,3,5,4,1,0,0.0,0.0,2,3,0,0,0,0,1,-5650
92bdd6e7-dd52-49e3-8ba3-dece8d450005,21,402494,397246,0,2150,26100,0,4,1,3,3.1577353477478027,2.2937028408050537,5,2,1,0.2,0.0,0.2,0.0,0.0,0.0,0.4,0.0,0.4,0.4,15,48,0.6666666666666666,0.1875,0,0,0,0,5,3,2,0,0.0,0.0,0,3,0,0,1,0,0,-23950
92bdd6e7-dd52-49e3-8ba3-dece8d450005,22,419534,414287,0,29750,24250,2,12,2,12,0.751063346862793,2.64201283454895,0,2,0,0.0,0.5,0.0,0.0,0.0,0.0,0.0,0.0,0.6,1.0,12,64,0.16666666666666666,0.078125,2,0,1,1,6,5,0,0,0.0,0.0,3,2,0,0,1,0,0,5500
92bdd6e7-dd52-49e3-8ba3-dece8d450005,23,437454,-1,1,30600,27650,10,26,15,21,2.3936479091644287,1.8571114540100098,4,2,1,0.25,1.0,0.25,0.5,0.0,0.5,0.75,0.5,0.6,0.4,49,167,0.12244897959183673,0.03592814371257485,4,0,4,4,7,2,3,0,0.0,0.0,5,5,0,0,0,1,0,2950
92bdd6e7-dd52-49e3-8ba3-dece8d450005,24,461427,-1,1,30200,27350,7,1,2,6,0.4383011758327484,2.5939953327178955,2,0,1,0.5,0.0,0.0,0.0,0.0,0.0,0.0,0.0,1.0,0.6,88,45,0.09090909090909091,0.022222222222222223,5,0,2,5,2,1,1,0,0.0,0.0,3,3,0,0,0,1,0,2850
92bdd6e7-dd52-49e3-8ba3-dece8d450005,25,478930,-1,1,29800,21950,9,10,11,8,1.8719596862792969,1.5893343687057495,5,3,0,0.8,0.3333333333333333,0.0,0.0,0.0,0.0,0.2,0.0,0.6,0.6,71,31,0.16901408450704225,0.1935483870967742,3,0,4,4,6,2,1,0,0.0,0.36363636363636365,2,2,0,1,0,0,0,7850
92bdd6e7-dd52-49e3-8ba3-dece8d450005,26,492490,490169,1,31200,1800,0,0,0,0,0.0,0.0,5,4,0,0.0,1.0,0.2,0.5,0.0,0.0,0.2,0.0,0.8,0.6,89,56,0.14606741573033707,0.17857142857142858,4,0,0,3,0,0,0,0,0.0,0.0,4,1,1,0,0,0,0,29400
92bdd6e7-dd52-49e3-8ba3-dece8d450005,27,510410,-1,1,30800,27450,7,10,8,9,0.8495297431945801,1.5812737941741943,4,2,1,0.25,0.5,0.25,0.0,0.5,0.0,0.5,0.0,0.6,0.4,88,100,0.125,0.05,3,0,6,4,5,3,3,0,0.0,0.0,4,4,0,0,0,1,0,3350
92bdd6e7-dd52-49e3-8ba3-dece8d450005,28,528330,-1,1,30950,26550,2,6,5,3,1.779825210571289,1.218648910522461,5,2,0,0.4,1.0,0.2,0.0,0.0,0.0,0.0,0.0,0.6,0.4,86,92,0.11627906976744186,0.09782608695652174,4,0,4,3,3,4,2,0,0.0,0.0,4,3,0,0,0,1,0,4400
92bdd6e7-dd52-49e3-8ba3-dece8d450005,29,544960,-1,1,30950,2950,4,0,1,3,1.0099685192108154,2.2071220874786377,5,3,0,0.4,0.6666666666666666,0.2,0.6666666666666666,0.0,0.3333333333333333,0.0,0.3333333333333333,0.6,0.6,79,63,0.12658227848101267,0.07936507936507936,3,0,3,3,0,6,0,0,0.0,0.0,4,1,0,1,0,0,0,28000
92bdd6e7-dd52-49e3-8ba3-dece8d450005,30,563015,561968,0,31400,22000,4,6,7,3,1.8971364498138428,0.4284139573574066,1,5,1,0.0,0.8,0.0,0.0,0.0,0.0,0.0,0.0,0.2,0.8,83,114,0.10843373493975904,0.08771929824561403,4,0,3,4,6,4,2,0,0.0,0.25,5,4,0,0,0,0,1,9400
5c60aa15-8c74-4ef7-89ad-106594bc35fa,1,19021,13774,0,4200,4400,0,8,2,6,3.378997802734375,1.1872918605804443,1,4,0,1.0,0.75,0.0,0.0,0.0,0.0,0.0,0.0,0.2,0.8,34,142,0.23529411764705882,0.04929577464788732,0,0,0,1,3,3,0,1,0.0,0.0,0,1,0,0,1,0,0,-200
5c60aa15-8c74-4ef7-89ad-106594bc35fa,2,34024,-1,1,5700,17050,4,17,6,15,1.576827883720398,1.784559726715088,5,2,1,0.4,0.5,0.2,0.0,0.2,0.0,0.2,0.0,0.6,0.2,89,143,0.20224719101123595,0.055944055944055944,0,0,1,3,7,4,2,1,0.0,0.10526315789473684,0,5,0,1,0,0,0,-11350
5c60aa15-8c74-4ef7-89ad-106594bc35fa,3,46035,43388,1,24600,9950,3,3,3,3,2.0224475860595703,1.17759370803833,5,3,0,0.4,0.6666666666666666,0.0,0.3333333333333333,0.0,0.0,0.4,0.0,0.4,0.6,93,55,0.13978494623655913,0.18181818181818182,2,1,2,4,2,3,0,0,0.3333333333333333,0.0,3,0,1,0,0,0,0,14650
5c60aa15-8c74-4ef7-89ad-106594bc35fa,4,63990,63446,0,29500,16450,3,7,6,4,1.4852594137191772,2.4360785484313965,4,5,0,0.25,0.6,0.25,0.0,0.0,0.0,0.0,0.4,0.6,0.6,103,71,0.17475728155339806,0.23943661971830985,3,0,2,4,3,4,0,0,0.0,0.0,4,3,0,0,0,0,1,13050
5c60aa15-8c74-4ef7-89ad-106594bc35fa,5,73908,72593,0,1200,20650,0,5,2,3,1.4129669666290283,1.9280248880386353,1,5,0,0.0,0.4,0.0,0.2,0.0,0.2,0.0,0.0,0.2,0.8,11,75,0.36363636363636365,0.18666666666666668,0,0,0,0,2,3,2,0,0.0,0.2,0,3,0,0,0,0,1,-19450
5c60aa15-8c74-4ef7-89ad-106594bc35fa,6,93486,88400,1,23450,19900,1,16,8,9,2.8401012420654297,1.602199673652649,5,4,1,0.2,0.25,0.0,0.25,0.0,0.25,0.4,0.5,0.6,0.6,77,96,0.2077922077922078,0.1875,1,0,2,5,8,4,2,0,0.0,0.2222222222222222,4,4,1,0,0,0,0,3550
5c60aa15-8c74-4ef7-89ad-106594bc35fa,7,116387,111140,0,19900,25100,0,5,2,3,0.5429912805557251,0.8946962952613831,1,2,0,1.0,1.0,1.0,0.0,0.0,0.0,1.0,0.0,0.6,0.8,36,68,0.16666666666666666,0.058823529411764705,0,0,1,4,5,4,1,0,0.0,0.0,2,5,0,0,1,0,0,-5200
5c60aa15-8c74-4ef7-89ad-106594bc35fa,8,131146,125897,0,12650,22000,0,3,2,1,1.4171688556671143,3.0403342247009277,2,3,1,1.0,0.6666666666666666,0.5,0.3333333333333333,0.0,0.3333333333333333,0.0,0.0,0.4,0.6,18,46,0.2777777777777778,0.15217391304347827,0,0,0,0,4,4,1,0,0.0,0.0,0,4,0,0,1,0,0,-9350
5c60aa15-8c74-4ef7-89ad-106594bc35fa,9,147085,145179,0,21800,22500,2,6,5,3,1.56443190574646,2.826970338821411,3,5,0,0.6666666666666666,0.4,0.0,0.0,0.0,0.2,0.3333333333333333,0.0,0.4,0.6,59,114,0.1864406779661017,0.12280701754385964,1,0,2,4,8,4,2,0,0.0,0.0,3,5,0,0,0,0,1,-700
5c60aa15-8c74-4ef7-89ad-106594bc35fa,10,169718,164469,0,3000,27650,2,11,4,9,2.0833616256713867,0.8191741108894348,2,4,1,0.5,0.5,0.0,0.0,0.0,0.0,0.0,0.25,0.2,0.8,38,180,0.10526315789473684,0.03333333333333333,1,0,1,5,6,4,3,0,0.0,0.2222222222222222,0,5,0,0,1,0,0,-24650
5c60aa15-8c74-4ef7-89ad-106594bc35fa,11,193284,-1,1,27350,21250,7,18,8,17,0.8466967344284058,1.898961067199707,4,0,1,0.25,0.0,0.0,0.0,0.0,0.0,0.0,0.0,1.0,0.2,34,87,0.14705882352941177,0.011494252873563218,2,1,3,4,9,3,0,0,0.0,0.1875,2,4,0,0,0,1,0,6100
5c60aa15-8c74-4ef7-89ad-106594bc35fa,12,211204,-1,1,29200,27550,1,4,5,0,3.0652804374694824,0.0,4,0,1,0.5,0.0,0.0,0.0,0.0,0.0,0.0,0.0,1.0,0.2,107,54,0.08411214953271028,0.09259259259259259,5,0,1,4,4,2,0,0,0.21428571428571427,0.0,4,3,0,0,0,1,0,1650
5c60aa15-8c74-4ef7-89ad-106594bc35fa,13,228949,-1,1,29100,21100,7,7,8,6,0.8683797121047974,1.9079426527023315,5,0,1,0.8,0.0,0.0,0.0,0.0,0.0,0.2,0.0,1.0,0.0,84,102,0.13095238095238096,0.029411764705882353,4,0,4,5,7,4,2,0,0.0,0.0,5,3,0,1,0,0,0,8000
5c60aa15-8c74-4ef7-89ad-106594bc35fa,14,248776,246199,1,31050,3150,10,0,6,4,1.2507742643356323,3.2274680137634277,5,2,0,0.4,1.0,0.0,0.0,0.0,0.0,0.0,1.0,0.6,0.4,67,19,0.11940298507462686,0.21052631578947367,3,0,4,4,0,0,1,0,0.0,0.0,5,0,1,0,0,0,0,27900
5c60aa15-8c74-4ef7-89ad-106594bc35fa,15,269059,266242,0,33050,26400,9,16,6,19,2.058065176010132,2.0172877311706543,2,5,0,0.0,0.8,0.0,0.2,0.0,0.0,0.0,0.2,0.2,0.6,27,148,0.2222222222222222,0.06756756756756757,2,0,3,3,6,5,4,0,0.0,0.0,4,5,0,0,0,0,1,6650
5c60aa15-8c74-4ef7-89ad-106594bc35fa,16,307105,303319,0,4400,4250,0,9,4,5,3.3283705711364746,0.9762271046638489,3,5,0,1.0,1.0,0.0,0.2,0.0,0.0,0.3333333333333333,0.2,0.4,0.4,59,76,0.15254237288135594,0.17105263157894737,1,0,1,1,3,2,0,0,0.0,0.0,0,0,0,0,0,0,1,150
5c60aa15-8c74-4ef7-89ad-106594bc35fa,17,325025,-1,1,10050,17500,0,6,3,3,0.5463281273841858,2.090801239013672,3,1,1,0.3333333333333333,1.0,0.0,0.0,0.3333333333333333,0.0,0.6666666666666666,0.0,0.8,0.4,87,83,0.08045977011494253,0.14457831325301204,4,0,1,5,6,3,0,0,0.18181818181818182,0.0,1,2,0,0,0,1,0,-7450
5c60aa15-8c74-4ef7-89ad-106594bc35fa,18,360344,357955,0,22750,11600,0,2,1,1,3.552095890045166,1.0528924465179443,2,5,0,0.5,0.8,0.5,0.0,0.0,0.0,0.0,0.2,0.2,0.6,49,43,0.10204081632653061,0.23255813953488372,2,0,1,4,2,2,0,0,0.0,0.3333333333333333,1,2,0,0,0,0,1,11150
5c60aa15-8c74-4ef7-89ad-106594bc35fa,19,380602,375354,0,7900,24850,7,2,1,8,0.15379305183887482,2.8991005420684814,2,2,1,0.5,0.5,0.0,0.0,0.0,0.0,0.5,0.5,0.6,0.6,26,75,0.15384615384615385,0.13333333333333333,1,0,3,3,2,4,4,0,0.0,0.23076923076923078,0,3,0,0,1,0,0,-16950
5c60aa15-8c74-4ef7-89ad-106594bc35fa,20,402094,396846,0,6150,25100,0,10,4,6,2.7711429595947266,1.1038720607757568,3,4,1,0.6666666666666666,0.5,0.3333333333333333,0.25,0.0,0.25,0.0,0.5,0.6,0.6,38,132,0.2631578947368421,0.10606060606060606,0,0,0,0,4,3,0,0,0.0,0.0,0,2,0,0,1,0,0,-18950
5c60aa15-8c74-4ef7-89ad-106594bc35fa,21,423360,418110,0,27350,27450,4,15,6,13,2.2626733779907227,2.1725306510925293,1,3,0,0.0,0.3333333333333333,0.0,0.0,0.0,0.0,0.0,0.3333333333333333,0.6,0.6,65,59,0.07692307692307693,0.1016949152542373,2,0,1,4,7,3,3,0,0.0,0.0,2,4,0,0,1,0,0,-100
5c60aa15-8c74-4ef7-89ad-106594bc35fa,22,431855,-1,0,25000,27350,6,5,6,5,2.4441959857940674,2.0665860176086426,0,5,0,0.0,0.8,0.0,0.0,0.0,0.2,0.0,0.0,0.0,1.0,21,49,0.14285714285714285,0.14285714285714285,1,1,3,3,3,1,1,0,0.0,0.0,0,3,0,0,0,0,1,-2350
5c60aa15-8c74-4ef7-89ad-106594bc35fa,23,457040,452997,1,21800,27550,6,9,8,7,2.199707269668579,1.8514950275421143,5,5,0,0.2,0.2,0.4,0.0,0.0,0.2,0.2,0.0,0.6,0.8,46,46,0.2391304347826087,0.17391304347826086,3,0,4,3,5,3,2,0,0.0,0.3076923076923077,2,3,1,0,0,0,0,-5750
5c60aa15-8c74-4ef7-89ad-106594bc35fa,24,477469,472218,0,25450,23400,6,2,5,3,1.5626105070114136,2.6587955951690674,2,3,0,0.5,0.3333333333333333,0.5,0.0,0.0,0.3333333333333333,0.5,0.0,0.4,0.6,29,124,0.27586206896551724,0.11290322580645161,3,0,3,2,4,5,0,0,0.0,0.0,2,3,0,0,1,0,0,2050
5c60aa15-8c74-4ef7-89ad-106594bc35fa,25,504839,499591,0,20550,27250,11,15,11,15,2.9295525550842285,1.887283205986023,3,4,0,0.3333333333333333,0.75,0.0,0.0,0.0,0.25,0.6666666666666666,0.25,0.4,0.6,84,164,0.16666666666666666,0.04878048780487805,4,0,3,4,8,6,1,0,0.0,0.0,3,5,0,0,1,0,0,-6700
5c60aa15-8c74-4ef7-89ad-106594bc35fa,26,520887,517953,1,23400,27350,14,7,8,13,2.354116201400757,1.8143903017044067,5,4,0,0.4,0.0,0.2,0.0,0.2,0.5,0.2,0.25,0.6,0.6,71,62,0.23943661971830985,0.1935483870967742,4,0,4,2,4,5,1,0,0.2727272727272727,0.0,1,5,1,0,0,0,0,-3950
5c60aa15-8c74-4ef7-89ad-106594bc35fa,27,537056,533739,0,21050,27150,10,14,8,16,2.595707416534424,2.0110859870910645,2,5,0,0.0,0.6,0.0,0.0,0.0,0.2,0.0,0.0,0.2,0.6,104,129,0.038461538461538464,0.10077519379844961,2,0,5,3,10,5,0,0,0.0,0.2,3,5,0,0,0,0,1,-6100
8c5e5fd4-20b5-4393-88c5-12d2a8a4b2fd,1,8257,-1,1,4250,4250,0,5,2,3,1.69609797000885,2.2815017700195312,5,2,1,1.0,1.0,0.2,0.5,0.0,0.0,0.2,0.0,0.6,0.2,66,23,0.12121212121212122,0.17391304347826086,0,0,0,0,2,2,0,0,0.0,0.0,0,0,0,1,0,0,0,0
8c5e5fd4-20b5-4393-88c5-12d2a8a4b2fd,2,29128,23875,0,20000,10000,4,5,4,5,1.1219072341918945,1.5911380052566528,2,4,1,0.0,0.75,0.0,0.5,0.0,0.0,0.0,0.25,0.4,0.6,38,33,0.39473684210526316,0.30303030303030304,2,0,1,2,3,4,0,1,0.0,0.0,1,0,0,0,1,0,0,10000
8c5e5fd4-20b5-4393-88c5-12d2a8a4b2fd,3,41677,36424,0,12150,24950,0,16,8,8,1.8570284843444824,1.0947484970092773,2,3,1,1.0,0.3333333333333333,0.0,0.0,0.0,0.3333333333333333,0.0,0.3333333333333333,0.4,0.6,36,80,0.16666666666666666,0.175,0,0,0,1,7,5,0,0,0.0,0.0,1,3,0,0,1,0,0,-12800
8c5e5fd4-20b5-4393-88c5-12d2a8a4b2fd,4,52999,52577,0,4150,24750,0,7,4,3,2.089080333709717,2.081270456314087,0,5,0,0.0,0.2,0.0,0.0,0.0,0.0,0.0,0.0,0.0,1.0,37,110,0.24324324324324326,0.16363636363636364,0,0,0,0,4,4,2,0,0.0,0.0,0,5,0,0,0,0,1,-20600
8c5e5fd4-20b5-4393-88c5-12d2a8a4b2fd,5,71194,65940,0,23000,25350,5,12,8,9,0.7876235246658325,0.8041563630104065,4,4,0,0.5,0.75,0.0,0.0,0.0,0.0,0.5,0.25,0.4,0.4,147,186,0.08163265306122448,0.06451612903225806,1,0,3,5,8,5,3,0,0.0,0.0,1,5,0,0,1,0,0,-2350
8c5e5fd4-20b5-4393-88c5-12d2a8a4b2fd,6,85501,81663,0,7850,21800,1,12,6,7,2.8961164951324463,2.204941987991333,3,5,1,0.3333333333333333,0.2,0.0,0.2,0.3333333333333333,0.0,0.3333333333333333,0.4,0.4,0.6,44,81,0.25,0.2839506172839506,1,0,1,1,6,4,0,0,0.0,0.0,1,3,0,0,0,0,1,-13950
8c5e5fd4-20b5-4393-88c5-12d2a8a4b2fd,7,101994,96742,0,27000,27550,5,6,3,8,1.4861087799072266,0.9495720863342285,1,3,1,1.0,1.0,0.0,0.0,0.0,0.0,0.0,0.0,0.4,0.8,30,51,0.06666666666666667,0.09803921568627451,2,0,2,1,7,6,1,0,0.0,0.0,2,3,0,0,1,0,0,-550
8c5e5fd4-20b5-4393-88c5-12d2a8a4b2fd,8,118568,113314,0,24700,27650,1,14,7,8,1.9480937719345093,1.2971800565719604,1,2,0,0.0,0.0,0.0,0.0,0.0,0.0,0.0,0.5,0.6,0.8,53,74,0.11320754716981132,0.14864864864864866,0,0,1,3,7,5,3,0,0.0,0.0,2,5,0,0,1,0,0,-2950
8c5e5fd4-20b5-4393-88c5-12d2a8a4b2fd,9,135270,-1,1,27650,27950,4,7,3,8,2.4378061294555664,1.5205283164978027,5,2,1,0.4,0.5,0.0,0.5,0.0,0.0,0.4,0.0,0.8,0.4,46,75,0.30434782608695654,0.09333333333333334,2,0,4,3,7,5,1,0,0.0,0.0,3,3,0,1,0,0,0,-300
8c5e5fd4-20b5-4393-88c5-12d2a8a4b2fd,10,153190,-1,1,29850,27350,7,23,2,28,3.410433292388916,2.1533455848693848,4,2,0,0.0,1.0,0.0,0.5,0.25,0.0,0.5,0.0,0.6,0.4,47,99,0.19148936170212766,0.06060606060606061,4,0,3,2,10,4,1,0,0.0,0.0,3,5,0,0,0,1,0,2500
8c5e5fd4-20b5-4393-88c5-12d2a8a4b2fd,11,168734,-1,1,31550,27250,10,3,5,8,0.7825199365615845,1.2622783184051514,5,1,1,0.8,1.0,0.0,0.0,0.0,0.0,0.2,0.0,0.8,0.2,56,64,0.17857142857142858,0.03125,2,0,5,4,4,4,1,0,0.0,0.0,4,3,0,1,0,0,0,4300
8c5e5fd4-20b5-4393-88c5-12d2a8a4b2fd,12,189604,184350,0,32600,21950,5,17,14,8,2.4854254722595215,1.0844603776931763,2,3,0,0.5,0.6666666666666666,0.0,0.3333333333333333,0.0,0.0,0.5,0.0,0.4,0.6,41,85,0.04878048780487805,0.11764705882352941,2,0,2,3,7,5,0,0,0.0,0.0,4,2,0,0,1,0,0,10650
8c5e5fd4-20b5-4393-88c5-12d2a8a4b2fd,13,200691,-1,1,26700,27050,3,12,3,12,1.5859516859054565,1.648044466972351,5,1,1,0.4,1.0,0.2,0.0,0.0,0.0,0.0,1.0,0.8,0.2,38,33,0.21052631578947367,0.030303030303030304,3,0,3,4,9,4,0,0,0.0,0.0,4,2,0,1,0,0,0,-350
8c5e5fd4-20b5-4393-88c5-12d2a8a4b2fd,14,207030,-1,1,32600,9550,1,3,3,1,2.3087713718414307,0.30310994386672974,5,0,1,0.2,0.0,0.0,0.0,0.0,0.0,0.0,0.0,1.0,0.0,55,24,0.2909090909090909,0.25,3,0,2,2,4,3,0,0,0.0,0.0,3,0,0,1,0,0,0,23050
8c5e5fd4-20b5-4393-88c5-12d2a8a4b2fd,15,219601,214145,0,34700,23600,6,19,17,8,1.7649174928665161,1.8487085103988647,3,5,0,0.0,0.6,0.6666666666666666,0.2,0.3333333333333333,0.2,0.3333333333333333,0.2,0.6,0.6,44,85,0.18181818181818182,0.18823529411764706,3,0,3,2,7,5,1,0,0.0,0.0,5,3,0,0,0,0,1,11100
8c5e5fd4-20b5-4393-88c5-12d2a8a4b2fd,16,249187,248219,0,4450,4250,0,0,0,0,0.0,0.0,0,5,0,0.0,0.8,0.0,0.0,0.0,0.0,0.0,0.4,0.0,1.0,23,47,0.13043478260869565,0.3191489361702128,2,0,0,1,0,0,0,0,0.0,0.0,0,0,0,0,0,0,1,200
8c5e5fd4-20b5-4393-88c5-12d2a8a4b2fd,17,259995,259999,0,11050,9800,0,1,0,1,0.0,0.45874273777008057,1,5,1,0.0,0.6,0.0,0.2,0.0,0.0,0.0,0.0,0.2,0.8,13,101,0.38461538461538464,0.25742574257425743,0,0,0,3,1,4,0,0,0.0,0.0,0,3,0,0,0,0,1,1250
8c5e5fd4-20b5-4393-88c5-12d2a8a4b2fd,18,267165,-1,0,2000,17100,0,0,0,0,0.0,0.0,0,5,0,0.0,0.4,0.0,0.0,0.0,0.0,0.0,0.0,0.0,1.0,27,99,0.18518518518518517,0.20202020202020202,0,0,0,0,0,3,1,0,0.0,0.0,0,1,0,0,0,0,1,-15100
8c5e5fd4-20b5-4393-88c5-12d2a8a4b2fd,19,280131,275495,1,26800,20500,3,8,6,5,2.837318181991577,1.6783103942871094,5,2,0,0.0,1.0,0.0,0.0,0.0,0.0,0.0,0.0,0.6,0.4,57,41,0.15789473684210525,0.24390243902439024,1,0,3,3,7,4,0,0,0.0,0.0,2,4,1,0,0,0,0,6300
8c5e5fd4-20b5-4393-88c5-12d2a8a4b2fd,20,288973,-1,1,25800,23700,3,6,5,4,0.761731743812561,1.5001752376556396,5,2,1,0.2,1.0,0.0,0.5,0.0,0.0,0.4,0.5,0.6,0.2,62,44,0.16129032258064516,0.11363636363636363,3,0,3,4,6,4,0,0,0.0,0.0,5,2,0,1,0,0,0,2100
8c5e5fd4-20b5-4393-88c5-12d2a8a4b2fd,21,306893,-1,1,30400,17300,2,2,2,2,0.8389794826507568,2.0115699768066406,4,1,1,0.75,1.0,0.25,0.0,0.0,0.0,0.0,0.0,0.8,0.2,59,18,0.11864406779661017,0.1111111111111111,3,0,4,5,2,3,0,0,0.0,0.0,5,2,0,0,0,1,0,13100
8c5e5fd4-20b5-4393-88c5-12d2a8a4b2fd,22,319162,315699,0,30950,12900,4,5,6,3,1.931780457496643,1.1454743146896362,3,5,1,0.3333333333333333,0.2,0.3333333333333333,0.4,0.0,0.0,0.6666666666666666,0.0,0.6,0.6,130,83,0.06153846153846154,0.20481927710843373,5,0,4,2,2,4,0,0,0.0,0.0,5,2,0,0,0,0,1,18050
8c5e5fd4-20b5-4393-88c5-12d2a8a4b2fd,23,329966,-1,0,4100,23600,2,5,3,4,3.8533265590667725,3.1086955070495605,4,5,1,0.75,1.0,0.0,0.4,0.25,0.0,0.0,0.0,0.6,0.6,30,80,0.26666666666666666,0.075,0,0,1,0,3,3,0,0,0.0,0.0,0,2,0,0,0,0,1,-19500
8c5e5fd4-20b5-4393-88c5-12d2a8a4b2fd,24,350853,345599,0,26650,23900,2,3,2,3,2.3297009468078613,2.6196813583374023,2,4,1,0.0,0.75,0.0,0.0,0.0,0.0,0.5,0.0,0.4,0.6,76,46,0.11842105263157894,0.1956521739130435,1,0,3,5,3,3,1,0,0.0,0.0,4,1,0,0,1,0,0,2750
8c5e5fd4-20b5-4393-88c5-12d2a8a4b2fd,25,365657,360403,0,6650,22150,7,7,2,12,0.4153634309768677,1.9833828210830688,1,4,0,1.0,0.5,0.0,0.25,1.0,0.0,0.0,0.5,0.2,0.8,16,68,0.25,0.11764705882352941,0,0,2,0,3,3,0,0,0.0,0.0,0,3,0,0,1,0,0,-15500
8c5e5fd4-20b5-4393-88c5-12d2a8a4b2fd,26,380096,-1,1,26700,27250,2,6,3,5,1.4852701425552368,1.4042223691940308,5,0,1,0.4,0.0,0.0,0.0,0.0,0.0,0.2,0.0,1.0,0.0,78,25,0.16666666666666666,0.08,4,0,3,4,3,3,0,0,0.0,0.0,4,0,0,1,0,0,0,-550
8c5e5fd4-20b5-4393-88c5-12d2a8a4b2fd,27,395928,390675,0,29050,24400,7,2,4,5,1.6812324523925781,2.1141014099121094,3,4,0,0.3333333333333333,0.25,0.3333333333333333,0.25,0.0,0.5,0.3333333333333333,0.25,0.4,0.6,74,77,0.1891891891891892,0.18181818181818182,4,0,2,2,3,4,0,0,0.0,0.0,3,2,0,0,1,0,0,4650
8c5e5fd4-20b5-4393-88c5-12d2a8a4b2fd,28,415324,410576,0,27450,26550,2,9,5,6,2.676818370819092,1.8338063955307007,2,5,0,0.5,0.4,0.5,0.4,0.0,0.0,0.0,0.0,0.4,0.8,42,57,0.14285714285714285,0.2807017543859649,2,0,3,5,7,4,0,0,0.0,0.0,3,4,0,0,0,0,1,900
8c5e5fd4-20b5-4393-88c5-12d2a8a4b2fd,29,427444,425217,0,17450,24800,5,11,8,8,1.9657397270202637,1.4471375942230225,3,5,0,0.6666666666666666,0.8,0.3333333333333333,0.6,0.0,0.0,0.0,0.2,0.6,0.8,37,83,0.13513513513513514,0.0963855421686747,0,0,1,2,6,5,0,0,0.0,0.0,2,4,0,0,0,0,1,-7350
fae1d55d-cc37-4b36-a841-4b9fcb8cf432,1,13793,11193,1,4300,4250,5,1,4,2,2.632314682006836,1.7928248643875122,5,2,1,1.0,1.0,0.2,0.0,0.2,0.0,0.0,0.5,0.8,0.4,39,28,0.23076923076923078,0.17857142857142858,0,0,2,1,1,2,0,0,0.0,0.0,0,1,1,0,0,0,0,50
fae1d55d-cc37-4b36-a841-4b9fcb8cf432,2,24319,-1,1,21950,15300,3,15,10,8,2.475890636444092,0.6596894860267639,5,1,1,0.4,1.0,0.0,0.0,0.2,0.0,0.4,0.0,0.8,0.2,60,23,0.26666666666666666,0.17391304347826086,3,0,2,1,5,3,0,0,0.3333333333333333,0.0,3,3,0,1,0,0,0,6650
fae1d55d-cc37-4b36-a841-4b9fcb8cf432,3,31991,-1,1,25050,2100,0,0,0,0,0.0,0.0,5,1,1,0.2,1.0,0.0,1.0,0.0,0.0,0.2,0.0,0.8,0.2,67,20,0.208955223880597,0.25,4,0,0,1,0,0,0,0,0.0,0.0,1,0,0,1,0,0,0,22950
fae1d55d-cc37-4b36-a841-4b9fcb8cf432,4,52025,48459,0,27600,25200,25,14,18,21,1.5734238624572754,2.027268886566162,3,5,1,0.0,1.0,0.3333333333333333,0.2,0.3333333333333333,0.0,0.0,0.2,0.6,0.6,62,206,0.3225806451612903,0.04854368932038835,3,0,7,5,7,4,2,0,0.0,0.0,5,5,0,0,0,0,1,2400
fae1d55d-cc37-4b36-a841-4b9fcb8cf432,5,67557,-1,1,23350,21350,6,4,2,8,1.9779748916625977,2.741780996322632,5,3,1,0.2,0.6666666666666666,0.4,0.3333333333333333,0.2,0.0,0.4,0.3333333333333333,0.4,0.4,66,114,0.2727272727272727,0.07894736842105263,1,0,5,3,3,3,1,1,0.18181818181818182,0.0,2,3,0,1,0,0,0,2000
fae1d55d-cc37-4b36-a841-4b9fcb8cf432,6,83630,-1,1,27100,3600,1,0,0,1,0.0,0.7952767014503479,5,1,1,0.2,1.0,0.2,0.0,0.0,0.0,0.4,0.0,0.8,0.2,52,16,0.3076923076923077,0.1875,5,0,2,2,0,2,0,0,0.14285714285714285,0.0,5,0,0,1,0,0,0,23500
fae1d55d-cc37-4b36-a841-4b9fcb8cf432,7,102996,97746,0,30500,23750,1,12,6,7,3.0076920986175537,0.8332539200782776,1,2,0,1.0,0.0,0.0,0.0,0.0,0.5,0.0,0.0,0.6,0.8,27,57,0.1111111111111111,0.10526315789473684,4,0,2,2,7,4,0,0,0.5,0.0,4,3,0,0,1,0,0,6750
fae1d55d-cc37-4b36-a841-4b9fcb8cf432,8,126947,-1,1,30600,26000,2,10,6,6,2.561175584793091,2.1242594718933105,5,2,1,0.2,1.0,0.2,0.5,0.0,0.0,0.2,0.0,0.8,0.4,58,50,0.25862068965517243,0.16,4,0,5,1,5,4,1,0,0.0,0.0,3,4,0,0,0,1,0,4600
fae1d55d-cc37-4b36-a841-4b9fcb8cf432,9,148784,-1,1,28900,14900,4,1,3,2,2.232322931289673,0.9931761026382446,5,1,1,0.6,0.0,0.2,1.0,0.0,0.0,0.4,1.0,0.8,0.2,55,36,0.2,0.16666666666666666,3,0,4,2,2,4,0,0,0.3076923076923077,0.0,4,2,0,1,0,0,0,14000
fae1d55d-cc37-4b36-a841-4b9fcb8cf432,10,165903,-1,1,32050,24050,2,2,2,2,1.1553044319152832,0.7602652311325073,5,1,0,0.6,1.0,0.0,0.0,0.0,0.0,0.0,0.0,0.8,0.2,39,40,0.3076923076923077,0.05,4,0,4,2,2,2,0,0,0.5,0.0,4,2,0,1,0,0,0,8000
fae1d55d-cc37-4b36-a841-4b9fcb8cf432,11,182244,177658,1,30950,7950,8,11,8,11,2.024972915649414,2.18563175201416,5,4,1,0.6,1.0,0.4,0.5,0.6,0.25,0.2,0.25,0.8,0.4,63,20,0.19047619047619047,0.35,4,0,5,3,3,4,0,0,0.23529411764705882,0.0,5,2,1,0,0,0,0,23000
fae1d55d-cc37-4b36-a841-4b9fcb8cf432,12,200164,-1,1,31950,26950,11,3,8,6,2.0438344478607178,1.5904788970947266,4,2,1,0.75,0.5,0.25,0.5,0.25,0.0,0.5,0.5,0.6,0.4,137,58,0.10948905109489052,0.06896551724137931,5,0,4,4,3,4,1,0,0.4444444444444444,0.0,5,3,0,0,0,1,0,5000
fae1d55d-cc37-4b36-a841-4b9fcb8cf432,13,217818,213753,1,30150,22750,4,4,4,4,2.5492095947265625,1.2077598571777344,5,3,1,0.2,0.6666666666666666,0.2,0.3333333333333333,0.0,0.0,0.4,0.3333333333333333,0.8,0.4,112,76,0.13392857142857142,0.10526315789473684,4,0,4,4,5,5,0,0,0.0,0.0,4,5,1,0,0,0,0,7400
fae1d55d-cc37-4b36-a841-4b9fcb8cf432,14,239980,239838,0,31050,23650,5,7,7,5,2.254852533340454,1.945520043373108,1,5,1,0.0,0.6,0.0,0.2,0.0,0.2,0.0,0.2,0.2,0.8,65,79,0.13846153846153847,0.17721518987341772,4,0,4,4,7,5,0,0,0.0,0.0,4,3,0,0,0,0,1,7400
fae1d55d-cc37-4b36-a841-4b9fcb8cf432,15,260949,257407,0,24950,25800,3,9,8,4,1.797151803970337,0.36960047483444214,4,5,1,0.5,0.2,0.0,0.4,0.0,0.2,0.0,0.4,0.6,0.6,122,145,0.13934426229508196,0.11724137931034483,3,0,2,3,7,6,1,0,0.0,0.0,2,5,0,0,0,0,1,-850
fae1d55d-cc37-4b36-a841-4b9fcb8cf432,16,297927,294903,0,4300,4350,0,0,0,0,0.0,0.0,3,5,0,0.6666666666666666,0.6,0.0,0.2,0.0,0.0,0.3333333333333333,0.2,0.2,0.6,16,43,0.5,0.27906976744186046,0,0,0,0,0,1,0,1,0.0,0.0,0,0,0,0,0,0,1,-50
fae1d55d-cc37-4b36-a841-4b9fcb8cf432,17,317350,312100,0,9850,19400,0,1,1,0,0.7111746072769165,0.0,0,2,0,0.0,1.0,0.0,0.0,0.0,0.0,0.0,0.5,0.6,1.0,13,116,0.07692307692307693,0.09482758620689655,2,0,0,4,3,5,4,0,0.0,0.25,0,4,0,0,1,0,0,-9550
fae1d55d-cc37-4b36-a841-4b9fcb8cf432,18,335158,331638,0,7050,20500,2,6,3,5,2.5012691020965576,1.2866456508636475,3,5,1,0.6666666666666666,0.4,0.0,0.2,0.0,0.2,0.6666666666666666,0.2,0.4,0.6,46,219,0.2826086956521739,0.0867579908675799,0,0,1,1,4,4,5,0,0.0,0.16666666666666666,0,5,0,0,0,0,1,-13450
fae1d55d-cc37-4b36-a841-4b9fcb8cf432,19,352017,352080,0,27550,24600,1,0,0,1,0.0,4.8409342765808105,1,5,0,1.0,0.6,0.0,0.0,0.0,0.0,0.0,0.2,0.2,0.8,13,143,0.15384615384615385,0.08391608391608392,1,0,2,3,2,4,5,0,0.0,0.3125,3,5,0,0,0,0,1,2950
fae1d55d-cc37-4b36-a841-4b9fcb8cf432,20,368085,-1,1,19400,25500,2,6,3,5,3.778289794921875,2.5317511558532715,5,2,1,0.2,0.5,0.2,0.5,0.0,0.5,0.0,0.5,0.6,0.4,117,133,0.1794871794871795,0.06766917293233082,1,0,3,5,3,2,4,0,0.0,0.25,2,3,0,1,0,0,0,-6100
fae1d55d-cc37-4b36-a841-4b9fcb8cf432,21,381786,-1,1,24700,25300,4,7,4,7,1.4133689403533936,1.7493762969970703,5,2,1,0.4,0.5,0.2,0.0,0.2,0.0,0.0,0.0,0.6,0.4,119,107,0.14285714285714285,0.07476635514018691,4,0,3,4,5,3,2,0,0.0,0.0,4,4,0,1,0,0,0,-600
fae1d55d-cc37-4b36-a841-4b9fcb8cf432,22,394583,-1,1,28800,3700,0,11,4,7,3.2574400901794434,0.6689753532409668,5,1,1,0.4,1.0,0.0,1.0,0.2,1.0,0.4,0.0,0.8,0.2,74,24,0.17567567567567569,0.20833333333333334,5,0,0,1,2,1,0,0,0.0,0.0,3,0,0,1,0,0,0,25100
fae1d55d-cc37-4b36-a841-4b9fcb8cf432,23,412503,-1,1,31250,26150,6,13,13,6,2.8166356086730957,3.1612424850463867,3,2,1,0.3333333333333333,0.0,0.0,0.5,0.0,0.0,0.0,0.5,0.6,0.4,73,132,0.0958904109589041,0.030303030303030304,5,0,4,5,6,4,1,0,0.0,0.0,5,4,0,0,0,1,0,5100
fae1d55d-cc37-4b36-a841-4b9fcb8cf432,24,425243,-1,1,31300,18650,4,0,2,2,0.5449939966201782,3.0631306171417236,5,1,1,0.2,1.0,0.2,1.0,0.2,0.0,0.2,0.0,0.8,0.2,65,57,0.2923076923076923,0.08771929824561403,2,0,4,4,0,3,0,0,0.0,0.0,4,1,0,1,0,0,0,12650
fae1d55d-cc37-4b36-a841-4b9fcb8cf432,25,438962,-1,1,31750,6400,6,0,4,2,0.5673129558563232,0.865338921546936,5,3,0,0.2,1.0,0.2,0.0,0.0,0.0,0.2,0.0,0.4,0.4,61,17,0.2786885245901639,0.23529411764705882,4,0,3,2,0,2,0,0,0.0,0.0,4,0,0,1,0,0,0,25350
fae1d55d-cc37-4b36-a841-4b9fcb8cf432,26,457528,453651,0,32550,27350,11,7,7,11,2.754093885421753,2.0395047664642334,3,5,0,0.0,0.2,0.3333333333333333,0.0,0.0,0.0,0.0,0.0,0.4,0.4,61,78,0.11475409836065574,0.10256410256410256,4,0,5,3,5,6,3,0,0.0,0.1111111111111111,5,4,0,0,0,0,1,5200
564caade-5ad3-4cc4-a237-782b4dcf75a3,1,8809,5398,1,4250,4750,0,9,2,7,1.0697909593582153,0.8563997149467468,5,3,1,0.6,0.6666666666666666,0.2,0.0,0.0,0.0,0.2,0.3333333333333333,0.6,0.6,62,67,0.22580645161290322,0.1791044776119403,0,0,0,1,2,1,0,0,0.0,0.0,0,1,1,0,0,0,0,-500
564caade-5ad3-4cc4-a237-782b4dcf75a3,2,26340,26956,0,22100,10300,0,0,0,0,0.0,0.0,4,5,1,0.5,0.8,0.0,0.4,0.0,0.0,0.25,0.4,0.6,0.6,57,67,0.19298245614035087,0.19402985074626866,1,0,0,3,0,3,1,0,0.0,0.0,0,0,0,0,0,0,1,11800
564caade-5ad3-4cc4-a237-782b4dcf75a3,3,46695,41444,0,7250,22550,5,8,6,7,2.267270088195801,0.940883219242096,1,2,1,1.0,1.0,0.0,0.0,0.0,0.5,0.0,0.5,0.6,0.8,38,105,0.13157894736842105,0.09523809523809523,1,0,1,2,3,5,0,0,0.0,0.0,0,3,0,0,1,0,0,-15300
564caade-5ad3-4cc4-a237-782b4dcf75a3,4,57295,55920,0,8350,25850,0,5,3,2,4.060080528259277,1.9027509689331055,2,5,0,0.5,1.0,0.0,0.0,0.0,0.0,0.0,0.4,0.2,0.6,53,103,0.16981132075471697,0.08737864077669903,0,0,0,1,4,4,2,0,0.0,0.38461538461538464,0,3,0,0,0,0,1,-17500
564caade-5ad3-4cc4-a237-782b4dcf75a3,5,70215,67023,1,24200,27250,2,22,14,10,2.3618061542510986,1.1899011135101318,5,1,1,0.6,1.0,0.0,1.0,0.0,0.0,0.2,0.0,0.8,0.2,61,41,0.18032786885245902,0.07317073170731707,2,0,2,4,7,3,0,0,0.1,0.5,2,2,1,0,0,0,0,-3050
564caade-5ad3-4cc4-a237-782b4dcf75a3,6,88135,-1,1,30450,22450,6,9,8,7,1.4678008556365967,1.6901482343673706,4,1,0,0.5,0.0,0.0,0.0,0.25,1.0,0.0,0.0,0.8,0.2,68,19,0.17647058823529413,0.10526315789473684,2,0,4,4,5,3,0,0,0.07692307692307693,0.0,3,2,0,0,0,1,0,8000
564caade-5ad3-4cc4-a237-782b4dcf75a3,7,103270,-1,1,29850,9150,4,18,8,14,1.0488834381103516,1.3732389211654663,5,0,1,0.4,0.0,0.0,0.0,0.4,0.0,0.0,0.0,1.0,0.0,72,18,0.18055555555555555,0.16666666666666666,5,0,3,5,5,3,0,0,0.11764705882352941,0.0,4,1,0,1,0,0,0,20700
564caade-5ad3-4cc4-a237-782b4dcf75a3,8,114792,-1,1,30350,7000,7,16,8,15,1.8439726829528809,1.4216710329055786,5,2,1,0.0,0.0,0.2,1.0,0.2,0.5,0.4,0.0,0.6,0.4,123,46,0.12195121951219512,0.10869565217391304,3,0,3,4,6,5,0,0,0.21428571428571427,0.0,4,1,0,1,0,0,0,23350
564caade-5ad3-4cc4-a237-782b4dcf75a3,9,122327,-1,1,30400,26100,10,9,10,9,2.158374309539795,2.864091396331787,5,1,1,0.4,0.0,0.2,0.0,0.2,0.0,0.0,0.0,0.8,0.2,61,36,0.22950819672131148,0.19444444444444445,1,0,4,2,5,1,0,0,0.0,0.0,2,1,0,1,0,0,0,4300
564caade-5ad3-4cc4-a237-782b4dcf75a3,10,134982,-1,1,30850,3200,13,7,12,8,1.321536898612976,2.4646799564361572,5,1,1,0.2,1.0,0.2,1.0,0.0,0.0,0.4,0.0,0.8,0.2,95,28,0.11578947368421053,0.10714285714285714,4,0,4,3,3,3,0,0,0.2,0.5714285714285714,4,1,0,1,0,0,0,27650
564caade-5ad3-4cc4-a237-782b4dcf75a3,11,152902,-1,1,31450,26850,4,8,8,4,2.181462049484253,0.9588161706924438,3,1,1,0.6666666666666666,0.0,0.0,0.0,0.0,0.0,0.0,0.0,0.8,0.4,91,19,0.06593406593406594,0.15789473684210525,5,0,4,5,3,5,1,0,0.21052631578947367,0.0,5,1,0,0,0,1,0,4600
564caade-5ad3-4cc4-a237-782b4dcf75a3,12,170843,165593,0,31250,22750,3,3,1,5,0.5907005071640015,1.872847318649292,2,4,0,1.0,0.75,0.5,0.5,0.0,0.0,0.0,0.0,0.4,0.6,38,38,0.21052631578947367,0.13157894736842105,5,0,2,4,3,4,0,0,0.4375,0.0,5,2,0,0,1,0,0,8500
564caade-5ad3-4cc4-a237-782b4dcf75a3,13,190798,185547,0,31550,25950,6,10,11,5,2.4804577827453613,1.8218278884887695,1,4,1,0.0,0.75,0.0,0.25,0.0,0.0,0.0,0.0,0.2,0.8,42,87,0.19047619047619047,0.16091954022988506,4,0,2,4,8,4,0,0,0.0,0.0,4,3,0,0,1,0,0,5600
564caade-5ad3-4cc4-a237-782b4dcf75a3,14,202078,-1,1,31150,26950,14,20,14,20,1.6720960140228271,2.655550241470337,5,1,1,0.4,0.0,0.0,1.0,0.4,1.0,0.4,1.0,0.8,0.2,60,41,0.2,0.17073170731707318,3,0,6,4,7,3,1,0,0.17647058823529413,0.0,4,4,0,1,0,0,0,4200
564caade-5ad3-4cc4-a237-782b4dcf75a3,15,216849,-1,1,33700,24450,7,17,6,18,2.394523859024048,1.5560431480407715,5,2,1,0.0,0.0,0.2,0.5,0.0,0.5,0.2,0.0,0.6,0.4,35,58,0.17142857142857143,0.15517241379310345,5,0,5,5,9,2,0,0,0.16666666666666666,0.0,3,3,0,1,0,0,0,9250
564caade-5ad3-4cc4-a237-782b4dcf75a3,16,232071,229281,0,4450,4300,2,2,4,0,2.7312967777252197,0.0,3,5,0,1.0,1.0,0.0,0.4,0.0,0.0,0.0,0.0,0.6,0.6,45,63,0.2,0.20634920634920634,2,0,1,0,1,2,0,0,0.0,0.0,0,1,0,0,0,0,1,150
564caade-5ad3-4cc4-a237-782b4dcf75a3,17,245958,-1,1,10450,15250,7,9,13,3,2.454878807067871,0.7732346653938293,5,2,0,0.4,0.0,0.4,0.0,0.0,0.0,0.2,0.5,0.6,0.4,47,86,0.2978723404255319,0.19767441860465115,3,0,3,3,5,1,0,0,0.2,0.0,1,1,0,1,0,0,0,-4800
564caade-5ad3-4cc4-a237-782b4dcf75a3,18,261988,258341,1,25550,9000,7,0,5,2,0.9344868659973145,0.6833893060684204,5,2,1,0.4,1.0,0.0,0.0,0.0,0.0,0.4,0.0,0.6,0.4,85,47,0.16470588235294117,0.14893617021276595,3,0,5,3,0,1,0,1,0.0,0.0,3,0,1,0,0,0,0,16550
564caade-5ad3-4cc4-a237-782b4dcf75a3,19,275227,271752,0,26250,16450,7,8,7,8,2.060218095779419,2.314974069595337,4,5,0,0.75,0.6,0.25,0.6,0.25,0.0,0.5,0.4,0.6,0.6,81,60,0.13580246913580246,0.3333333333333333,3,0,2,3,4,4,0,0,0.08333333333333333,0.0,4,1,0,0,0,0,1,9800
564caade-5ad3-4cc4-a237-782b4dcf75a3,20,293147,-1,1,17800,20550,1,4,2,3,1.7081717252731323,0.8918783664703369,5,0,1,0.6,0.0,0.0,0.0,0.0,0.0,0.4,0.0,1.0,0.0,59,31,0.1864406779661017,0.12903225806451613,2,0,2,4,3,3,0,0,0.5555555555555556,0.0,1,1,0,0,0,1,0,-2750
564caade-5ad3-4cc4-a237-782b4dcf75a3,21,302912,-1,1,26950,6850,3,0,2,1,3.616330862045288,3.598830223083496,5,1,0,0.6,0.0,0.0,0.0,0.2,0.0,0.0,1.0,0.8,0.2,80,26,0.1375,0.34615384615384615,3,0,3,2,0,2,0,0,0.36363636363636365,0.0,3,0,0,1,0,0,0,20100
564caade-5ad3-4cc4-a237-782b4dcf75a3,22,320832,-1,1,29800,1300,0,4,2,2,3.6915879249572754,0.584994375705719,5,1,1,0.2,0.0,0.0,0.0,0.0,0.0,0.2,0.0,0.8,0.2,53,20,0.1509433962264151,0.35,5,0,1,2,1,0,0,0,0.0,0.0,2,0,0,0,0,1,0,28500
564caade-5ad3-4cc4-a237-782b4dcf75a3,23,341092,335842,0,31050,20950,20,2,14,8,1.6390244960784912,2.3261332511901855,4,4,0,0.25,0.75,0.25,0.5,0.0,0.0,0.25,0.5,0.8,0.6,112,93,0.07142857142857142,0.11827956989247312,4,0,7,4,2,5,0,1,0.35,0.0,5,2,0,0,1,0,0,10100
564caade-5ad3-4cc4-a237-782b4dcf75a3,24,361793,356544,0,27700,23400,4,6,4,6,2.0499107837677,2.1234562397003174,1,2,1,1.0,0.5,0.0,0.0,0.0,0.0,0.0,0.0,0.6,0.8,74,71,0.08108108108108109,0.18309859154929578,3,0,4,4,6,4,0,1,0.21428571428571427,0.3333333333333333,3,1,0,0,1,0,0,4300
564caade-5ad3-4cc4-a237-782b4dcf75a3,25,379418,379273,0,27600,26550,14,4,9,9,1.4297173023223877,2.28547739982605,4,5,0,0.25,0.2,0.25,0.6,0.0,0.0,0.5,0.0,0.6,0.8,49,43,0.16326530612244897,0.2558139534883721,2,0,5,1,2,4,0,0,0.4,0.0,2,2,0,0,0,0,1,1050
564caade-5ad3-4cc4-a237-782b4dcf75a3,26,396481,393910,0,13800,27150,4,13,5,12,2.427915573120117,1.3947209119796753,3,5,0,1.0,0.6,0.3333333333333333,0.0,0.3333333333333333,0.0,0.0,0.2,0.4,0.8,41,76,0.14634146341463414,0.18421052631578946,1,0,2,2,8,5,1,0,0.0,0.0,1,4,0,0,0,0,1,-13350
816e1612-9d2e-4893-af23-bda90c479598,1,13403,-1,1,4550,4350,6,7,10,3,2.0304534435272217,0.6845777630805969,5,2,1,1.0,0.5,0.0,0.5,0.0,0.0,0.0,0.0,0.6,0.4,56,62,0.21428571428571427,0.12903225806451613,1,0,3,1,2,2,0,0,0.0,0.0,0,1,0,1,0,0,0,200
816e1612-9d2e-4893-af23-bda90c479598,2,30882,-1,1,18700,2700,5,3,5,3,2.7013585567474365,0.5888699889183044,5,2,1,0.4,0.0,0.4,0.5,0.2,0.5,0.0,0.5,0.8,0.4,73,34,0.2465753424657534,0.35294117647058826,2,0,3,4,1,0,0,0,0.0,0.0,2,0,0,1,0,0,0,16000
816e1612-9d2e-4893-af23-bda90c479598,3,40558,-1,1,20850,20050,15,5,9,11,1.5518429279327393,2.0874969959259033,5,1,1,0.8,1.0,0.2,1.0,0.4,0.0,0.2,1.0,0.8,0.2,57,30,0.17543859649122806,0.2,3,0,6,5,2,1,0,0,0.25,0.0,2,1,0,1,0,0,0,800
816e1612-9d2e-4893-af23-bda90c479598,4,53380,-1,1,26600,5950,3,7,6,4,2.079137086868286,1.7110249996185303,5,2,1,0.6,1.0,0.2,0.5,0.0,0.5,0.2,0.0,0.6,0.2,53,39,0.2641509433962264,0.10256410256410256,2,0,2,2,4,2,0,0,0.0,0.0,3,0,0,1,0,0,0,20650
816e1612-9d2e-4893-af23-bda90c479598,5,71300,-1,1,30450,26450,13,9,16,6,1.3971081972122192,2.5321531295776367,4,3,0,0.0,0.6666666666666666,0.0,0.6666666666666666,0.25,0.0,0.0,0.3333333333333333,0.6,0.4,108,97,0.14814814814814814,0.061855670103092786,4,0,5,5,6,2,3,0,0.2777777777777778,0.0,4,2,0,0,0,1,0,4000
816e1612-9d2e-4893-af23-bda90c479598,6,93042,91289,1,26900,14800,7,2,7,2,2.0387117862701416,2.353278636932373,5,2,1,0.4,1.0,0.0,0.0,0.0,0.0,0.2,0.0,0.8,0.2,59,16,0.2711864406779661,0.125,3,0,5,3,2,3,0,0,0.5,0.0,3,1,1,0,0,0,0,12100
816e1612-9d2e-4893-af23-bda90c479598,7,107263,-1,1,33200,25900,9,11,16,4,2.1931190490722656,1.3514161109924316,5,1,1,0.4,0.0,0.2,0.0,0.0,0.0,0.0,0.0,0.8,0.2,79,26,0.10126582278481013,0.038461538461538464,3,0,5,4,4,3,0,0,0.0,0.0,5,2,0,1,0,0,0,7300
816e1612-9d2e-4893-af23-bda90c479598,8,128646,-1,1,32900,22300,11,16,18,9,1.524200439453125,2.9161245822906494,5,3,0,0.6,0.0,0.0,0.0,0.2,0.3333333333333333,0.6,0.0,0.6,0.4,59,103,0.1864406779661017,0.0970873786407767,2,0,3,3,6,3,1,0,0.08333333333333333,0.0,4,1,0,1,0,0,0,10600
816e1612-9d2e-4893-af23-bda90c479598,9,135769,-1,1,33000,5150,1,21,8,14,2.0721635818481445,1.833779215812683,5,0,1,0.2,0.0,0.0,0.0,0.6,0.0,0.2,0.0,1.0,0.0,29,17,0.3103448275862069,0.0,3,0,2,3,6,2,0,0,0.18181818181818182,0.0,3,0,0,1,0,0,0,27850
816e1612-9d2e-4893-af23-bda90c479598,10,151499,-1,1,33300,26150,11,21,16,16,2.0399062633514404,1.4321916103363037,5,2,0,0.0,1.0,0.0,0.0,0.2,0.5,1.0,0.0,0.8,0.2,80,75,0.125,0.08,5,0,4,5,7,5,0,0,0.42105263157894735,0.0,5,4,0,1,0,0,0,7150
816e1612-9d2e-4893-af23-bda90c479598,11,160395,-1,1,33700,7050,3,11,5,9,2.9094810485839844,1.4775216579437256,5,0,1,0.8,0.0,0.0,0.0,0.0,0.0,0.2,0.0,1.0,0.0,62,32,0.1774193548387097,0.125,3,0,2,1,5,3,0,0,0.3333333333333333,0.0,3,1,0,1,0,0,0,26650
816e1612-9d2e-4893-af23-bda90c479598,12,174128,-1,1,34400,24450,3,14,10,7,2.1272943019866943,1.76458740234375,5,3,0,0.4,0.0,0.2,0.6666666666666666,0.2,0.0,0.0,0.0,0.6,0.4,59,75,0.0847457627118644,0.09333333333333334,5,0,3,5,7,4,1,0,0.23529411764705882,0.07142857142857142,4,2,0,1,0,0,0,9950
816e1612-9d2e-4893-af23-bda90c479598,13,183596,-1,1,34000,17000,10,31,19,22,1.7187074422836304,1.1722791194915771,5,1,1,0.6,0.0,0.2,1.0,0.6,0.0,0.2,1.0,0.8,0.2,49,65,0.22448979591836735,0.06153846153846154,2,0,3,2,7,3,1,0,0.25,0.0,5,3,0,1,0,0,0,17000
816e1612-9d2e-4893-af23-bda90c479598,14,197648,-1,1,34000,8150,4,4,6,2,1.4760860204696655,0.47342848777770996,5,1,1,0.0,1.0,0.2,0.0,0.0,0.0,0.8,0.0,0.8,0.2,97,22,0.1134020618556701,0.09090909090909091,5,0,2,5,2,3,0,0,0.25,0.0,4,0,0,1,0,0,0,25850
816e1612-9d2e-4893-af23-bda90c479598,15,208908,-1,1,34200,26100,6,7,5,8,3.2701008319854736,2.0784029960632324,5,1,1,0.0,1.0,0.2,1.0,0.0,0.0,0.4,0.0,0.8,0.2,29,46,0.4482758620689655,0.10869565217391304,1,0,3,2,5,2,0,1,0.0,0.0,1,0,0,1,0,0,0,8100
816e1612-9d2e-4893-af23-bda90c479598,16,254837,250353,1,4350,4200,4,2,4,2,1.6571356058120728,1.7763370275497437,5,4,1,0.6,0.75,0.2,0.0,0.0,0.0,0.4,0.0,0.8,0.2,100,120,0.18,0.14166666666666666,0,0,2,1,1,1,0,0,0.0,0.0,0,0,1,0,0,0,0,150
816e1612-9d2e-4893-af23-bda90c479598,17,270761,-1,0,18000,15900,0,3,2,1,0.8050851821899414,0.5154354572296143,4,5,1,0.25,0.6,0.25,0.0,0.0,0.0,0.25,0.4,0.4,0.6,108,61,0.19444444444444445,0.2459016393442623,2,0,2,3,2,2,1,0,0.0,0.0,0,0,0,0,0,0,1,2100
